url,barkod,urun_adi,miktar,ambalaj,markalar,kategoriler,etiketler,mensei,uretim_yerleri,satildigi_ulkeler,icerik_metni,alerjenler,eser_miktarlar,icerik_sayisi,nutriscore_notu,nova_grubu,yesil_skor_notu,palmiye_yagi_icermez,vejetaryen,vegan_durumu,yag_seviyesi,doymus_yag_seviyesi,seker_seviyesi,tuz_seviyesi,enerji_kj,enerji_kcal,yag_g,doymus_yag_g,karbonhidrat_g,seker_g,lif_g,protein_g,tuz_g,sodyum_g,alkol_yuzde,meyve_sebze_baklagil_yuzde,nutriscore_puan,ns_negatif_puan,ns_pozitif_puan,ns_enerji_puan,ns_seker_puan,ns_doymus_yag_puan,ns_tuz_puan,ns_protein_puan,ns_lif_puan,ns_meyve_sebze_baklagil_puan
https://world.openfoodfacts.org/product/6111266962187/lait-jaouda,6111266962187,Lait – Jaouda – 450 ml,450 ml,,Jaouda,"Dairies, ,, Meals, ,, Milks (liquid and powder), ,, Milks, ,, Semi-skimmed milks",,,,"France, ,, Morocco, ,, Netherlands, ,, United States",fresh pasteurised semi-skimmed milk with 15g/l of fat,Milk,,2,B,3,D,,,no,low,low,low,low,188.0,45.0,1.5,1.0,4.9,0.0,,3.1,0.225,0.09,,,-3,4,7,3,0,0,1,7,0,0
https://world.openfoodfacts.org/product/6111242101180/uht-jaouda-1l,6111242101180,uht jaouda 1L – 1L,1L,"Multilayer-composite, ,, Tetra Pak",Jaouda,"Dairies, ,, Milks (liquid and powder), ,, Milks, ,, Homogenized milks, ,, Pasteurised products, ,, UHT Milks, ,, Whole milks, ,, Cow milks, ,, Whole milk UHT",No gluten,,,"Democratic Republic of the Congo, ,, Mauritania, ,, Morocco, ,, United States",whole milk,Milk,Nuts,1,B,1,D,True,True,no,moderate,low,low,low,242.0,58.0,3.0,0.0,4.8,0.0,,3.0,0.0,0.0,0.0,,-1,5,6,5,0,0,0,6,0,0
https://world.openfoodfacts.org/product/6111032009665/salim,6111032009665,Salim – 470 ml,470 ml,,Salim,"Dairies, ,, Milks (liquid and powder), ,, Milks, ,, Semi-skimmed milks, ,, Fresh milks",No gluten,,,"France, ,, Morocco, ,, United States",French: lait partiellement écrémé,Milk,,1,B,1,D,True,True,no,low,low,low,low,188.0,45.0,1.5,1.0,4.8,0.0,,3.0,0.0,0.0,,,-3,3,6,3,0,0,0,6,0,0
https://world.openfoodfacts.org/product/6111242100206/yaourt-nature-jaouda,6111242100206,Yaourt nature – Jaouda – 110 g,110 g,,Jaouda,"Dairies, ,, Fermented foods, ,, Fermented milk products, ,, Desserts, ,, Dairy desserts, ,, Fermented dairy desserts, ,, Yogurts, ,, Plain fermented dairy desserts, ,, Plain yogurts",,,Maroc,"France, ,, Morocco, ,, United States","whole fresh milk, skimmed milk powder, starch, selected lactic ferment",Milk,Milk,4,B,3,B,True,True,no,moderate,moderate,low,low,330.0,78.0,3.3,2.4,8.0,0.0,0.0,4.2,0.0,0.0,,0.0,1,2,1,0,0,2,0,1,0,0
https://world.openfoodfacts.org/product/6111252421582/%D8%A7%D9%83%D9%88%D8%A7%D9%81%D9%8A%D9%86%D8%A7-pepsi,6111252421582,"اكوافينا – pepsi – 1,5l","1,5l",,pepsi,"Beverages and beverages preparations, ,, Beverages, ,, Waters, ,, Table waters",,,,"Morocco, ,, United States",Aqua,,,1,B,1,,True,True,yes,low,low,low,low,0.0,0.0,0.0,0.0,0.0,0.0,,0.0,0.0,0.0,,,0,0,0,0,0,0,0,0,0,0
https://world.openfoodfacts.org/product/3168930010265/cruesli-mixed-nuts-quaker,3168930010265,Cruesli - Mixed Nuts – Quaker – 450 g,450 g,"Bag, ,, Box",Quaker,"Plant-based foods and beverages, ,, Plant-based foods, ,, Breakfasts, ,, Cereals and potatoes, ,, Cereals and their products, ,, Breakfast cereals, ,, Mueslis, ,, Cereals with nuts, ,, Crunchy cereal clusters, ,, Cereal clusters with nuts","No artificial flavors, ,, No preservatives, ,, Green Dot, ,, No colorings, ,, No palm oil, ,, Nutriscore, ,, Nutriscore Grade A, ,, Triman",,,"Belgium, ,, France, ,, French Polynesia, ,, Germany, ,, Guadeloupe, ,, Italy, ,, Luxembourg, ,, Martinique, ,, Netherlands, ,, Réunion, ,, Slovenia, ,, Spain, ,, Switzerland, ,, United Kingdom","whole oats 32%, whole wheat 18%, glucose syrup, sunflower oil, sugar, toasted almonds 4, 2%, hazelnuts 4%, oligofructose, pecans 1, 5%, wheat flour , rice flour, brazil nuts 1%, honey, natural flavours, antioxidant tocopherol, may contain traces of milk , soy and sesame .","Gluten, Nuts, fr:avoine","Milk, Sesame seeds, Soybeans",16,B,4,B,True,,no,moderate,moderate,moderate,low,1913.0,462.0,19.0,2.0,57.0,12.0,10.0,8.5,0.0,0.0,,,1,9,8,5,3,1,0,3,5,0
https://world.openfoodfacts.org/product/3760020507350/pure-peanut-butter-jardin-bio-etic,3760020507350,Pure Peanut butter – Jardin Bio étic – 350 g,350 g,"Metal, ,, Glass, ,, Jar, ,, Lid",Jardin Bio étic,"Plant-based foods and beverages, ,, Plant-based foods, ,, Legumes and their products, ,, Breakfasts, ,, Spreads, ,, Nuts and their products, ,, Plant-based spreads, ,, Sweet spreads, ,, Oilseed purees, ,, Legume butters, ,, fr:Pâtes à tartiner, ,, Nut butters, ,, Peanut butters","Low or no salt, ,, Organic, ,, Vegetarian, ,, Certified by Ecocert, ,, EU Organic, ,, Non-EU Agriculture, ,, Vegan, ,, 1% for the planet, ,, European Vegetarian Union, ,, European Vegetarian Union Vegan, ,, FR-BIO-01, ,, Green Dot, ,, NL-BIO-01, ,, No added salt, ,, No added sugar, ,, No palm oil, ,, Nutriscore, ,, Nutriscore Grade B, ,, The Vegan Society, ,, AB Agriculture Biologique, ,, Triman",Non UE,Pays-Bas,"Belgium, ,, France, ,, Guadeloupe, ,, Morocco, ,, Réunion, ,, Spain, ,, Switzerland",peanut puree,Peanuts,"Nuts, Sesame seeds",1,B,1,B,True,True,yes,high,high,moderate,low,2591.0,625.0,50.0,9.7,12.0,0.0,5.5,29.0,0.0,0.0,,,-5,5,10,,1,,0,7,3,0
https://world.openfoodfacts.org/product/3228857002344/pain-de-mie-american-sandwich-complet-sans-sucres-ajoutes-600g-harrys,3228857002344,Pain de mie american sandwich complet sans sucres ajoutés 600g – Harrys – 600 g,600 g,,Harrys,"Plant-based foods and beverages, ,, Plant-based foods, ,, Cereals and potatoes, ,, Cereals and their products, ,, Breads, ,, Sliced breads, ,, Wholemeal breads, ,, Wholemeal sliced breads","Vegetarian, ,, Source of fibre, ,, High fibres, ,, No added sugar, ,, Nutriscore, ,, Nutriscore Grade A",,,France,"French: Farine complète de BLÉ 39,3%, eau, farine de BLÉ 26,7%, huile de colza, fibre de chicorée, arôme (contient alcool), sel, vinaigre, farine de SEIGLE maltée, levure, gluten de BLÉ , levure désactivée, extrait d'acérola. Peut contenir des traces d' OEUFS , SOJA , LAIT , FRUITS À COQUE et GRAINES DE SÉSAME .",Gluten,"Eggs, Milk, Nuts, Sesame seeds, Soybeans",13,B,4,A,True,True,maybe,moderate,low,low,moderate,1178.0,280.0,6.8,0.5,43.0,3.6,8.1,7.7,1.1,0.44,,0.919628906249997,1,9,8,3,1,0,5,3,5,0
https://world.openfoodfacts.org/product/5411188112709/nutty-almond-drink-alpro,5411188112709,Nutty Almond Drink – alpro – 1 l,1 l,"Composite material, ,, Tetra Pak, ,, Tetra Brik, ,, Tetra Brik Aseptic, ,, Kunststoff, ,, Packung, ,, Verbundstoff, ,, Ziegel, ,, Composite-carton",Alpro,"Beverages and beverages preparations, ,, Plant-based foods and beverages, ,, Beverages, ,, Plant-based foods, ,, Dairy substitutes, ,, Milk substitutes, ,, Nuts and their products, ,, Plant-based beverages, ,, Plant-based milk alternatives, ,, Nut-based drinks, ,, Almond-based drinks","Low or no fat, ,, Low or no sugar, ,, Vegetarian, ,, Low fat, ,, No gluten, ,, No milk, ,, No preservatives, ,, Vegan, ,, Calcium source, ,, Certified B Corporation, ,, European Vegetarian Union, ,, European Vegetarian Union Vegan, ,, FSC, ,, FSC Mix, ,, Low saturated fat, ,, No colorings, ,, No dyes or preservatives, ,, No sugar, ,, Nutriscore, ,, Nutriscore Grade B, ,, Plant based, ,, The Vegan Society, ,, Without sweeteners, ,, Triman",,,"Albania, ,, Austria, ,, Belgium, ,, Bulgaria, ,, Croatia, ,, Cyprus, ,, Estonia, ,, Finland, ,, France, ,, Germany, ,, Greece, ,, Hungary, ,, Ireland, ,, Israel, ,, Latvia, ,, Luxembourg, ,, Morocco, ,, Netherlands, ,, Norway, ,, Poland, ,, Portugal, ,, Réunion, ,, Romania, ,, Spain, ,, Sweden, ,, Switzerland, ,, United Kingdom","water, almond (2,3%), sugar, calcium (tri - calcium phosphate), sea salt, stabilisers (locust bean gum, gellan gum), emulsifier (lecithins), natural flavouring, vitamins (b2, b12, e, d2)",Nuts,de:schalenfrüchte-keine-erdnüsse,15,B,4,B,True,True,yes,low,low,low,moderate,61.0,15.0,1.1,0.1,0.0,0.0,0.3,0.5,0.15,0.06,,0.0,1,1,0,1,0,0,0,0,0,0
https://world.openfoodfacts.org/product/3029330022428/pain-de-mie-complet-jacquet,3029330022428,Pain de mie complet – Jacquet – 550 g,550 g,"Plastic, ,, Bag, ,, Clip en plastique, ,, Enveloppe",Jacquet,"Plant-based foods and beverages, ,, Plant-based foods, ,, Cereals and potatoes, ,, Cereals and their products, ,, Breads, ,, Sliced breads, ,, Wholemeal breads, ,, Wholemeal sliced breads","Low or no sugar, ,, Vegetarian, ,, Vegan, ,, No added sugar, ,, No additives, ,, No palm oil, ,, Nutriscore, ,, Nutriscore Grade A, ,, fr:Blé français, ,, fr:Farine de blé français, ,, fr:Origine France, ,, Triman, ,, Sachet-recyclable",Exploitations principalement basées en Auvergne,"France, ,, Auvergne","France, ,, Switzerland","Ingrédients: Farine complète de blé (63%), eau, farine de blé (2,2%), huile de colza, levure, arôme naturel (contient alcool), sel, farine de maïs fermentée, gluten de blé, jus d'acérola en poudre. Présence possible de: Lait, œufs, graines de sésame.",Gluten,"Eggs, Milk, Sesame seeds",16,B,4,A,False,True,yes,low,low,low,moderate,1020.0,246.0,2.8,0.3,42.0,0.0,6.6,8.8,1.2,0.48,,0.0,2,9,7,3,1,0,5,3,4,0
https://world.openfoodfacts.org/product/6111242100817/le-lait-demi-ecreme-jaouda,6111242100817,Le Lait demi écrémé – Jaouda – 500 ml,500 ml,,Jaouda,"Dairies, ,, Milks (liquid and powder), ,, Milks, ,, Homogenized milks, ,, Pasteurised products, ,, Semi-skimmed milks, ,, UHT Milks, ,, Cow milks","No gluten, ,, Organic, ,, Catalan Council of Organic Production",,,"France, ,, Morocco, ,, United States","Arabic: جودة حليب طبيعي نصف الدسم معقم يحتوي على 15 ال من المواد الدهنية المكونات حليب نصف الدسم حليب من مزرعة جودة حليب UHT جودة خالص لا يحتوي على مواد حافظة. يتم الإحتفاظ به 6 أشهر خارج الثلاجة لأنه : يخضع لمعالجة حرارية UHT (درجة حرارة جد مرتفعة) و التي تقضي على الكائنات المجهرية. يعبأ في علبة معقمة مكونة من 6 طبقات تحميه من كل تلوث خارجي. Le lait UHT Jaouda ne contient pas de conservateurs. Si le lait UHT se conserve à température ambiante pendagt 6 mois, c'est parce que: - 1l subit un traitement thermique UHT (Ultra Haute Température) qui détruit tous les micro-organismes. - Il est conditionné dans un emballage aseptique de ó couches le protégeant de toute contamination extérieure.",,,13,B,,D,False,True,yes,low,low,low,low,189.0,45.0,1.5,1.0,4.9,0.0,,3.1,0.0,0.0,,,-4,3,7,3,0,0,0,7,0,0
https://world.openfoodfacts.org/product/3175681851849/pomme-noisette-gerble,3175681851849,Pomme Noisette – Gerblé – 230 g,230 g,fr:R PENSEZ AU TRI ! FILM PLASTIQUE ETUI CARTON À JETER O A RECYCLER,Gerblé,"Snacks, ,, Sweet snacks, ,, Biscuits and cakes, ,, Biscuits and crackers, ,, Biscuits, ,, Dry biscuits","Low or no sugar, ,, Low sugar, ,, Enriched with vitamins, ,, Low or no Sodium, ,, No preservatives, ,, Non-EU Agriculture, ,, Reduced sugar, ,, Rich in vitamin E, ,, Source of fibre, ,, Sustainable farming, ,, EU Agriculture, ,, EU/non-EU Agriculture, ,, High fibres, ,, Low Sodium, ,, Made in France, ,, Natural flavors, ,, No colorings, ,, No dyes or preservatives, ,, No palm oil, ,, Nutriscore, ,, Nutriscore Grade A, ,, Rich in vitamin B1, ,, Rich in vitamin B9, ,, Vitamin B6 source, ,, Without sweeteners, ,, fr:Farine de blé français, ,, Triman",fabriqué en France.pommes origine UE. noisettes origine UE et non UE,France,"Belgium, ,, France, ,, French Polynesia, ,, Germany, ,, Guadeloupe, ,, Martinique, ,, Morocco, ,, Réunion, ,, Switzerland","wheat flour 68,5 %, rapeseed oil, fruit sugar syrup, concentrated apple juice 5,3 %, roasted hazelnuts 5,3 %, wheat germ 5,2 %, chicory fibre: fructooligosaccharides, barley malt extract, natural apple flavour, emulsifier: rapeseed lecithins, wheat starch , baking powders (potassium tartrates, potassium carbonates), vitamins b1, b2,  b6, b9, pp and e, made in a workshop that uses other nuts, lupine , milk , sesame and soy","Gluten, Nuts","Lupin, Milk, Nuts, Sesame seeds, Soybeans",22,B,4,B,True,,maybe,moderate,moderate,moderate,low,1917.2,457.0,17.0,1.5,63.0,11.0,5.9,10.0,0.01,0.004,,5.3,2,9,7,5,3,1,0,4,3,0
https://world.openfoodfacts.org/product/5449000061515/ciel-the-coca-cola-company,5449000061515,Ciel – THE COCA-COLA COMPANY – 1 l,1 l,"Plastic, ,, Bottle",THE COCA-COLA COMPANY,"Beverages and beverages preparations, ,, Beverages, ,, Waters, ,, Non-alcoholic beverages",Halal,,,"France, ,, Morocco, ,, Netherlands, ,, United States","French: eau minérale, calcium, magnésium, sodium, potassium, bicarbonates, chlorures, sulfates, nitrates",,,9,B,1,,False,True,yes,low,low,low,low,0.0,0.0,0.0,0.0,0.0,0.0,0.0,0.0,0.05,0.02,,,0,0,0,0,0,0,0,0,0,0
https://world.openfoodfacts.org/product/3251490332080/gerble-fig-bran-cookie-210g-7-5oz,3251490332080,"Gerble - Fig Bran Cookie, 210g (7.5oz) – 210 g",210 g,"Plastic, ,, Box, ,, Cardboard, ,, fr:Boîte en carton sachet en plastique, ,, fr:Etui en carton, ,, fr:Film en plastique",Gerblé,"Snacks, ,, Sweet snacks, ,, Biscuits and cakes, ,, Biscuits and crackers, ,, Biscuits, ,, fr:Biscuits au son de blé, ,, fr:Biscuits au son de blé et la figue","No preservatives, ,, Source of fibre, ,, High fibres, ,, Made in France, ,, No colorings, ,, No palm oil, ,, Nutriscore, ,, Nutriscore Grade A, ,, Triman",Fabriqué en France par Nutrition et Santé. Farine de blé: France. Figues : non UE,"Revel (31250), ,, Annoray, ,, France","Belgium, ,, France, ,, French Polynesia, ,, Martinique, ,, Morocco, ,, Réunion, ,, Switzerland","wholemeal wheat flour 26.5%, wheat flour 26.1%, wheat bran 19.9%, rapeseed oil, brown cane sugar, fig paste 5.1%, natural fig flavour, natural flavour, emulsifier: rapeseed lecithins, baking powders (citric acid, potassium carbonates, sodium carbonates), made in a workshop that uses nuts, lupine , eggs , sesame and soy",Gluten,"Lupin, Milk, Nuts, Sesame seeds, Soybeans",14,B,4,C,True,,maybe,moderate,moderate,high,low,1883.0,450.0,19.0,1.7,54.0,16.0,13.0,9.3,0.19,0.076,0.0,,2,10,8,5,4,1,0,3,5,0
https://world.openfoodfacts.org/product/3480341000674/carre-frais-elle-vire,3480341000674,Carré Frais – Elle & Vire – 200 g,200 g,"Fresh, ,, fr:Portions",Elle & Vire,"Dairies, ,, Fermented foods, ,, Fermented milk products, ,, Cheeses, ,, Cream cheeses, ,, Fromages-à-la-crème, ,, Produits-fermentés, ,, Produits-laitiers-fermentés","Low or no fat, ,, Pasteurized, ,, Source of proteins, ,, French milk, ,, High proteins, ,, Made in France, ,, No fat",France,"Grièges, ,, France",France,"skimmed milk (origin: france), salt, lactic ferments.",Milk,,3,B,3,C,True,True,no,low,low,low,moderate,351.0,84.0,0.4,0.4,4.4,0.0,0.0,16.0,1.32,0.528,0.0,,1,7,6,1,0,0,6,6,0,0
https://world.openfoodfacts.org/product/6111266963207/%D9%83%D9%8A%D9%81%D9%8A%D8%B1-jaouda,6111266963207,كيفير – Jaouda – 320g,320g,,Jaouda,"Beverages and beverages preparations, ,, Beverages, ,, Dairies, ,, Fermented foods, ,, Fermented milk products, ,, Desserts, ,, Dairy desserts, ,, Dairy drinks, ,, Fermented dairy desserts, ,, Fermented drinks, ,, Fermented milk drinks, ,, Yogurts, ,, Kefir",No gluten,,,"Egypt, ,, France, ,, Morocco","French: Lait frais partiellement écrémé, ferments du kéfir et ferments du yaourt et bifidobacterium",Milk,,4,B,1,E,True,,no,moderate,moderate,low,low,173.0,53.0,2.5,1.8,4.8,0.0,,3.0,0.0,0.0,,0.0,-2,4,6,3,0,1,0,6,0,0
https://world.openfoodfacts.org/product/8410376009392/fibra-integral-gullon,8410376009392,Fibra integral – Gullón – 170 g,170 g,Pack,Gullón,"Snacks, ,, Sweet snacks, ,, Biscuits and cakes, ,, Biscuits and crackers, ,, Biscuits, ,, Crackers(Breakfast)","Low or no sugar, ,, Vegetarian, ,, Source of fibre, ,, Vegan, ,, European Vegetarian Union, ,, Green Dot, ,, High fibres, ,, No sugar, ,, Nutriscore, ,, Nutriscore Grade B, ,, With sweeteners, ,, es:Recicla amarillo, ,, es:Recicla azul, ,, pt:Ecoponto amarelo, ,, pt:Ecoponto azul",,,"Bulgaria, ,, France, ,, Morocco, ,, Portugal, ,, Romania, ,, Spain, ,, Tunisia","Whole wheat flour 57,5 %, sweetener (maltitol), vegetable oil 16,5 % (sunflower high oleic), vegetable fibre 3,5 %, pea fiber 3,5 %, raising agents (sodium hydrogen carbonate and ammonium hydrogen carbonate), emulsifier ( soya lecithin), salt, flavours.","Gluten, Soybeans",Milk,15,B,4,C,True,True,yes,moderate,moderate,low,moderate,1802.0,431.0,17.0,1.7,65.0,0.5,9.3,6.1,0.65,0.26,,0.0,2,9,7,5,0,1,3,2,5,0
https://world.openfoodfacts.org/product/8420756010320/kefir-reina,8420756010320,KÉFIR – Reina – 600 grammes,600 grammes,,Reina,"Dairies, ,, Milks (liquid and powder), ,, Milks",,,,"France, ,, Morocco","Arabic: حليب, حليب نصف منزوع الدسم, قشطة الحليب, تخمير الكفير, الخمائر اللبنية, فيتامين B6, فيتامين B12",Milk,,8,B,,D,False,True,no,low,low,low,low,203.0,48.0,1.5,1.0,4.7,4.7,,3.4,0.13,0.052,0.0,,-1,6,7,3,3,0,0,7,0,0
https://world.openfoodfacts.org/product/3387390123210/nestle-chocapic-cereales-375g,3387390123210,NESTLE CHOCAPIC Céréales 375g – 375 g,375 g,,"Nestlé, ,, Chocapic","Plant-based foods and beverages, ,, Plant-based foods, ,, Breakfasts, ,, Cereals and potatoes, ,, Cereals and their products, ,, Breakfast cereals, ,, Chocolate cereals, ,, Breakfast cereals fortified with vitamins and chemical elements, ,, Extruded cereals, ,, Breakfast cereals rich in fibre, ,, Chocolate wheat shells, ,, Unfilled breakfast chocolate cereals fortified with vitamins and chemical elements","Made in France, ,, Nutriscore, ,, Nutriscore Grade A, ,, Rainforest Alliance, ,, Triman","Fabriqué en France, blé 100% français, cacao origine hors France.",,"Belgium, ,, France, ,, French Polynesia, ,, Guadeloupe, ,, Réunion, ,, Switzerland","French: Farine de BLÉ complet 37,5 %, farine de BLÉ 18,5 %, chocolat en poudre 18,1 % (sucre, cacao en poudre*), semoule de maïs, sirop de glucose, extrait de malt d' ORGE ( ORGE , ORGE malté), huile de tournesol, carbonate de calcium, sucre, farine d' ORGE malté, émulsifiant : lécithines ; sel, arômes naturels, fer, vitamines B3, B5, D, B6, B1, B2, B9. Peut contenir du LAIT et des FRUITS À COQUE. *Bilan massique certifié Rainforest Alliance. www.ra.org/fr. Nestlé achète une quantité de cacao certifié Rainforest Alliance équivalente à celle nécessaire pour ce produit.",Gluten,"Milk, Nuts",31,B,4,C,True,True,yes,moderate,low,high,low,1624.0,384.0,4.4,1.1,73.8,19.9,7.7,8.5,0.2,0.08,,0.0,2,10,8,4,5,1,0,3,5,0
https://world.openfoodfacts.org/product/3229820787015/lait-d-amande-bjorg,3229820787015,Lait D’Amande – Bjorg – 1 l,1 l,"Tetra Pak, ,, Container, ,, Brique, ,, Brique en carton, ,, Frais",Bjorg,"Beverages and beverages preparations, ,, Plant-based foods and beverages, ,, Beverages, ,, Plant-based foods, ,, Dairy substitutes, ,, Milk substitutes, ,, Nuts and their products, ,, Plant-based beverages, ,, Plant-based milk alternatives, ,, Nut-based drinks, ,, Almond-based drinks, ,, Unsweetened plain almond-based drinks","Low or no sugar, ,, Vegetarian, ,, Organic, ,, Certified by Ecocert, ,, EU Organic, ,, Vegan, ,, 100% vegetable, ,, Calcium source, ,, Certified B Corporation, ,, FR-BIO-01, ,, FSC, ,, FSC Mix, ,, IT-BIO-007, ,, Made in Italy, ,, No added sugar, ,, No palm oil, ,, Nutriscore, ,, Nutriscore Grade B, ,, Plant based, ,, AB Agriculture Biologique, ,, fr:Pauvre en acides gras saturés",European Union and Non European Union,Italie,"Belgium, ,, Côte d'Ivoire, ,, France, ,, French Polynesia, ,, Guadeloupe, ,, Martinique, ,, Morocco, ,, New Caledonia, ,, Réunion, ,, Switzerland, ,, United Kingdom","almond milk (water, almonds 2.8%), rice starch, natural almond flavour, sea salt, stabilisers: guar gum, xanthan gum",Nuts,Nuts,9,B,4,A,True,True,yes,moderate,low,low,low,102.0,25.0,1.7,0.2,1.6,0.5,0.5,0.7,0.05,0.02,,,2,2,0,2,0,0,0,0,0,0
https://world.openfoodfacts.org/product/20267605/cashewkerne-alesto,20267605,Cashewkerne – Alesto – 200g,200g,"Plastic, ,, PE 7 - Polyethylene, ,, LDPE 4 - Low-density polyethylene, ,, PET 1 - Polyethylene terephthalate, ,, PP 5 - Polypropylene, ,, Bag, ,, OPP - Oriented PolyPropylen, ,, de:LDPE/OPP/PET",Alesto,"Plant-based foods and beverages, ,, Plant-based foods, ,, Nuts and their products, ,, Nuts, ,, Cashew nuts","Low or no salt, ,, Vegetarian, ,, Source of proteins, ,, Vegan, ,, European Vegetarian Union, ,, European Vegetarian Union Vegan, ,, Green Dot, ,, Magnesium source, ,, No added salt, ,, No palm oil, ,, Rich in unsaturated fatty acids",sk:nepochádza z EU,"52531 Übach-Palenberg, ,, Deutschland","Austria, ,, Belgium, ,, Croatia, ,, France, ,, Germany, ,, Hungary, ,, Italy, ,, Poland, ,, Spain, ,, Sweden, ,, Switzerland, ,, United Kingdom",cashews,Nuts,"Nuts, Peanuts",1,B,1,E,True,True,yes,high,high,moderate,low,2487.9,600.0,47.6,9.0,19.8,0.0,5.2,20.5,0.02,0.008,,0.0,-4,5,9,,1,,0,7,2,0
https://world.openfoodfacts.org/product/7613036669146/nestle-chocapic-cereal-organic-375g-13-3oz,7613036669146,"Nestlé - Chocapic Cereal Organic, 375g (13.3oz) – 375 g",375 g,"Box, ,, Cardboard, ,, fr:Conteneur, ,, fr:Etui en carton, ,, fr:Film en plastique, ,, fr:Sachet plastique","Nestlé, ,, Chocapic","Plant-based foods and beverages, ,, Plant-based foods, ,, Breakfasts, ,, Cereals and potatoes, ,, Cereals and their products, ,, Breakfast cereals, ,, Chocolate cereals, ,, Breakfast cereals fortified with vitamins and chemical elements, ,, Extruded cereals, ,, Breakfast cereals rich in fibre, ,, Chocolate wheat shells","Vegetarian, ,, Organic, ,, EU Organic, ,, Non-EU Agriculture, ,, EU Agriculture, ,, EU/non-EU Agriculture, ,, FR-BIO-01, ,, Green Dot, ,, Made in France, ,, No palm oil, ,, Nutriscore, ,, Nutriscore Grade A, ,, Nutriscore Grade B, ,, Rainforest Alliance, ,, AB Agriculture Biologique, ,, Triman","Blé français, cacao origine non UE.",França,"Belgium, ,, France, ,, Luxembourg, ,, Réunion, ,, Switzerland","whole ble flour* 33.0%*, chocolate powder 26.5% (sugar*, cocoa powder*), ble flour*, cornmeal*, glucose syrup*, orge malt extract*, sunflower oil*, salt, vanilla flavour, natural cinnamon flavour, *ingredients from organic farming, may contain milk and nuts",Gluten,"Milk, Nuts, Peanuts",16,B,4,B,True,True,yes,moderate,moderate,high,low,1648.0,390.0,5.6,1.6,71.7,19.9,8.2,9.1,0.2,0.08,,0.0,2,10,8,4,5,1,0,3,5,0
https://world.openfoodfacts.org/product/3228857000166/100-mie-complet-volkoren-harrys,3228857000166,100% mie Complet-Volkoren – Harrys – 500 g,500 g,"Plastic, ,, Bag, ,, fr:Sachet en plastique",Harrys,"Plant-based foods and beverages, ,, Plant-based foods, ,, Cereals and potatoes, ,, Cereals and their products, ,, Breads, ,, Sliced breads, ,, Sliced breads without crust, ,, Wholemeal breads, ,, Wholemeal sliced breads","Source of fibre, ,, Made in France, ,, No palm oil, ,, Nutriscore, ,, Nutriscore Grade A, ,, fr:Blé français, ,, Triman","fabriqué en France, blé français",France,"Belgium, ,, France, ,, French Polynesia, ,, Luxembourg, ,, Martinique, ,, Réunion, ,, Switzerland","flour full of wheat, and 37%, water, wheat flour , rapeseed oil, sugar, salt, flavour (contains alcohol), wheat gluten, rye flour and malted, yeast, vinegar, extract of acerola, may contain traces of eggs , soya , milk , nuts , sesame seeds",Gluten,"Eggs, Milk, Nuts, Sesame seeds, Soybeans",12,B,4,A,True,,maybe,moderate,low,moderate,moderate,1053.0,250.0,4.3,0.4,42.0,0.0,6.5,7.5,1.1,0.44,,0.0402777777777743,2,9,7,3,1,0,5,3,4,0
https://world.openfoodfacts.org/product/3033710073467/ricore-original-nestle,3033710073467,RICORE Original – Nestlé – 100 g,100 g,"Metal, ,, Box, ,, Can, ,, Drink can, ,, Steel, ,, fr:Boîte en métal","Nestlé, ,, Ricore","Beverages and beverages preparations, ,, Plant-based foods and beverages, ,, Beverages, ,, Plant-based beverages, ,, Beverage preparations, ,, Instant beverages, ,, Instant mix of chicory and coffee powder, ,, fr:Aliments","Source of fibre, ,, Sustainable farming, ,, Green Dot, ,, High fibres, ,, Made in France, ,, Magnesium source, ,, Nutriscore, ,, Nutriscore Grade A, ,, UTZ Certified, ,, fr:Origine France, ,, Triman, ,, fr:Savoir faire français",Origine du produit fini: France,"France, ,, Pontarlier, ,, Villars","Belgium, ,, France, ,, Morocco, ,, Spain, ,, Switzerland","soluble coffee 33.2%, chicory fiber (oligofructose) 33%, soluble chicory 30%, magnesium sulfate",,,5,B,4,,True,True,yes,low,low,high,moderate,211.0,50.0,1.6,1.0,5.0,4.9,0.9,3.4,0.1,0.04,,,0,7,7,4,3,0,0,7,0,0
https://world.openfoodfacts.org/product/6111246722039/fromage-herbes-milky-food-milky-foof,6111246722039,fromage herbes milky food – milky foof – 1kg,1kg,,milky foof,"Dairies, ,, Fermented foods, ,, Fermented milk products, ,, Cheeses, ,, Desserts, ,, Dairy desserts, ,, Fermented dairy desserts, ,, Fromages blancs - petit suisses and skyr, ,, fr:Fromages blancs",,,,"Morocco, ,, United States","French: Lait de vache pasteurisé, crème fraîche pasteurisée, ferments lactiques , présure, sel, ail et fines herbes.",Milk,,7,B,3,B,True,,no,high,low,low,low,953.0,228.0,21.0,0.0,4.0,0.0,0.0,4.8,0.0,0.0,0.0,,1,2,1,2,0,0,0,1,0,0
https://world.openfoodfacts.org/product/6111242101050/lben-carton-pasteuriser-jaouda,6111242101050,LBEN CARTON PASTEURISER – Jaouda – 450g,450g,Cardboard,Jaouda,"Beverages and beverages preparations, ,, Beverages, ,, Dairies, ,, Fermented foods, ,, Fermented milk products, ,, Milks (liquid and powder), ,, Dairy drinks, ,, Fermented drinks, ,, Milks, ,, Fermented milk drinks, ,, Plain fermented skimmed milk drink",No gluten,,,Morocco,"French: Lait frais partiellement écrémé, ferments lactiques .matière grasse 14g/L",Milk,,3,B,,D,False,True,no,low,moderate,low,low,188.0,45.0,1.3,0.9,4.8,0.0,0.0,3.2,0.0,0.0,0.0,,-4,3,7,3,0,0,0,7,0,0
https://world.openfoodfacts.org/product/3175681851863/gerble-soya-fig-cookie-270g-9-6oz,3175681851863,"Gerble - Soya Fig Cookie, 270g (9.6oz) – 270 g",270 g,"fr:1 étui en carton à recycler, ,, fr:4 sachets en plastiques à recycler",Gerblé,"Snacks, ,, Sweet snacks, ,, Biscuits and cakes, ,, Biscuits","No GMOs, ,, Made in France, ,, No palm oil, ,, Nutriscore, ,, Nutriscore Grade B, ,, fr:Farine-de-ble-filiere-durable","France, ,, fr:Annonay, ,, fr:Figues origine non-Union Européenne, ,, fr:Germe de blé origine Union Européenne, ,, Haute-Garonne, ,, fr:Soja origine Union Européenne",,"Belgium, ,, France, ,, Morocco, ,, Réunion, ,, Switzerland","wheat flour , brown cane sugar, rapeseed oil, whole wheat flour, soybean flakes 10.4%, fig paste 7%, wheat germ 5.6%, wheat starch, emulsifier: rapeseed lecithins, magnesium, natural flavor, baking powders (citric acid, sodium carbonates), vitamins (e, pp, b5, b6, b1, b9),
made in a workshop that uses nuts, milk , sesame and lupine","Gluten, Milk, Soybeans","Eggs, Lupin, Milk, Nuts, Sesame seeds",22,B,4,C,True,True,yes,moderate,moderate,high,low,1914.0,457.0,19.0,1.9,56.0,15.0,6.9,12.0,0.02,0.008,,,2,10,8,5,4,1,0,4,4,0
https://world.openfoodfacts.org/product/6111252421575/aquafina-50cl,6111252421575,Aquafina 50cl – 50cl,50cl,,Aquafina,"Beverages, ,, Waters, ,, Table waters",,,,Morocco,French: eau,,,1,B,1,,True,True,yes,low,low,low,low,4.0,1.0,0.1,0.1,0.1,0.1,0.0,0.1,0.1,0.04,,,0,0,0,0,0,0,0,0,0,0
https://world.openfoodfacts.org/product/4056489007180/pepsil-lidl,4056489007180,Pepsil – Lidl – 750 g,750 g,"Bag, ,, Fastener","Lidl, ,, Maître Jean Pierre","Plant-based foods and beverages, ,, Plant-based foods, ,, Cereals and potatoes, ,, Cereals and their products, ,, Breads, ,, Sliced breads, ,, Wholemeal breads, ,, Wholemeal sliced breads","Contains alcohol, ,, No palm oil, ,, Nutriscore, ,, Nutriscore Grade B, ,, Triman",,Allemagne,France,"61% farine de blé complet, eau, sucre, 3% farine de blé, huile de colza, sel, levure, farine de fève, arôme, alcool",Gluten,"Lupin, Milk, Mustard, Soybeans",12,B,4,A,True,,maybe,moderate,low,moderate,moderate,1089.0,258.0,4.5,0.5,43.0,5.0,6.3,8.3,1.0,0.4,,0.0,2,8,6,3,1,0,4,3,3,0
https://world.openfoodfacts.org/product/06153153/tartines-craquantes-quinoa-pois-chiche-sans-gluten-jardin-bio,06153153,Tartines craquantes quinoa - pois chiche sans gluten – Jardin Bio,,,Jardin Bio,"Plant-based foods and beverages, ,, Plant-based foods, ,, Snacks, ,, Cereals and potatoes, ,, Cereals and their products, ,, Extruded crispbreads","No gluten, ,, Organic, ,, Crossed Grain Trademark, ,, EU Organic, ,, 1% for the planet, ,, DZG Gluten free, ,, FR-BIO-01, ,, Made in France, ,, No added sugar, ,, Nutriscore, ,, Nutriscore Grade A, ,, AB Agriculture Biologique, ,, Triman",,,"France, ,, Réunion","rice flour* 50%, buckwheat flour* 25.5%, maize flour* 18%, teff flour* 6%, sea salt, *products from organic farming",,,5,B,3,A,True,True,yes,low,low,low,moderate,1603.0,378.0,1.6,0.5,79.0,0.6,4.7,9.6,0.5,0.2,,,1,6,5,4,0,0,2,3,2,0
https://world.openfoodfacts.org/product/3175681105423/cookie-cacao-pepites-sans-sucre-gerble,3175681105423,Cookie cacao pépites Sans Sucre – Gerblé – 130 g,130 g,"Box, ,, fr:Etui en carton, ,, fr:Film en plastique",Gerblé,"Snacks, ,, Sweet snacks, ,, Biscuits and cakes, ,, Biscuits and crackers, ,, Biscuits, ,, Chocolate biscuits","Low or no sugar, ,, Source of fibre, ,, Sustainable farming, ,, Made in France, ,, No added sugar, ,, No palm oil, ,, No sugar, ,, Nutriscore, ,, Nutriscore Grade A, ,, UTZ Certified, ,, Triman","fr:Cacao non-IE, ,, fr:Chocolat UE",France,"Belgium, ,, France, ,, French Polynesia, ,, Switzerland","French: Farine de blé 47,3%, édulcorant : maltitols, huile de colza, pépites de chocolat au maltitol 10,8% (pâte de cacao, édulcorant: maltitols, beurre de cacao, émulsifiant : lécithines), fibres de blé , cacao maigre en poudre 4,5%, son d'avoine, émulsifiant : lécithines, arôme naturel, poudres à lever (carbonates de sodium, carbonates d'ammonium), sel de mer.",Gluten,"Eggs, Lupin, Milk, Nuts, Peanuts, Sesame seeds",21,B,4,C,True,,maybe,moderate,moderate,low,low,1728.0,414.0,18.0,3.3,61.0,0.0,8.9,8.0,0.21,0.084,26.0,0.0,1,9,8,5,0,3,1,3,5,0
https://world.openfoodfacts.org/product/6111099000247/hule-d-olive-%D8%B2%D9%8A%D8%AA-%D8%A7%D9%84%D8%B2%D9%8A%D8%AA%D9%88%D9%86-%D9%88%D8%A7%D8%AF-%D8%B3%D9%88%D8%B3,6111099000247,Hule D'olive – زيت الزيتون واد سوس – 500ml مل,500ml مل,,زيت الزيتون واد سوس,"Plant-based foods and beverages, ,, Plant-based foods, ,, Fats, ,, Vegetable fats, ,, Olive tree products, ,, Vegetable oils, ,, Olive oils, ,, Virgin olive oils",,,,"France, ,, Morocco",French: Huiled'olive vierge,,Nuts,1,B,,E,False,True,yes,high,high,low,low,4.0,822.0,90.0,13.0,0.0,0.0,66.0,0.0,0.0,0.0,88.0,,-5,5,10,,0,,0,0,5,5
https://world.openfoodfacts.org/product/6111099000254/ma-hfo-25-16-14-oued-souss,6111099000254,MA HFO .25.16.14 – oued souss – 1 L,1 L,Plastic bottle,oued souss,"Plant-based foods and beverages, ,, Plant-based foods, ,, Fats, ,, Vegetable fats, ,, Olive tree products, ,, Vegetable oils, ,, Olive oils, ,, Extra-virgin olive oils, ,, Virgin olive oils, ,, ar:huile-d-olive",,Morocco,Agadir Morocco,"France, ,, Morocco",French: huile d'olive,,ar:nothing,1,B,2,D,True,True,yes,high,high,low,low,3700.0,900.0,92.0,12.0,0.0,0.0,0.0,0.0,0.0,0.0,0.0,,-1,4,5,,0,,0,0,0,5
https://world.openfoodfacts.org/product/7613035676497/ricore-original-cafe-chicoree-boite-260g-nestle,7613035676497,"RICORE Original, Café & Chicorée, Boîte 260g – Nestlé – 260 g",260 g,"Box, ,, Can, ,, Canned, ,, Drink can, ,, fr:Boîte en métal",Nestlé,"Beverages and beverages preparations, ,, Plant-based foods and beverages, ,, Beverages, ,, Plant-based beverages, ,, Beverage preparations, ,, Instant beverages, ,, Instant mix of chicory and coffee powder","Made in France, ,, Nutriscore, ,, Nutriscore Grade A, ,, fr:Origine France, ,, Triman, ,, de:Nova Score Note 4","Fabriqué en France. Café Origine non-UE. Chicorée Origine UE et Non-UE. La majorité de notre chicorée vient du Nord de la France.France, Afrique, Inde",France,"France, ,, Germany, ,, Morocco, ,, Switzerland","soluble coffee (34,3%), chicory fibre (oligofructose) (33%), soluble chicory (30,8%), magnesium sulphate",,,5,B,4,,True,True,yes,low,low,high,moderate,211.0,50.0,1.6,1.0,5.0,4.9,0.9,3.4,0.1,0.04,,,0,7,7,4,3,0,0,7,0,0
https://world.openfoodfacts.org/product/3225350000501/pulco-lemon-orangina-schweppes-france,3225350000501,Pulco Lemon – Orangina Schweppes France – 0.7l,0.7l,"Glass, ,, Bottle","Orangina Schweppes France, ,, Pulco, ,, Schweppes International Limited","Beverages and beverages preparations, ,, Beverages, ,, Beverage preparations, ,, Syrups, ,, Flavoured syrups","Low or no sugar, ,, Organic, ,, EU Organic, ,, No preservatives, ,, No added sugar, ,, No colorings, ,, Sans-sucre-ajouté","Unspecified, ,, Non indiqué",,"Belgium, ,, France, ,, Germany, ,, Switzerland","water, concentrated juice: lemon 35.5% and orange 4.5% (equivalent to 40% reconstituted juice), lemon pulp 5%, acidifier: citric acid, natural lemon extract.",,,7,B,1,A,True,True,maybe,low,low,low,low,14.0,3.0,0.0,0.0,0.25,0.1,,0.05,0.0,0.0,,,0,0,0,0,0,0,0,0,0,0
https://world.openfoodfacts.org/product/3228857001194/cereales-et-graines-a-la-farine-de-ble-harrys,3228857001194,CÉRÉALES ET GRAINES À LA FARINE DE BLÉ – Harrys – 320 g,320 g,"Bag, ,, Fastener",Harrys,"Plant-based foods and beverages, ,, Plant-based foods, ,, Cereals and potatoes, ,, Cereals and their products, ,, Breads, ,, Sliced breads, ,, White breads, ,, Multigrain sliced breads","Vegetarian, ,, Made in France, ,, No added sugar, ,, No additives, ,, No palm oil, ,, Nutriscore, ,, Nutriscore Grade A, ,, fr:Blé français, ,, Triman",Origine produit fini,France,France,"French: Farines de céréales 54,8% ( BLÉ 46,6%, AVOINE 1,8%, riz, SEIGLE , ORGE 1,8%, SEIGLE malté, ORGE malté 0,3%), eau, graines 14,6% (tournesol 4,6%, SOJA , lin, millet, AVOINE 0,9%, maïs, ORGE 0,4%, SÉSAME ), gluten de BLÉ , huile de colza, levure, arôme (contient alcool), sel, vinaigre, extrait d'acérola. Peut contenir des traces de LAIT , OEUFS , FRUITS A COQUE .","Gluten, Sesame seeds, Soybeans","Eggs, Milk, Nuts",25,B,4,A,True,True,maybe,moderate,low,low,moderate,1206.0,286.0,6.5,0.7,42.0,3.5,6.0,12.0,1.0,0.4,,5.125,1,8,7,3,1,0,4,4,3,0
https://world.openfoodfacts.org/product/6111250470742/dost-milk,6111250470742,Dost Milk – 1L,1L,,Dost,"Dairies, ,, Milks, ,, Homogenized milks, ,, UHT Milks, ,, Whole milks, ,, Cow milks",,,,Morocco,French: lait,Milk,,1,B,1,D,True,True,no,moderate,low,low,low,243.0,58.0,3.0,0.0,4.8,0.0,0.0,3.0,0.0,0.0,0.0,,-1,5,6,5,0,0,0,6,0,0
https://world.openfoodfacts.org/product/3175681209282/gouter-4s-saveur-pommes-gerble,3175681209282,Goûter 4S Saveur pommes – Gerblé – 360 g,360 g,Cardboard,Gerblé,"Snacks, ,, Sweet snacks, ,, Biscuits and cakes, ,, Biscuits and crackers, ,, Biscuits, ,, Fruit biscuits","Low or no sugar, ,, Low sugar, ,, Reduced sugar, ,, Made in France, ,, No colorings, ,, No palm oil, ,, Nutriscore, ,, Nutriscore Grade A, ,, Nutriscore Grade A - New calculation, ,, Without sweeteners, ,, Triman","fr:farine 100 % française, ,, fr:pommes origine UE et non-UE",,"France, ,, Luxembourg, ,, Réunion, ,, Switzerland","wheat flour 71.6%, rapeseed oil 16.2%, concentrated apple juice 9.4%, apple semolina 4.2% (wheat starch), barley malt extract, chicory fiber: fructooligosaccharides, rice, natural apricot flavor with other natural flavors, apple extract 0.5%, natural apple flavor with other natural flavors, baking powder: potassium carbonates, emulsifier:  rapeseed lecithins, acidifier: malic acid, oats , milk proteins , barley malt syrup, barley","Gluten, Milk",,19,B,4,C,True,,no,moderate,low,moderate,low,1915.0,456.0,17.0,1.4,65.0,8.9,6.5,7.6,0.05,0.02,,2.2,1,8,7,5,2,1,0,3,4,0
https://world.openfoodfacts.org/product/3760049798029/tartines-bio-quinoa-graines-450g-la-boulangere-bio,3760049798029,Tartines Bio quinoa & graines 450g – La Boulangère Bio – 450 g,450 g,"fr:Attache plastique, ,, fr:Film en plastique, ,, fr:Sachet plastique","La Boulangère Bio, ,, La boulangere","Plant-based foods and beverages, ,, Plant-based foods, ,, Cereals and potatoes, ,, Cereals and their products, ,, Breads, ,, fr:Tartine","Fair trade, ,, Organic, ,, Certified by Ecocert, ,, EU Organic, ,, Non-EU Agriculture, ,, 1% for the planet, ,, EU Agriculture, ,, EU/non-EU Agriculture, ,, Fair-Trade Organic, ,, FR-BIO-01, ,, Made in France, ,, Nutriscore, ,, Nutriscore Grade A, ,, AB Agriculture Biologique, ,, Agri-Éthique France, ,, fr:Farine de blé français, ,, fr:Local",fabrication française. blé français,France,"France, ,, Switzerland","wheat flour 48%, water, white quinoa seeds 6.8%, sunflower oil, shelled sunflower seeds 4.6%, brown cane sugar, brown flax seeds 3.2%, wheat gluten, vinegar, salt, devitalized wheat sourdough, natural flavour (contains alcohol), yeast, thickener: guar gum, rye flour , roasted malted barley flour, roasted malted wheat flour,  flour processing agent: ascorbic acid",Gluten,"Eggs, Milk, Mustard, Sesame seeds, Soybeans",22,B,4,,True,True,yes,moderate,low,moderate,moderate,1318.0,314.0,11.0,0.9,42.0,5.0,5.3,9.1,1.0,0.4,0.0,0.0,2,8,6,3,1,0,4,3,3,0
https://world.openfoodfacts.org/product/4056489346357/almond-drink-vemondo,4056489346357,Almond Drink – Vemondo – 1l,1l,,Vemondo,"Beverages and beverages preparations, ,, Plant-based foods and beverages, ,, Beverages, ,, Plant-based foods, ,, Dairy substitutes, ,, Milk substitutes, ,, Nuts and their products, ,, Plant-based beverages, ,, Plant-based milk alternatives, ,, Nut-based drinks, ,, Almond-based drinks, ,, Frühstücke, ,, Getränke, ,, Nüsse-und-nussprodukte, ,, Pflanzliche-getränke, ,, Pflanzliche-lebensmittel-und-getränke","Low or no sugar, ,, Vegetarian, ,, No gluten, ,, Organic, ,, EU Organic, ,, Non-EU Agriculture, ,, Vegan, ,, 100% vegetable, ,, EU Agriculture, ,, EU/non-EU Agriculture, ,, European Vegetarian Union, ,, European Vegetarian Union Vegan, ,, FSC, ,, FSC Mix, ,, IT-BIO-009, ,, No added sugar, ,, No lactose, ,, No sugar, ,, Nutriscore, ,, Nutriscore Grade B, ,, Veganok, ,, Triman, ,, de:nachhaltige-verpackt, ,, de:ressourcen-schützen, ,, V-label",Italy,Italie,"Bulgaria, ,, Croatia, ,, Czech Republic, ,, France, ,, Germany, ,, Greece, ,, Hungary, ,, Italy, ,, Malta, ,, Poland, ,, Romania, ,, Slovakia, ,, Slovenia, ,, Switzerland","water, 2,3% almonds', maltodextrins', sea salt, stabilizers: carob seed flour, gellanic gum, emulsifier: sunflower lecithin', natural aroma, 'from organic farming","Gluten, Nuts","Gluten, Nuts, Soybeans",10,B,4,A,True,True,yes,low,low,low,low,56.0,14.0,1.2,0.1,0.0,0.0,,0.5,0.13,0.052,,,1,1,0,1,0,0,0,0,0,0
https://world.openfoodfacts.org/product/3760049796384/tartines-cereales-graines-la-boulangere,3760049796384,Tartines Céréales & Graines – la Boulangère – 450 g,450 g,fr:Sachet plastique,la Boulangère,"Plant-based foods and beverages, ,, Plant-based foods, ,, Snacks, ,, Cereals and potatoes, ,, Sweet snacks, ,, Sweet pastries and pies, ,, Breads, ,, Viennoiseries, ,, Sliced breads, ,, Multigrain sliced breads","Fair trade, ,, Made in France, ,, Nutriscore, ,, Nutriscore Grade A, ,, Agri-Éthique France, ,, fr:Électricité verte",,France,France,"French: Farine de BLÉ *50 %, eau, huile de colza, graines de tournesol décortiquées 4,6 %, graines de millet décortiquées 1,8 %, graines de lin brun 1,8%, semoule de BLÉ dur 1,6 %, levains de BLÉ dévitalisés, sel, arôme naturel (contient alcool), graines de pavot bleu 0,7 %, flocons d'AVOINE 0,7 %, levure, vinaigre, graines de quinoa 0,4 %, graines d'amarante 0,4%, conservateur : propionate de calcium, levure désactivée, farine de BLÉ d'épeautre 0,3 %, GLUTEN DE BLÉ , farine de SEIGLE 0,2%, farine d' ORGE maltée torréfiée 0,1%, farine de BLÉ malté torréfié 0,1%, antioxydant : acide ascorbique. Traces éventuelles d' œufs , soja , lait , moutarde et graines de sésame . * Ingrédient issu du commerce équitable français.",Gluten,"Eggs, Milk, Mustard, Sesame seeds, Soybeans",27,B,4,A,True,True,yes,moderate,low,low,moderate,1249.0,304.0,10.0,1.0,39.0,2.9,5.8,10.0,1.1,0.44,,0.0,1,8,7,3,0,0,5,4,3,0
https://world.openfoodfacts.org/product/6111126003821/lait-frais-15-jours-chergui,6111126003821,Lait Frais 15 jours – Chergui – 900 ml,900 ml,Bottle,Chergui,"Dairies, ,, Milks (liquid and powder), ,, Milks, ,, Pasteurised products, ,, Fresh milks, ,, Pasteurised milks, ,, Cow milks","No preservatives, ,, No additives, ,, No soy",Morocco,,Morocco,French: lait entier pasteurisé,Milk,,1,B,1,D,True,True,no,low,moderate,low,low,239.0,57.0,2.90887151945442,1.61603973303024,4.75115681510889,4.75115681510889,,3.00583390343624,0.0861887857616126,0.034475514304645,,,1,8,7,4,3,1,0,7,0,0
https://world.openfoodfacts.org/product/6111032002925/yaourt-nature-danone,6111032002925,Yaourt Nature – Danone – 110g,110g,,Danone,"Dairies, ,, Fermented foods, ,, Fermented milk products, ,, Desserts, ,, Dairy desserts, ,, Fermented dairy desserts, ,, Yogurts, ,, Plain fermented dairy desserts, ,, Plain yogurts","No preservatives, ,, Contains gluten, ,, fr:Contient du glute, ,, fr:Fruit de coque pistache",,,"France, ,, Morocco",French: ا المكونات حليب بدون قشدة، قشدة، مس رن الحليب بدون قشدة، مخثرات )نشويات(، نكهة، خمائرحليبية ل ليوغورت. م.د: %3 مصنوع خط قد بمكن أن يحتوي على الكلوتين، الجوز واللوز. منتوج حليبي م مزوج الوزن الصافي : 110غ. رقم الإعتماد الصحي LPL2113،0NS SA,,"Gluten, Nuts, fr:يحتوي-على-الجلوتين",13,B,,A,False,True,yes,moderate,moderate,moderate,moderate,280.0,66.0,3.0,2.0,6.7,6.7,,3.0,0.34125,0.1365,,0.0,2,3,1,0,1,1,1,1,0,0
https://world.openfoodfacts.org/product/3760049795479/pain-de-mie-grandes-tranches-toastiligne-cereales-graines-500g-la-boulangere,3760049795479,Pain de mie grandes tranches Toastiligne céréales & graines 500g – La Boulangère – 500 g,500 g,"Bag, ,, fr:Sachet plastique",La Boulangère,"Plant-based foods and beverages, ,, Plant-based foods, ,, Cereals and potatoes, ,, Breads, ,, Sliced breads, ,, Multigrain sliced breads","Low or no fat, ,, Fair trade, ,, Vegetarian, ,, Vegan, ,, Made in France, ,, No added fat, ,, No added sugar, ,, Nutriscore, ,, Nutriscore Grade A, ,, Agri-Éthique France, ,, fr:Blé français",,France,France,"wheat flour* 51%, water, wheat gluten, yeast, brown flaxseed 2,1%, wheat fibre, yellow flaxseed 1,9%, millet seeds 1,9%, shelled sunflower seeds 1,2%, salt, roasted malted wheat flour 0,7%, vinegar, buckwheat seeds 0,6%, emulsifier: mono - and fatty acid diglycerides (rapeseed), grey poppy seeds 0,4%, preservative:  calcium propionate, psyllium, acerola extract",Gluten,"Eggs, Milk, Nuts, Sesame seeds, Soybeans, Fruits-a-coque, Graines-de-sesame, Lait, Oeufs",18,B,4,A,True,True,yes,low,low,low,moderate,1056.0,250.0,2.9,0.4,42.0,3.8,5.9,11.0,1.0,0.4,,0.0,1,8,7,3,1,0,4,4,3,0
https://world.openfoodfacts.org/product/3228857002351/pain-de-mie-american-sandwich-complet-sans-sucres-ajoutes-maxi-900g-harrys,3228857002351,Pain de mie american sandwich complet sans sucres ajoutés maxi 900g – Harrys – 900 g,900 g,,Harrys,"Plant-based foods and beverages, ,, Plant-based foods, ,, Cereals and potatoes, ,, Frozen foods, ,, Breads, ,, Sliced breads, ,, Frozen breads, ,, Wholemeal breads, ,, Wholemeal sliced breads","Vegetarian, ,, Source of fibre, ,, High fibres, ,, No added sugar, ,, Nutriscore, ,, Nutriscore Grade A",,,France,"French: Farine complète de BLÉ 39,3%, eau, farine de BLÉ 26,7%, huile de colza, fibre de chicorée, arôme (contient alcool), sel, vinaigre, farine de SEIGLE maltée, levure, gluten de BLÉ , levure désactivée, extrait d'acérola. Peut contenir des traces d' OEUFS , SOJA , LAIT , FRUITS À COQUE et GRAINES DE SÉSAME .",Gluten,"Eggs, Milk, Nuts, Sesame seeds, Soybeans",13,B,4,A,True,True,maybe,moderate,low,low,moderate,1178.0,280.0,6.8,0.5,43.0,3.6,8.1,7.7,1.1,0.44,,0.919628906249997,1,9,8,3,1,0,5,3,5,0
https://world.openfoodfacts.org/product/6111214004747/pipas-chipsy-d-or,6111214004747,Pipas – chipsy d'or,,,chipsy d'or,"Plant-based foods and beverages, ,, Plant-based foods, ,, Seeds, ,, Sunflower seeds and their products, ,, Sunflower seeds, ,, Roasted sunflower seeds, ,, Sunflower seed grilled and salted",Green Dot,,,"France, ,, Morocco","Sunflower seeds, wheat flour , salt",Gluten,,3,B,3,C,True,True,yes,high,moderate,low,low,2177.0,520.0,29.0,3.36,38.9,1.65,2.7,24.6,0.059,0.0236,,,-5,2,7,,0,,0,7,0,0
https://world.openfoodfacts.org/product/3175681037854/tartines-craquantes-sarrasin-cereal-bio,3175681037854,Tartines craquantes sarrasin – Céréal Bio – 145 g,145 g,"Plastic, ,, Box, ,, Cardboard, ,, Container, ,, fr:Etui carton à recycler, ,, fr:Etui en carton, ,, fr:Pensez au tri!, ,, fr:Point vert, ,, fr:Sachet à jeter",Céréal Bio,"Plant-based foods and beverages, ,, Plant-based foods, ,, Snacks, ,, Cereals and potatoes, ,, Extruded crispbreads","Low or no sugar, ,, Low sugar, ,, Organic, ,, EU Organic, ,, No preservatives, ,, Non-EU Agriculture, ,, CZ-BIO-001, ,, EU Agriculture, ,, EU/non-EU Agriculture, ,, FR-BIO-01, ,, FR-BIO-10, ,, Green Dot, ,, Made in France, ,, No colorings, ,, Nutriscore, ,, Nutriscore Grade A, ,, AB Agriculture Biologique, ,, Verified","France, ,, European Union",France,France,"buckwheat flour for 69,6 g, rice flour*, red cane sugar, sea salt 0,48 g, 

* ingredients from organic farming 

manufactured in a workshop using cereals containing gluten, milk and soy",Gluten,"Gluten, Soybeans",4,B,3,A,True,True,yes,low,low,low,moderate,1548.0,370.0,1.7,0.4,75.0,1.5,3.5,12.0,0.48,0.192,,,1,6,5,4,0,0,2,4,1,0
https://world.openfoodfacts.org/product/6111266962651/lait-jaouda,6111266962651,lait – Jaouda – 500 ml,500 ml,,Jaouda,"Dairies, ,, Milks (liquid and powder), ,, Milks, ,, Semi-skimmed milks",,,,Morocco,semi-skimmed milk,Milk,,1,B,1,D,True,True,no,low,low,low,low,45.0,191.0,1.5,1.1,,0.0,,3.0,0.0,0.0,0.0,,-4,2,6,1,0,1,0,6,0,0
https://world.openfoodfacts.org/product/6111246950845/jibal,6111246950845,Jibal – 1 l,1 l,Cardboard,Jibal,"Dairies, ,, Milks, ,, Homogenized milks, ,, UHT Milks, ,, Whole milks","FSC, ,, FSC Mix",Morocco,Lait,Morocco,"lait entier, 30g/l de matière grasse, ingredients: whole milk, 30g l of fat",,"Milk, Nuts, fr:cake, fr:chocolate",5,B,,C,False,True,yes,moderate,moderate,low,low,230.0,55.0,3.0,2.0,,4.0,,3.0,0.1,0.04,,,2,8,6,4,3,1,0,6,0,0
https://world.openfoodfacts.org/product/3182180001477/grilletine-au-froment-sans-sucres-ajoutes-brioche-pasquier,3182180001477,Grilletine au froment sans sucres ajoutés – brioche pasquier – 255 g,255 g,"Cardboard, ,, Pack, ,, fr:Etui en carton, ,, fr:Film en plastique, ,, fr:Sachets fraîcheur de partitions film plastique",brioche pasquier,"Plant-based foods and beverages, ,, Plant-based foods, ,, Cereals and potatoes, ,, Cereals and their products, ,, Breads, ,, Toasts, ,, Toasted bread rolls, ,, Wheat rusk slices","No GMOs, ,, No added sugar, ,, Nutriscore, ,, Nutriscore Grade A, ,, Triman",France,France,France,"Farine de BLÉ 83% - Édulcorant : maltitol - Huile de tournesol - Levure boulangère - GLUTEN de blé - Sel - Minéraux de mer (potassium, magnésium, calcium) - Farine de BLÉ malté - Fibre de BLÉ - Agent de traitement de la farine: acide ascorbique. *Contient des sucres naturellement présents. Ce produit contient du BLÉ et du GLUTEN . Ce produit a pu être en contact avec des œufs, des fruits à coque, du lait, des graines de sésame et du soja.",Gluten,"Eggs, Milk, Nuts, Sesame seeds, Soybeans",14,B,4,A,True,True,yes,moderate,moderate,low,moderate,1791.0,425.0,9.6,2.0,68.0,1.7,7.4,13.0,0.89,0.356,,0.0,1,10,9,5,0,1,4,5,4,0
https://world.openfoodfacts.org/product/3168930009795/muesli-croustillant-noix-de-pecan-noix-du-bresil-quaker,3168930009795,Muesli Croustillant Noix de pécan & noix du Brésil – Quaker – 500 g,500 g,"Plastic, ,, Box, ,, fr:Sachet en plastique",Quaker,"Plant-based foods and beverages, ,, Plant-based foods, ,, Breakfasts, ,, Cereals and potatoes, ,, Cereals and their products, ,, Breakfast cereals, ,, Mueslis, ,, Cereals with nuts, ,, Mueslis with nuts","No preservatives, ,, Green Dot, ,, No colorings, ,, Nutriscore, ,, Nutriscore Grade A",,,"Belgium, ,, France, ,, New Caledonia, ,, Spain, ,, Switzerland","whole grain oats (60%), glucose syrup, sugar, oligofructose, wheat petals (4%) ( wheat flour and bran, sugar, sugar syrup, barley malt extract, salt), barley flakes (3%) [ barley , sugar, salt, barley malt extract, emulsifier (mono - and diglycerides of fatty acids)], molasses, pumpkin seed (2.4%), brazil nuts (2.3%), pecans (2.2%), sunflower oil,  flavourings, antioxidant (tocopherol), may contain traces of milk","Gluten, Nuts",Milk,26,B,4,C,,,maybe,moderate,moderate,high,low,1757.0,420.0,11.0,1.8,62.0,13.0,13.0,11.0,0.24,0.096,0.0,,1,10,9,5,3,1,1,4,5,0
https://world.openfoodfacts.org/product/6111250012416/%D8%A3%D9%84%D8%A8%D8%A7%D9%86-%D8%A7%D9%84%D8%AD%D9%84%D9%8A%D8%A8-%D8%A7%D9%84%D8%AC%D8%AF%D9%8A%D8%AF-albane,6111250012416,ألبان الحليب الجديد – Albane – 1,1,,Albane,"Dairies, ,, Milks, ,, fr:Maroc",,,,Morocco,French: lait,Milk,,1,B,1,D,True,True,no,low,low,low,low,194.0,46.0,1.5,1.0,4.9,0.0,,3.0,0.0,0.0,,,-3,3,6,3,0,0,0,6,0,0
https://world.openfoodfacts.org/product/7613035449626/chocapic-nestle,7613035449626,Chocapic – Nestlé – 645 g,645 g,,"Nestlé, ,, Chocapic","Plant-based foods and beverages, ,, Plant-based foods, ,, Breakfasts, ,, Cereals and potatoes, ,, Cereals and their products, ,, Breakfast cereals, ,, Chocolate cereals, ,, Breakfast cereals fortified with vitamins and chemical elements, ,, Extruded cereals, ,, Breakfast cereals rich in fibre, ,, Chocolate wheat shells, ,, Unfilled breakfast chocolate cereals fortified with vitamins and chemical elements","Made in France, ,, No colorings, ,, Nutriscore, ,, Nutriscore Grade B, ,, Rainforest Alliance, ,, Triman","Fabriqué en France, blé 100% français, cacao origine hors France.",,France,"French: Farine de BLÉ complet 37,5 %, farine de BLÉ 18,5 %, chocolat en poudre 18,1 % (sucre, cacao en poudre*), semoule de maïs, sirop de glucose, extrait de malt d' ORGE ( ORGE , ORGE malté), huile de tournesol, carbonate de calcium, sucre, farine d' ORGE malté, émulsifiant : lécithines ; sel, arômes naturels, fer, vitamines B3, B5, D, B6, B1, B2, B9. Peut contenir du LAIT et des FRUITS À COQUE. *Bilan massique certifié Rainforest Alliance. www.ra.org/fr. Nestlé achète une quantité de cacao certifié Rainforest Alliance équivalente à celle nécessaire pour ce produit.",Gluten,"Milk, Nuts",31,B,4,B,True,True,yes,moderate,low,high,low,1624.0,384.0,4.4,1.1,73.8,19.9,7.7,8.5,0.2,0.08,,0.0,2,10,8,4,5,1,0,3,5,0
https://world.openfoodfacts.org/product/4056489039518/petit-pains-grilles-ble-complet-maitre-jean-pierre,4056489039518,Petit Pains Grillés Blé complet – Maître Jean Pierre – 225g,225g,fr:R LE TRI + FACILE BAC DE TRI SACHET Séparez les éléments avant de trier,Maître Jean Pierre,"Plant-based foods and beverages, ,, Plant-based foods, ,, Cereals and potatoes, ,, Breads, ,, Toasts, ,, Toasted bread rolls","No palm oil, ,, Nutriscore, ,, Nutriscore Grade A, ,, fr:Farine de blé français, ,, Triman",Farine de blé complet et farine de blé d’origine française. Produit élaboré en France.,France,France,"French: Farine de blé complet 45%, farine de blé 45%, huile de colza, sucre, levure, sel, gluten de blé , agent de traitement de la farine (acide ascorbique)",Gluten,"Eggs, Milk, Sesame seeds, Soybeans",9,B,4,A,True,True,yes,moderate,low,low,moderate,1717.0,408.0,10.0,0.9,66.0,4.2,6.9,10.0,1.0,0.4,,0.0,2,10,8,5,1,0,4,4,4,0
https://world.openfoodfacts.org/product/3175681028111/les-galettes-boulgour-quinoa-tomate-paprika-cereal-bio,3175681028111,Les Galettes Boulgour & Quinoa - Tomate & Paprika – Céréal Bio – 200 g (2 x 100 g),200 g (2 x 100 g),"Plastic, ,, Cardboard, ,, Dry, ,, Protective gas, ,, Recyclable material, ,, Recyclable plastic, ,, Sleeve, ,, Vacuum-packed, ,, fr:Etui en carton, ,, fr:Film en plastique",Céréal Bio,"Plant-based foods and beverages, ,, Plant-based foods, ,, Meat alternatives, ,, Vegetarian patties, ,, Cereals and vegetables patties","Vegetarian, ,, Organic, ,, EU Organic, ,, No preservatives, ,, Source of fibre, ,, Vegan, ,, Cooked in France, ,, EU Agriculture, ,, FR-BIO-01, ,, Made in France, ,, Natural colorings, ,, No additives, ,, No colorings, ,, Nutriscore, ,, Nutriscore Grade A, ,, AB Agriculture Biologique","Huile de tournesol filière France, partenaires 100% Sud-Ouest","France, ,, Sud-Ouest",France,"whole wheat bulgur* 45,5%, quinoa* 11,9%, vegetable oils (oleic sunflower and sunflower), red peppers, onions, whole wheat flakes 5%, whole oatmeal 4,9%, tomato concentrate 3,3%, rice flour, corn, garlic, chili spices, sea salt, wheat gluten, beet powder, lean cocoa powder","Gluten, fr:avoine","Celery, Eggs, Lupin, Milk, Mustard, Nuts, Sesame seeds, Soybeans",14,B,4,A,True,True,yes,moderate,low,low,moderate,792.0,189.0,5.4,0.6,25.0,3.8,5.0,7.5,0.95,0.38,,,2,7,5,2,1,0,4,3,2,0
https://world.openfoodfacts.org/product/5000157024671/heinz-beanz-in-a-rich-tomato-sauce,5000157024671,HEINZ BEANZ In a rich tomato sauce – 415g,415g,"Metal, ,, Can, ,, Canned, ,, Food can",Heinz,"Plant-based foods and beverages, ,, Plant-based foods, ,, Fruits and vegetables based foods, ,, Legumes and their products, ,, Vegetable-based foods and beverages, ,, Canned foods, ,, Legumes, ,, Vegetables based foods, ,, Canned plant-based foods, ,, Prepared vegetables, ,, Baked beans in tomato sauce, ,, Canned legumes, ,, Canned common beans",No gluten,,"U.E., ,, London","Bulgaria, ,, France, ,, Germany, ,, Portugal, ,, Spain, ,, Sweden, ,, United Kingdom","Beans (50%), Tomatoes (36%), Water, Sugar, Modified Cornflour, Salt, Spice Extracts , Herb Extract",,,8,B,4,A,True,True,yes,low,low,low,high,388.240963855422,80.0,0.337349397590361,0.0481927710843374,15.4698795180723,4.28915662650602,3.85542168674699,4.81927710843374,1.56626506024096,0.626506024096386,,94.0449183303085,1,9,8,1,1,0,7,2,1,5
https://world.openfoodfacts.org/product/5025125000006/white-ciabattin-jason-s-sourdough,5025125000006,White Ciabattin – Jason's Sourdough – 580 g,580 g,,Jason's Sourdough,"Plant-based foods and beverages, ,, Plant-based foods, ,, Cereals and potatoes, ,, Cereals and their products, ,, Breads, ,, Sourdough breads, ,, White breads","Vegetarian, ,, Vegan, ,, Great Taste","United Kingdom, ,, European Union and Non European Union",,"Ireland, ,, United Kingdom, ,, United States","Wheat flour , water, salt, fermented wheat flour",Gluten,,4,B,3,A,True,True,yes,low,low,low,moderate,974.2,223.0,0.8,0.1,44.1,0.0,2.9,10.1,0.905,0.362,,0.0,2,6,4,2,0,0,4,4,0,0
https://world.openfoodfacts.org/product/4056489235798/pain-de-mie-grandes-tranches-special-sandwich-7-cereales-maitre-jean-pierre,4056489235798,Pain de mie Grandes Tranches Spécial Sandwich 7 Céréales – Maître Jean Pierre – 750g,750g,Plastic,Maître Jean Pierre,"Plant-based foods and beverages, ,, Plant-based foods, ,, Cereals and potatoes, ,, Breads, ,, Sliced breads, ,, Multigrain sliced breads, ,, Pain de mie","No palm oil, ,, Nutriscore, ,, Nutriscore Grade A",,,France,"French: 41% farine de blé, eau, levain de blé (farine de blé , eau), graines de tournesol, huile de colza, 2,8% flocons d'avoine, 2,8% flocons de seigle, graines de lin, blé complet égrugé, levure, sucre, protéines de blé, sel, farine de riz, 0,2% farine de malt d'orge, 0,2% farine d'épeautre ( blé ), farine de germes de blé, farine de sarrasin, correcteur d'acidité: acétates de sodium; arôme naturel, alcool. Traces éventuelles de soja , de moutarde , de lupins et de lait .",Gluten,"Lupin, Milk, Mustard, Soybeans",25,B,4,A,True,,maybe,moderate,low,low,moderate,1214.0,290.0,9.4,1.0,38.5,0.0,5.0,10.4,1.0,0.4,,0.0,1,7,6,3,0,0,4,4,2,0
https://world.openfoodfacts.org/product/6111024004746/huile-d-olive-vierge-de-maroc-alhorra,6111024004746,Huile d'olive vierge de Maroc – ALHORRA – 1l,1l,,ALHORRA,"Plant-based foods and beverages, ,, Plant-based foods, ,, Fats, ,, Vegetable fats, ,, Olive tree products, ,, Vegetable oils, ,, Olive oils, ,, Extra-virgin olive oils, ,, Virgin olive oils",,,,"France, ,, Morocco, ,, United States",French: Huile d'olive.,,,1,B,2,D,True,True,yes,high,high,low,low,3765.0,900.0,100.0,17.0,0.0,0.0,,0.0,0.0,0.0,,,2,7,5,,0,,0,,0,5
https://world.openfoodfacts.org/product/6111242102187/ghani-jaouda,6111242102187,Ghani – Jaouda,,,Jaouda,"Dairies, ,, Fermented foods, ,, Fermented milk products, ,, Desserts, ,, Dairy desserts, ,, Fermented dairy desserts, ,, Yogurts",,,,"France, ,, Morocco",French: حليب طري جزئي الدهن،مسحوق الحليب بدون قشدة،سكر،كاكاو،شوكولاتة،مخثر،كاراگينان،نكهة،أملاح معدنية،ڤيتامينات:AوD3,,,11,C,,B,False,True,yes,low,low,moderate,low,339.7,80.0,1.6,0.6,13.3,12.0,,3.2,0.2,0.08,,0.0,3,4,1,1,3,0,0,1,0,0
https://world.openfoodfacts.org/product/5411188116592/tempting-and-tropical-coco-alpro,5411188116592,Tempting and Tropical Coco – alpro – 1l,1l,"Composite material, ,, Cardboard, ,, Tetra Pak, ,, da:C/PAP, ,, Composite-carton",Alpro,"Beverages and beverages preparations, ,, Plant-based foods and beverages, ,, Beverages, ,, Dairy substitutes, ,, Milk substitutes, ,, Plant-based beverages, ,, Plant-based milk alternatives, ,, Pasteurised products","Low or no fat, ,, Vegetarian, ,, Low fat, ,, No gluten, ,, Enriched with vitamins, ,, No milk, ,, Pasteurized, ,, Vegan, ,, 100% vegetable, ,, Calcium source, ,, High in calcium, ,, Low energy, ,, Made in France, ,, No added sugar, ,, Nutriscore, ,, Nutriscore Grade B, ,, Vitamin B12 source, ,, Vitamin D source",Origine de la noix de coco : Indonésie / Philippines / Sri Lanka,France,"Austria, ,, Belgium, ,, Bulgaria, ,, Czech Republic, ,, France, ,, Germany, ,, Hungary, ,, Italy, ,, Luxembourg, ,, Morocco, ,, Netherlands, ,, Poland, ,, Portugal, ,, Romania, ,, Slovakia, ,, Slovenia, ,, Sweden, ,, Switzerland, ,, United Kingdom","Water, Coconut milk (5.3%) (Coconut cream, Water), Rice (3.3%), Calcium (Tri-calcium phosphate), Stabilisers (Guar gum, Gellan gum, Xanthan gum), Sea salt, Flavourings, Vitamins (B12, D2).",,Nuts,15,B,4,,True,True,yes,moderate,moderate,low,low,66.65,16.0,1.61243,1.419,2.8664,0.18588,0.08367,0.38454,0.06965786,,,8.6,2,2,0,1,0,1,0,0,0,0
https://world.openfoodfacts.org/product/3175681028098/galettes-boulghour-epeautre-cereal-bio,3175681028098,Galettes boulghour & épeautre – Céréal Bio – 200 g (2 x 100 g),200 g (2 x 100 g),"Plastic, ,, Cardboard, ,, Dry, ,, Protective gas, ,, Recyclable material, ,, Recyclable plastic, ,, fr:Etui en carton, ,, fr:Film plastique",Céréal Bio,"Meat alternatives, ,, Vegetarian patties, ,, Cereals and vegetables patties","Vegetarian, ,, Organic, ,, Certified by Ecocert, ,, EU Organic, ,, No preservatives, ,, Non-EU Agriculture, ,, Source of fibre, ,, Vegan, ,, Cooked in France, ,, ES-ECO-019-CT, ,, EU Agriculture, ,, EU/non-EU Agriculture, ,, FR-BIO-01, ,, High fibres, ,, Natural colorings, ,, No additives, ,, No colorings, ,, Nutriscore, ,, Nutriscore Grade A, ,, AB Agriculture Biologique, ,, fr:Blé français","France, ,, Italy, ,, European Union, ,, European Union and Non European Union",Sud-Ouest de la France,France,"French: Boulgour de blé complet réhydraté 43,5%, petit épeautre cuit ( blé ) 13,2%, carottes 6%, farine de blé 5,1%, oignons 4,6%, huiles végétales (huile de tournesol oléique, huile de tournesol), concentré de tomates 3,9%, flocons d'avoine complète 3,7%, poivrons rouges 3,2%, gluten de blé 2,8%, flocons de blé complet 2,3%, céleri rave 14%, ail, raisins secs, sel de mer, épices.","Celery, Gluten","Milk, Nuts, Sesame seeds, Soybeans",19,B,4,A,True,True,yes,moderate,low,low,moderate,780.0,186.0,5.2,0.6,25.0,3.8,6.2,5.0,0.95,0.38,,,2,7,5,2,1,0,4,2,3,0
https://world.openfoodfacts.org/product/3248340054063/lait-demi-ecreme-c-est-qui-le-patron,3248340054063,Lait demi écrémé – C’est qui le patron?! – 1 l,1 l,"Composite material, ,, Cardboard, ,, Tetra Pak, ,, Brick, ,, fr:Etui en carton, ,, fr:Étui carton à recycler",C’est qui le patron?!,"Dairies, ,, Milks (liquid and powder), ,, Milks, ,, Homogenized milks, ,, Pasteurised products, ,, Semi-skimmed milks, ,, UHT Milks","No GMOs, ,, French milk, ,, FSC, ,, FSC Mix, ,, fr:Garantie IPLC, ,, Triman",France,France  dans le Loiret,"France, ,, Morocco","sterilized semi-skimmed milk u,h,t",Milk,,1,B,1,C,True,True,no,low,low,low,low,199.0,47.0,1.55,1.04,4.83,4.66,0.0,3.38,0.09,,,0.0,0,7,7,3,3,1,0,7,0,0
https://world.openfoodfacts.org/product/6111242105638/lait-sans-lactose-jaouda,6111242105638,Lait sans lactose – Jaouda – 1l,1l,,Jaouda,"Dairies, ,, Milks, ,, Homogenized milks, ,, UHT Milks, ,, Lactose-free milk","No gluten, ,, No lactose",,,Morocco,"whole milk lactose-free, vitamins: a, d",Milk,,4,B,1,D,True,True,no,moderate,low,low,low,242.0,58.0,3.0,1.3,4.7,0.0,,3.0,0.0,0.0,,,0,6,6,5,0,1,0,6,0,0
https://world.openfoodfacts.org/product/6111266962910/press-up-jaouda-petit-orange,6111266962910,press up jaouda petit orange – 230,230,,jaouda,"Beverages and beverages preparations, ,, Plant-based foods and beverages, ,, Beverages, ,, Plant-based beverages, ,, Fruit-based beverages, ,, Juices and nectars, ,, Fruit juices, ,, Orange juices",Rich in vitamin C,Morocco,,Morocco,"orange juice, water, sugar, acidifier: citric acid, vitamin c, natural flavour",,,7,B,4,D,True,,maybe,low,low,moderate,low,155.0,37.0,0.0,0.0,8.7,4.5,0.2,0.1,0.0025,0.001,0.0,66.0,2,6,4,3,3,0,0,0,0,4
https://world.openfoodfacts.org/product/3329770051072/fromage-frais-nature-au-lait-demi-ecreme-petit-yoplait-std,3329770051072,Fromage frais nature au lait demi-écrémé. – Petit yoplait std – 360 g,360 g,"Plastic, ,, Pot, ,, Fresh","Petit yoplait std, ,, Yoplait","Dairies, ,, Fermented foods, ,, Fermented milk products, ,, Desserts, ,, Dairy desserts, ,, Fermented dairy desserts, ,, Petits suisses, ,, Plain fermented dairy desserts, ,, Plain Petit-Suisse","Source of proteins, ,, French milk, ,, High proteins, ,, Made in France, ,, Nutriscore, ,, Nutriscore Grade A, ,, Triman",fr:Lait origine France,France,"France, ,, Switzerland","pasteurized skimmed milk and creamer - skimmed milk powder - lactic ferments - paper treated with potassium sorbate,
milk of french origin",Milk,,5,B,3,A,True,True,no,moderate,moderate,low,low,364.0,87.0,3.8,2.5,4.1,4.1,0.1,9.0,0.075,0.03,,,1,4,3,1,1,2,0,3,0,0
https://world.openfoodfacts.org/product/20171841/tostas-integral-centeno-centeio-tastino,20171841,Tostas integral CENTENO/CENTEIO – Tastino – 250unknown,250unknown,"Paper, ,, Bag, ,, Cardboard",Tastino,"Plant-based foods and beverages, ,, Plant-based foods, ,, Cereals and potatoes, ,, Breads, ,, Crispbreads, ,, Rye breads","Source of fibre, ,, Green Dot, ,, High fibres, ,, Nutriscore, ,, Nutriscore Grade B, ,, Tidy man",,,"Croatia, ,, Estonia, ,, Germany, ,, Latvia, ,, Lithuania, ,, Portugal, ,, Serbia, ,, Spain, ,, Switzerland","German: Roggenvollkornmehl , Speisesalz",Gluten,"Gluten, Milk, Sesame seeds",2,B,3,A,True,True,yes,low,low,low,moderate,1345.0,319.0,1.5,0.3,60.0,0.0,16.0,8.3,1.3,0.52,,,2,10,8,4,0,0,6,3,5,0
https://world.openfoodfacts.org/product/6111242104198/pressup-orange-1l-jaouda,6111242104198,Pressup Orange 1l – jaouda – 950g,950g,"Cardboard, ,, fr:+6°c",jaouda,"Beverages and beverages preparations, ,, Plant-based foods and beverages, ,, Beverages, ,, Plant-based beverages, ,, Fruit-based beverages, ,, Juices and nectars, ,, Fruit nectars, ,, Fruit juices, ,, Orange juices, ,, Orange nectars",,,Maroc,Morocco,"French: Jus d'orange, eau, sucre, acidifiant : acide citrique, vitamine C, arôme naturel.",,,7,B,4,C,True,,maybe,low,low,moderate,low,151.2,37.0,0.0,0.0,8.7,4.5,0.2,0.1,0.0025,0.001,,66.0,2,6,4,3,3,0,0,0,0,4
https://world.openfoodfacts.org/product/8410111211202/atun-isabel,8410111211202,Atun – Isabel – 240 g,240 g,"Caja, ,, Conserva, ,, Lata, ,, Recipiente",Isabel,"Seafood, ,, Fishes and their products, ,, Canned foods, ,, Fishes, ,, Fatty fishes, ,, Canned fishes, ,, Tunas, ,, Canned tunas, ,, Atún-en-aceite","Dolphin Safe, ,, Natural source of Oméga 3",,"Morocco, ,, Agadir, ,, Anza","France, ,, Morocco, ,, Spain",French: القيمة الغذائية المشار القيم(إليها في 0 10غ من المنتوج )المقطر,,,3,B,,E,False,True,yes,moderate,moderate,low,moderate,828.0,198.0,10.0,1.5,0.0,0.0,0.0,27.0,1.2,0.48,,,1,8,7,2,0,1,5,7,0,0
https://world.openfoodfacts.org/product/7613032655495/chicoree-cafe-ricore-l-original-boite-de-260g-nestle,7613032655495,"Chicorée & Café, RICORÉ® L'Original, Boîte de 260g – Nestlé – 260 g",260 g,"Box, ,, Can, ,, Drink can, ,, fr:Boîte en métal, ,, fr:Couvercle en plastique","Nestlé, ,, Ricoré","Beverages and beverages preparations, ,, Plant-based foods and beverages, ,, Beverages, ,, Plant-based foods, ,, Plant-based beverages, ,, Beverage preparations, ,, Coffees, ,, Instant beverages, ,, Instant coffee substitutes, ,, Instant coffees, ,, Instant mix of chicory and coffee powder","Vegetarian, ,, Green Dot, ,, Made in France, ,, Nutriscore, ,, Nutriscore Grade A, ,, Triman","Fabriquée en France. Café origine non-UE. Chicorée origine UE et non-UE (France, Inde). Notre chicorée provient principalement du nord de la France.","Nestlé France (MNF) - Zone Louis Delaporte - 76370 Rouxmesnil-Bouteilles, ,, Seine-Maritime, ,, Haute-Normandie, ,, France","France, ,, Morocco, ,, New Caledonia, ,, Switzerland","French: Café soluble 33%, fibres de chicorée (oligofructose) 33%, chicorée soluble 30%, magnésium.",,,5,B,4,,True,True,yes,,,,,211.0,50.0,1.6,1.0,5.0,4.9,0.9,3.4,0.1,0.04,,,0,7,7,4,3,0,0,7,0,0
https://world.openfoodfacts.org/product/8436547770137/kefir-natural-sabor-suave-hacendado,8436547770137,Kéfir Natural Sabor Suave – Hacendado – 500 g,500 g,"Plastic, ,, Pot, ,, Producto",Hacendado,"Beverages and beverages preparations, ,, Beverages, ,, Dairies, ,, Fermented foods, ,, Fermented milk products, ,, Desserts, ,, Dairy desserts, ,, Dairy drinks, ,, Fermented dairy desserts, ,, Fermented drinks, ,, Fermented milk drinks, ,, Kefir yogurts, ,, Kefir","No gluten, ,, Green Dot",España,,"Portugal, ,, Spain","milk , cream , skimmed milk powder and ferments",Milk,,5,C,1,,True,True,no,moderate,high,low,low,308.4,74.0,4.2,2.9,5.1,2.3,,3.9,0.0002,8e-05,,0.0,4,11,7,7,2,2,0,7,0,0
https://world.openfoodfacts.org/product/3083680613576/lentilles-preparees-cassegrain,3083680613576,LENTILLES PRÉPARÉES – Cassegrain – 265 g,265 g,"Metal, ,, Box, ,, Can, ,, Canned, ,, Food can, ,, fr:Boîte en métal",Cassegrain,"Plant-based foods and beverages, ,, Plant-based foods, ,, Legumes and their products, ,, Canned foods, ,, Legumes, ,, Meals, ,, Seeds, ,, Canned plant-based foods, ,, Legume seeds, ,, Pulses, ,, Lentils, ,, Canned legumes, ,, Canned seasoned lentils, ,, Prepared lentils, ,, Vegetables - Prepared/Processed (Shelf Stable)","No preservatives, ,, Green Dot, ,, Nutriscore, ,, Nutriscore Grade A, ,, fr:Eco-emballages","Canada, ,, China",France,"France, ,, Germany","Water, lentils, carrots 3%, flavourings, dehydrated onions 0.7%, salt, bay leaf, firming agent : calcium chloride or E509. May contain cereals contening GLUTEN","Celery, Gluten, Soybeans","Gluten, Soybeans, Cereals-with-gluten",10,B,4,A,True,,maybe,low,low,low,moderate,394.0,93.0,0.5,0.1,14.0,0.0,3.1,6.6,0.76,0.304,,92.5545571245186,-3,5,8,,0,,3,2,1,5
https://world.openfoodfacts.org/product/3229820797861/croustillant-3-noix-noisette-amande-noix-de-cajou-bjorg,3229820797861,"Croustillant 3 noix noisette, amande & noix de cajou – Bjorg – 450 g",450 g,,Bjorg,"Plant-based foods and beverages, ,, Plant-based foods, ,, Breakfasts, ,, Cereals and potatoes, ,, Cereals and their products, ,, Breakfast cereals, ,, Mueslis, ,, Breakfast cereals rich in fibre, ,, Cereals with nuts, ,, Crunchy cereal clusters, ,, Cereal clusters with nuts, ,, Mueslis with nuts","Organic, ,, EU Organic, ,, Non-EU Agriculture, ,, DE-ÖKO-001, ,, EU Agriculture, ,, EU/non-EU Agriculture, ,, No palm oil, ,, Nutriscore, ,, Nutriscore Grade B, ,, AB Agriculture Biologique",,,France,"French: Flocons d'avoine complète*, flocons de blé complet*, sucre de canne non raffiné*, huile de tournesol oléique*, noisettes 4,4%, amandes 3,3%, noix de cajou* 2,2%, stabilisant: gomme d'acacia*, antioxydant: extrait riche en tocopherols.
*Ingrédients biologiques","Gluten, Nuts","Milk, Nuts, Sesame seeds, Soybeans",11,B,4,A,True,True,yes,moderate,moderate,high,low,1847.0,486.0,17.0,2.1,56.0,0.0,9.9,11.0,0.02,0.008,,0.0,1,10,9,5,3,2,0,4,5,0
https://world.openfoodfacts.org/product/6111126001988/leben-beldi-chergui,6111126001988,Leben BELDI – Chergui – 450g,450g,,Chergui,"Beverages and beverages preparations, ,, Beverages, ,, Dairies, ,, Spreads, ,, Spreadable fats, ,, Milkfat",,"France, ,, Camargue",,"France, ,, Morocco","French: Lait demi écrémé , ferments lactiques .",Milk,,2,B,1,,True,True,no,moderate,low,moderate,low,201.0,48.0,1.8,0.013,5.0,3.4,,3.0,0.13,0.052,,,-1,5,6,3,2,0,0,6,0,0
https://world.openfoodfacts.org/product/3124480186560/oasis,3124480186560,oasis – 33 cl,33 cl,"Metal, ,, Acier, ,, Boîte de conserve ou canette, ,, Canette","Oasis, ,, Oasis Tropical","Aliments et boissons à base de végétaux, ,, Boissons, ,, Boissons aux fruits, ,, Boissons avec sucre ajouté, ,, Boissons plates aux fruits, ,, Boissons sans alcool, ,, Boissons à base de végétaux",Sans conservateurs,France,France,"Belgium, ,, France, ,, Morocco, ,, Switzerland","spring water 80%, fruit juice based on concentrates 12% ( orange 6.4%, apple 5.5%, passion fruit 0.1%, mango 0.07%), sugar, acidifier: citric acid, aroma, antioxidant: ascorbic acid, stabilizer: acacia gum, color: paprika extract",Orange,,17,B,4,,True,,maybe,low,low,moderate,low,120.0,28.0,0.0,0.0,6.6,6.6,,0.1,0.03,0.012,,,1,1,0,0,1,0,0,0,0,0
https://world.openfoodfacts.org/product/3770016162036/nuggets-vegetaux-et-gourmands-happyvore,3770016162036,Nuggets Végétaux et Gourmands – HappyVore – 210 g,210 g,"Plastic, ,, Film, ,, Refrigerated, ,, Tray",HappyVore,"Plant-based foods and beverages, ,, Plant-based foods, ,, Meat alternatives, ,, Meat analogues, ,, Breaded products, ,, Meat analogues from soy or wheat proteins, ,, Vegetarian nuggets","Vegetarian, ,, No artificial flavors, ,, Source of fibre, ,, Source of proteins, ,, Vegan, ,, 100% vegetable, ,, Certified B Corporation, ,, High proteins, ,, Made in France, ,, No artificial colors, ,, No artificial colours or flavours, ,, No palm oil, ,, Nutriscore, ,, Nutriscore Grade A, ,, fr:A",Ingrédients origine Union Européenne / Fabriqué en France,France,France,"water, breadcrumbs ( wheat flour , spices, salt, yeast, sunflower oil), wheat protein, wheat farien, potato starch, bamboo fibre, stabiliser: methycellulose, natural flavouring, plantain fibre, vinegar, salt, rosemary extract, may contain traces of: cereals containing gluten, milk , sesame , soy",Gluten,"Gluten, Milk, Sesame seeds, Soybeans",18,B,4,C,True,True,yes,moderate,low,low,moderate,1065.4,252.0,14.0,1.3,20.0,0.8,6.8,9.0,1.18,0.472,,0.0,2,9,7,3,0,1,5,3,4,0
https://world.openfoodfacts.org/product/5010029229110/crispy-minis-choco-weetabix,5010029229110,Crispy minis choco – Weetabix – 500 g,500 g,,Weetabix,"Plant-based foods and beverages, ,, Plant-based foods, ,, Breakfasts, ,, Cereals and potatoes, ,, Cereals and their products, ,, Breakfast cereals, ,, Chocolate cereals","Nutriscore, ,, Nutriscore Grade A",,,"Belgium, ,, France, ,, Netherlands, ,, Portugal, ,, Réunion, ,, Spain, ,, Switzerland, ,, United Kingdom","French: Blé complet (88%), chocolat noir (12%) (sucre, pâte de cacao, beurre de cacao, émulsifiant: lécithine de soja, arôme), sucre, sel, arômes, fer, niacine, thiamine (vitamine B1), riboflavine (vitamine B2), acide folique, vitamine D","Gluten, Soybeans",,19,B,4,C,True,True,yes,moderate,moderate,high,low,1610.0,385.0,5.0,2.25,70.0,17.0,10.0,10.0,0.16,0.064,,,1,10,9,4,4,2,0,4,5,0
https://world.openfoodfacts.org/product/4056489028109/shot-de-gingembre-bio-solevita,4056489028109,SHOT de GINGEMBRE BIO – Solevita – 150ml,150ml,"Metal, ,, Recyclable Metals, ,, Aluminium, ,, Can","Solevita, ,, Lidl","Beverages and beverages preparations, ,, Plant-based foods and beverages, ,, Beverages, ,, Plant-based foods, ,, Plant-based beverages, ,, Fruit-based beverages, ,, Juices and nectars, ,, Fruit juices, ,, Non-alcoholic beverages","Vegetarian, ,, Organic, ,, EU Organic, ,, Non-EU Agriculture, ,, Vegan, ,, AT-BIO-301, ,, EU Agriculture, ,, EU/non-EU Agriculture, ,, European Vegetarian Union, ,, European Vegetarian Union Vegan, ,, Nutriscore, ,, Nutriscore Grade B, ,, Pure juice, ,, AB Agriculture Biologique, ,, Triman","Austria, ,, European Union and Non European Union",Austria,"Belgium, ,, Bulgaria, ,, France, ,, Germany, ,, Hungary, ,, Italy, ,, Morocco, ,, Spain, ,, Switzerland, ,, United Kingdom","Ginger Juice 25%, Lemon Juice 10%, Apple Juice 65%, Antioxidant: Ascorbic Acid.",,,5,B,1,C,True,True,yes,low,low,moderate,low,108.0,26.0,0.333333333333333,0.0666666666666667,5.26666666666667,5.26666666666667,,0.333333333333333,0.00666666666666667,0.00266666666666667,,,2,6,4,2,4,0,0,0,0,4
https://world.openfoodfacts.org/product/3175681170872/lentilles-cuisinees-riz-soja-cereal-bio,3175681170872,"Lentilles cuisinées, riz & soja – Céréal Bio – 250g",250g,"Plastic, ,, Bag, ,, Pouch flask, ,, Protective gas, ,, fr:Sachet micro-ondable",Céréal Bio,"Plant-based foods and beverages, ,, Plant-based foods, ,, Legumes and their products, ,, Legumes, ,, Meals, ,, Seeds, ,, Legume seeds, ,, Pulses, ,, Lentils, ,, Microwave meals, ,, Plant-based meals, ,, Prepared lentils","Vegetarian, ,, Organic, ,, EU Organic, ,, No preservatives, ,, Non-EU Agriculture, ,, Vegan, ,, EU Agriculture, ,, EU/non-EU Agriculture, ,, FR-BIO-01, ,, FR-BIO-10, ,, Made in France, ,, No colorings, ,, Nutriscore, ,, Nutriscore Grade A, ,, AB Agriculture Biologique, ,, fr:Sans viande","lentilles et soja origine France, riz origine Inde",France,"Belgium, ,, France","carrots* 24%, water, green lentils* 14%, rice basmati* full * 12%, onions* 12%, soy protein * textured and rehydrated 6%, soy sauce * (water, soybeans * , wheat * , sea salt, alcohol*), olive oil* extra virgin sunflower oil*, sea salt 
* ingredients from organic farming","Gluten, Soybeans","Celery, Eggs, Milk, Mustard, Nuts, Sesame seeds",13,B,3,A,True,True,yes,moderate,low,low,moderate,638.0,153.0,6.4,1.1,13.0,1.6,8.9,6.4,0.72,0.288,,,-3,5,8,,0,,3,2,5,1
https://world.openfoodfacts.org/product/8002470023727/huile-d-olive-vierge-extra-bio-classico-carapelli,8002470023727,Huile d'olive vierge extra Bio Classico – Carapelli – 75 cl,75 cl,"Bottle, ,, Glass-bottle, ,, Hdpe-cap, ,, fr:Bouchon plastique, ,, fr:Film plastique souple",Carapelli,"Plant-based foods and beverages, ,, Plant-based foods, ,, Fats, ,, Vegetable fats, ,, Olive tree products, ,, Vegetable oils, ,, Olive oils, ,, Extra-virgin olive oils, ,, Virgin olive oils","Organic, ,, EU Organic, ,, Non-EU Agriculture, ,, EU Agriculture, ,, EU/non-EU Agriculture, ,, IT-BIO-008, ,, AB Agriculture Biologique, ,, Triman",Unspecified,Italie,France,higher grade olive oil obtained directly from olives and only through mechanical processes,None,None,1,B,2,C,True,True,yes,high,high,low,low,3374.0,821.0,91.0,14.0,0.0,0.0,,0.0,0.0,0.0,,,0,5,5,,0,,0,0,0,5
https://world.openfoodfacts.org/product/8008698007389/wholesome-seeded-loaf-schar,8008698007389,Wholesome Seeded Loaf – Schär – 300 g,300 g,"Other plastic-unknown, ,, Pp-tray",Schär,"Plant-based foods and beverages, ,, Plant-based foods, ,, Cereals and potatoes, ,, Cereals and their products, ,, Specific products, ,, Products for specific diets, ,, Breads, ,, Products without gluten, ,, Gluten-free breads, ,, Bakkerij, ,, Brood, ,, Glutenvrij brood","No gluten, ,, Crossed Grain Trademark, ,, No preservatives, ,, Green Dot, ,, No lactose",,,Belgium,"corn starch, water, sourdough 14% (rice flour, water), rice starch, vegetable fibre (psyllium), rice syrup, sunflower oil, soybean flakes, sunflower seeds 2.1%, millet flour 2%, flaxseed 1.9%, thickener: hpmc, quinoa flour 1.3%, yeast, rice flour 1.3%, soy protein, soy bran, iodized salt (salt,  potassium iodide), poppy seeds 0.6%, chia seeds (salvia hispanica) 0.6%, honey",Soybeans,"Lupin, Mustard, Sesame seeds",28,B,4,A,True,True,no,moderate,low,low,moderate,1037.6,556.0,6.4,0.8,38.0,4.0,10.0,4.4,0.94,0.376,,0.0,2,8,6,3,1,0,4,1,5,0
https://world.openfoodfacts.org/product/3229820801087/avoine-sans-sucres-bjorg,3229820801087,Avoine sans sucres – Bjorg – 1 L,1 L,"Tetra Pak, ,, Brick, ,, fr:Brique en carton",Bjorg,"Beverages and beverages preparations, ,, Plant-based foods and beverages, ,, Beverages, ,, Plant-based foods, ,, Cereals and potatoes, ,, Dairy substitutes, ,, Cereals and their products, ,, Milk substitutes, ,, Plant-based beverages, ,, Plant-based milk alternatives, ,, Cereal-based drinks, ,, Oat-based drinks","Organic, ,, EU Organic, ,, Certified B Corporation, ,, EU Agriculture, ,, FR-BIO-01, ,, IT-BIO-007, ,, Made in Italy, ,, Nutriscore, ,, Nutriscore Grade B, ,, AB Agriculture Biologique",Italy,,"France, ,, Switzerland","French: Eau, avoine* 11%, huile de tournesol* pressée à froid, sel marin.",,,4,B,3,B,True,True,yes,low,low,low,low,120.0,29.0,0.9,0.2,4.5,0.5,0.0,0.6,0.09,0.036,0.0,,2,2,0,2,0,0,0,0,0,0
https://world.openfoodfacts.org/product/6111126005894/kefir-nature-chergui,6111126005894,Kéfir Nature – Chergui – 500,500,,Chergui,"Beverages and beverages preparations, ,, Beverages, ,, Dairies, ,, Fermented foods, ,, Fermented milk products, ,, Desserts, ,, Dairy desserts, ,, Dairy drinks, ,, Fermented dairy desserts, ,, Fermented drinks, ,, Fermented milk drinks, ,, Yogurts, ,, Kefir",,,,Morocco,"Luxembourgish: KEFIR Lait fermenté حليب مخمر المكونات حليب نصف الدسم، فيتامين B6 و B12 ، خمائر الكفير (مصدر للبروبيوتيك) وخمائر حليبية. INGRÉDIENTS Lait demi-écrémé,Vitamine B12 & B6, Ferments kéfir (source de probiotiques), Ferments lactiques INFORMATIONS NUTRITIONNELLES POUR 100G Énergie: المعلومات الغذائية لـ 100غ Kcal كيلوكالوري Graisses: 1,70 g dont acides 1,19 g gras saturés: Glucides: 4,50 g dont sucres: Protéines: 2,70 g Sel: 0,13 g Source de 0,21 mg vitamine B6 Source de vitamine B12 الطاقة الدهنيات : بما فيها الأحماض الدهنية المشبعة السكريات : بما فيها السكر : 4,20g البروتينات : الملح : مصدر فيتامين B6 مصدر فيتامين B12 0,300 111126 005894 me Préservons l'environnement لنحافظ على البيئة",,,24,B,,E,False,True,yes,moderate,moderate,moderate,low,184.0,44.0,1.7,1.19,4.5,4.2,,2.7,0.1275,0.051,,,2,7,5,3,3,1,0,5,0,0
https://world.openfoodfacts.org/product/3229820794624/galettes-riz-complet-bio-bjorg,3229820794624,Galettes riz complet Bio – Bjorg – 130g,130g,"fr:Sachet en plastique, ,, fr:Sachet plastique",Bjorg,"Plant-based foods and beverages, ,, Plant-based foods, ,, Cereals and potatoes, ,, Cereals and their products, ,, Puffed cereal cakes, ,, Puffed rice cakes, ,, Puffed wholegrain rice cakes","No gluten, ,, Organic, ,, EU Organic, ,, Certified B Corporation, ,, FR-BIO-01, ,, Made in Italy, ,, Nutriscore, ,, Nutriscore Grade A, ,, Triman",European Union and Non European Union,Belgique,"France, ,, Morocco, ,, Switzerland","brown rice 99,7%, salt",,Sesame seeds,2,B,3,A,True,True,yes,moderate,low,low,low,1585.0,379.0,3.2,0.698529411764706,77.0,0.599264705882353,3.59926470588235,8.7,0.25,0.1,,,1,5,4,4,0,0,1,3,1,0
https://world.openfoodfacts.org/product/7613032779566/chocapic-nestle,7613032779566,chocapic – Nestlé – 1000 g,1000 g,"fr:Conteneur, ,, Container","Nestlé, ,, Chocapic","Plant-based foods and beverages, ,, Plant-based foods, ,, Breakfasts, ,, Cereals and potatoes, ,, Cereals and their products, ,, Breakfast cereals, ,, Chocolate cereals, ,, Breakfast cereals fortified with vitamins and chemical elements, ,, Extruded cereals, ,, Breakfast cereals rich in fibre, ,, Chocolate wheat shells, ,, Unfilled breakfast chocolate cereals fortified with vitamins and chemical elements","Vegetarian, ,, Green Dot, ,, Made in France, ,, No palm oil, ,, Nutriscore, ,, Nutriscore Grade A, ,, Rainforest Alliance, ,, Rainforest Alliance Cocoa, ,, Too good to go, ,, fr:Blé français, ,, Triman","Fabriqué en France, blé 100% français, cacao origine hors France.","Itancourt, ,, Ain, ,, France ou Rumilly, ,, Haute-Savoie, ,, France","France, ,, Switzerland","whole wheat 35,1%, chocolate powder 22,5% (sugar, cocoa powder*), wheat flour 17,0%, cornmeal, glucose syrup, sugar, barley malt extract ( barley , malted barley ), sunflower oil, calcium carbonate, emulsifier: lecithins, salt, natural flavours, iron, vitamins b3, b5, d, b6, b1, b2 and b9, may contain milk and nuts ,  *rainforest alliance certified mass balance, www,ra,org/en",Gluten,"Milk, Nuts",31,B,4,B,True,True,yes,moderate,low,high,low,1624.0,384.0,4.4,1.1,73.8,19.9,7.7,8.5,0.2,0.08,,,2,10,8,4,5,1,0,3,5,0
https://world.openfoodfacts.org/product/3175681290297/cookie-chocolat-saveur-noisette-sans-sucres-gerble,3175681290297,Cookie Chocolat saveur noisette Sans sucres – Gerblé – 130 gr,130 gr,fr:1 étui et 4 sachets à mettre au bac de tri,Gerblé,"Snacks, ,, Sweet snacks, ,, Biscuits and cakes, ,, Biscuits and crackers, ,, Biscuits, ,, Chocolate biscuits, ,, Drop cookies, ,, Chocolate chip cookies","Low or no sugar, ,, Vegetarian, ,, Vegan, ,, Made in France, ,, No palm oil, ,, No sugar, ,, Nutriscore, ,, Nutriscore Grade A, ,, Rainforest Alliance","France, ,, European Union, ,, Non European Union",,France,"French: Farine de BLE 53,2%, édulcorant : maltitols, pépites de chocolat avec édulcorant 13,3% (pâte de cacao, édulcorant : maltitols, beurre de cacao, émulsifiant : lécithines), huile de colza, NOISETTES torréfiées 5%, fibres de BLE , émulsifiant : lécithines, arômes naturels, poudres à lever (acide citrique, carbonates de sodium, carbonates d'ammonium), sel de mer Fabriqué dans un atelier qui utilise FRUITS A COQUE , LAIT , LUPIN , OEUF , SESAME , SOJA","Gluten, Nuts","Eggs, Lupin, Milk, Nuts, Sesame seeds, Soybeans",20,B,4,C,True,True,yes,moderate,moderate,low,low,1861.0,445.0,20.0,3.6,64.0,0.0,6.0,8.0,0.1775,0.071,22.0,,2,8,6,5,0,3,0,3,3,0
https://world.openfoodfacts.org/product/5411188115472/voll-mit-protein-soya-alpro,5411188115472,Voll mit Protein Soya – alpro – 1 l,1 l,"Composite material, ,, Tetra Pak, ,, Dry, ,, fr:Bouchon plastique, ,, fr:Brique en carton",Alpro,"Beverages and beverages preparations, ,, Plant-based foods and beverages, ,, Beverages, ,, Plant-based foods, ,, Legumes and their products, ,, Dairy substitutes, ,, Milk substitutes, ,, Plant-based beverages, ,, Plant-based milk alternatives, ,, Legume-based drinks, ,, Soy-based drinks, ,, Plain soy drink fortified with calcium, ,, Sweetened plain soy-based drinks, ,, Unsweetened plain soy-based drinks","No gluten, ,, Vegetarian, ,, Vegan, ,, FSC, ,, No lactose","France, ,, Canada, ,, Italy",,"Austria, ,, Belgium, ,, France, ,, Germany, ,, Norway, ,, Réunion, ,, Romania, ,, Switzerland","soya base (96.8%) (water, peeled soybeans/soybean/soybeans (8%)), sugar/sugar, acidity regulator/agents (potassium phosphates), calcium (calcium carbonate), flavouring, sea salt, stabiliser/stabiliser (gellan gum), vitamins (b2, b12, d2)",Soybeans,,16,B,4,A,True,True,yes,moderate,low,moderate,low,163.0,39.0,1.8,0.3,2.5,2.5,0.5,3.0,0.09,0.036,,,-1,5,6,3,2,0,0,6,0,0
https://world.openfoodfacts.org/product/6111024002186/houilor-huilor,6111024002186,Houilor – Huilor – 200cl,200cl,,Huilor,"Plant-based foods and beverages, ,, Plant-based foods, ,, Fats, ,, Vegetable fats, ,, Olive tree products, ,, Vegetable oils, ,, Olive oils",,,,Morocco,"rda: recommended daily intake, d0mega 6 that our body cannot make, 100g",,Nuts,3,B,,E,False,True,yes,high,high,low,low,3700.0,900.0,100.0,12.6,0.0,0.0,0.0,0.0,0.0,0.0,24.0,,-1,4,5,,0,,0,0,0,5
https://world.openfoodfacts.org/product/5010477365316/oh-my-crisp-noix-jordans,5010477365316,Oh my crisp ! - Noix – JORDANS – 400 g,400 g,,JORDANS,"Plant-based foods and beverages, ,, Plant-based foods, ,, Breakfasts, ,, Cereals and potatoes, ,, Cereals and their products, ,, Breakfast cereals, ,, Mueslis","No added sugar, ,, Nutriscore, ,, Nutriscore Grade B",,,France,"French: Flocons d'avoine complète, fibre de racine de chicorée, raisins de sultane, huile de colza et de tournesol, morceaux de noix de cajou, amandes entières, noisettes grillées, farines d'avoine, de riz, graines de tournesol, noix de coco séché, arôme naturel.",Nuts,,14,B,4,C,True,True,yes,moderate,moderate,moderate,low,1840.0,440.0,20.0,3.7,47.0,9.5,18.0,9.0,0.03,0.012,,,2,10,8,5,2,3,0,3,5,0
https://world.openfoodfacts.org/product/5449000135544/ciel-50cl,5449000135544,"Ciel 50cl – 0,5 L","0,5 L","Plastic, ,, Bottle",Ciel,"Beverages and beverages preparations, ,, Beverages, ,, Waters, ,, Unsweetened beverages, ,, Table waters",,,,Morocco,Arabic: 96 Bleagbooates,,,1,B,,,False,True,yes,low,low,low,low,0.0,0.0,0.0,0.0,0.0,0.0,0.0,0.0,0.013,0.0052,,,0,0,0,0,0,0,0,0,0,0
https://world.openfoodfacts.org/product/3480341000704/carre-frais-ail-fines-herbes-elle-vire,3480341000704,Carré Frais Ail & Fines Herbes – Elle & Vire – 200 g (8 portions),200 g (8 portions),"Plastic, ,, Cardboard, ,, Fresh",Elle & Vire,"Dairies, ,, Fermented foods, ,, Fermented milk products, ,, Cheeses, ,, Spreads, ,, Salted spreads, ,, Pasteurized cheeses, ,, Cheese spreads, ,, Cream cheeses, ,, Uncured-soft-cheese-spreadable-around-30-40-fat-flavoured","Low or no fat, ,, Source of proteins, ,, Calcium source, ,, High proteins, ,, No fat",France,,France,"skimmed milk (origin: france), salt, garlic, parsley, chives, pepper, natural flavourings, lactic ferments",Milk,,8,B,4,C,True,,no,low,low,low,moderate,355.0,85.0,0.3,0.2,4.5,0.0,,16.0,1.3,0.52,,,1,7,6,1,0,0,6,6,0,0
https://world.openfoodfacts.org/product/3165440008935/cereales-mediterraneennes-sec-tipiak,3165440008935,Céréales méditerranéennes Sec – Tipiak – 400 g (2 x 200 g),400 g (2 x 200 g),"Plastic, ,, Bag, ,, Cardboard, ,, fr:Etui en carton, ,, fr:Film en plastique",Tipiak,"Plant-based foods and beverages, ,, Plant-based foods, ,, Cereals and potatoes, ,, Cereals and their products, ,, Meals, ,, Variety packs, ,, Cereal variety packs","Made in France, ,, Nutriscore, ,, Nutriscore Grade A",fr:Aucune indication,France,"France, ,, Switzerland","pre-cooked durum wheat semolina ( gluten ) (52%), whole grains (30%) (pre-cooked whole durum wheat semolina ( gluten ) (20%), malted rye flakes ( gluten ) (6.3%), barley flakes ( gluten ) (3%), spelt flakes ( gluten ) (1%), pre-cooked cornmeal (6.5%), natural flavor, precooked wheat flour ( gluten ) (1.8%), salt, dehydrated tomatoes, dehydrated red peppers, extra virgin olive oil (0.9%),  garlic (0.9%), dehydrated parsley (0.75%), sunflower oil, herbs of provence (0.1%)","Celery, Gluten","Celery, Lupin, Milk, Mustard, Nuts, Sesame seeds, Soybeans",17,B,4,,True,True,yes,low,low,low,moderate,620.0,148.0,1.4,0.2,28.0,2.3,2.4,4.9,0.8,0.32,,,2,4,2,1,0,0,3,2,0,0
https://world.openfoodfacts.org/product/3175681132467/les-galettes-orge-et-boulgour-au-chevre-miel-cereal-bio,3175681132467,Les galettes orge et boulgour au chèvre miel – Céréal Bio – 200g,200g,"Cardboard, ,, Dry, ,, fr:Etui en carton, ,, fr:Film en plastique, ,, fr:Sachet plastique",Céréal Bio,"Meat alternatives, ,, Vegetarian patties","Vegetarian, ,, Organic, ,, EU Organic, ,, No preservatives, ,, Non-EU Agriculture, ,, Source of fibre, ,, ES-ECO-019-CT, ,, EU Agriculture, ,, EU/non-EU Agriculture, ,, FR-BIO-01, ,, High fibres, ,, Made in France, ,, No additives, ,, No colorings, ,, Nutriscore, ,, Nutriscore Grade A, ,, AB Agriculture Biologique","France, ,, Italy, ,, Spain, ,, European Union and Non European Union",France,"France, ,, New Caledonia","crushed barley * precooked 41,8%, wheat bulgur * precooked 29,2%, onions*, vegetable oils* (oleic sunflower* and sunflower*), goat cheese* (without animal rennet) 5,9%, wheat flour* , whole oatmeal*, whole wheat flakes*, honey* 2,4%, poppy seeds* 1%, sea salt, pepper*, 
*ingredients from organic farming","Gluten, Milk, fr:avoine","Celery, Nuts, Sesame seeds, Soybeans",19,B,3,A,True,True,no,moderate,moderate,low,moderate,917.0,219.0,9.0,1.7,26.0,3.4,6.3,5.4,0.96,0.384,,,2,7,5,2,0,1,4,2,3,0
https://world.openfoodfacts.org/product/3029330004240/fines-tartines-farine-de-seigle-jacquet,3029330004240,Fines Tartines farine de Seigle – Jacquet – 500 g,500 g,"Plastic, ,, Envelope",Jacquet,"Plant-based foods and beverages, ,, Plant-based foods, ,, Cereals and potatoes, ,, Breads","Nutriscore, ,, Nutriscore Grade A","fr:Fabriqué aux Pays Bas, ,, fr:Origine UE",,France,"French: Farine de SEIGLE (32%), eau, farine de BLÉ (29%), levain de SEIGLE (eau, farine de SEIGLE , sel), levure, sel iodé (sel, iodate de potassium), huile d'olive, GLUTEN DE BLÉ , correcteur d'acidité : acétates de sodium, malt d' ORGE torréfié, agent de traitement de la farine : acide ascorbique.",Gluten,"Nuts, Soybeans",18,B,4,,True,True,yes,low,low,low,moderate,947.0,224.0,1.6,0.3,41.0,3.8,8.7,7.1,1.2,0.48,,0.0,1,8,7,2,1,0,5,2,5,0
https://world.openfoodfacts.org/product/06175634/tartines-craquantes-a-la-chataigne-ekibio,06175634,"Tartines craquantes à la châtaigne – Ekibio – 2x14 crackers, 150 g","2x14 crackers, 150 g",,"Ekibio, ,, Le Pain des Fleurs","Plant-based foods and beverages, ,, Plant-based foods, ,, Snacks, ,, Cereals and potatoes, ,, Breads, ,, Extruded crispbreads, ,, Crispbreads","No gluten, ,, Vegetarian, ,, Crossed Grain Trademark, ,, Vegan, ,, EU Agriculture, ,, Made in France, ,, No added sugar, ,, Nutriscore, ,, Nutriscore Grade A",,France,France,French: Le Pain des fleurs,,,1,B,,B,False,True,yes,low,low,moderate,moderate,1616.0,381.0,1.8,0.5,83.0,6.5,4.3,6.7,0.3,0.12,0.0,0.0,2,6,4,4,1,0,1,2,2,0
https://world.openfoodfacts.org/product/5025125000112/sourdough-jason-s,5025125000112,Sourdough – Jason's – 450 g,450 g,,Jason's,"Plant-based foods and beverages, ,, Plant-based foods, ,, Cereals and potatoes, ,, Cereals and their products, ,, Breads, ,, Sourdough breads","Vegetarian, ,, No artificial flavors, ,, No artificial preservatives, ,, Vegan",,,United Kingdom,"Wheat Flour ( Wheat Flour , Calcium Carbonate, Iron, Niacin, Thiamin), Water, Rye Flour , Salt, Fermented Wheat",Gluten,,10,B,3,A,True,True,yes,low,low,low,moderate,1003.6,237.0,0.7,0.1,46.4,2.1,3.0,9.7,0.7875,0.315,,0.0,1,5,4,2,0,0,3,4,0,0
https://world.openfoodfacts.org/product/3265474000018/huile-isis-4-lesieur,3265474000018,Huile Isis 4 – Lesieur – 1l,1l,"Recycle, ,, fr:Bouteille plastique, ,, fr:Bouteille plastique et son bouchon - opercule métal à recycler",Lesieur,"Plant-based foods and beverages, ,, Plant-based foods, ,, Fats, ,, Vegetable fats, ,, Vegetable oils, ,, Flavoured oils, ,, Mixed vegetable oils, ,, Combined-oil-blended-vegetable-oils","Omega-3, ,, High in Omega 3, ,, Nutriscore, ,, Nutriscore Grade B, ,, Rich in vitamin D, ,, fr:Bleu Blanc Cœur, ,, Triman, ,, Enriched-wih-vitamins, ,, Frabrique-en-france",France,France,"France, ,, Germany, ,, Guadeloupe, ,, Réunion, ,, Switzerland","French: Huile de colza 47%, huile de tournesol 43%, Oléisol (huile de tournesol à haute teneur en acide oléique) 5%, huile de lin 5%, arôme naturel de coriandre, vitamine D",,,7,B,2,A,True,True,yes,high,high,low,low,3700.0,900.0,100.0,9.1997,0.0,0.0,0.0,0.12,0.012,,,0.0,2,2,0,,0,,0,0,0,0
https://world.openfoodfacts.org/product/3329770076471/from-blc-3-2-nat-calin,3329770076471,"FROM.BLC.3,2% NAT.CALIN – 850 g",850 g,,"Calin, ,, Yoplait","Dairies, ,, Fermented foods, ,, Fermented milk products, ,, Desserts, ,, Dairy desserts, ,, Fermented dairy desserts, ,, Fromages blancs - petit suisses and skyr, ,, Plain fermented dairy desserts, ,, fr:Fromages blancs","French milk, ,, High in calcium, ,, Nutriscore, ,, Nutriscore Grade B, ,, Triman, ,, fr:Sante-des-os, ,, fr:Systeme-immunitaire",fr:Lait origine France,,France,"French: Lait écrémé partiellement déshydraté, lait écrémé , crème , concentre des minéraux du lait, ferments lactiques ( lait ), vitamines D.",Milk,,6,B,1,A,True,True,no,moderate,moderate,moderate,low,344.0,82.0,3.2,2.2,6.6,6.6,,5.7,0.13,0.052,,,2,4,2,1,1,2,0,2,0,0
https://world.openfoodfacts.org/product/6111266963283/jaouda,6111266963283,Jaouda – 110g,110g,,"COPAG, ,, Jaouda","Dairies, ,, Fermented foods, ,, Fermented milk products, ,, Desserts, ,, Dairy desserts, ,, Fermented dairy desserts, ,, Yogurts","No gluten, ,, No lactose",,,Morocco,Arabic: حليب طري كامل مسحوق الحليب بدون قشدة، مختر نشاء لاكتاز، خمائر حليبية مختارة,,,3,B,,B,False,True,yes,moderate,moderate,low,low,330.0,78.0,3.3,2.4,8.0,0.0,,4.2,0.0,0.0,,,1,2,1,0,0,2,0,1,0,0
https://world.openfoodfacts.org/product/3175681116863/sable-sesame-saveur-vanille-gerble,3175681116863,Sablé sésame saveur vanille – Gerblé – 132 g,132 g,"Cardboard, ,, fr:Etui en carton, ,, fr:Sachet en plastique",Gerblé,"Snacks, ,, Sweet snacks, ,, Biscuits and cakes, ,, Biscuits and crackers, ,, Biscuits","Low or no sugar, ,, Made in France, ,, No colorings, ,, No palm oil, ,, No sugar, ,, Nutriscore, ,, Nutriscore Grade A, ,, Triman, ,, Avec édulcorants",fr:Farine française,,France,"French: Farine de blé 54%, édulcorant : maltitols d'origine végétale, huile de colza, amidon de blé, sésame toasté 5,7%, fibre de blé , sel de mer, poudres à lever (acide citrique, carbonates d'ammonium), émulsifiant : lécithines, arôme naturel.","Gluten, Sesame seeds","Eggs, Lupin, Milk, Nuts, Soybeans",13,B,4,C,True,,maybe,moderate,moderate,low,moderate,1850.0,442.0,18.0,1.7,66.0,0.0,5.4,8.1,0.32,0.128,17.0,0.0,1,7,6,5,0,1,1,3,3,0
https://world.openfoodfacts.org/product/6111032000624/lait-naturel-salim,6111032000624,Lait naturel – Salim – 1l,1l,Cardboard,Salim,"Dairies, ,, Milks, ,, Homogenized milks, ,, UHT Milks, ,, Whole milks, ,, Whole milk UHT",No preservatives,,,Morocco,French: lait entier uht,Milk,,1,B,1,C,True,True,no,moderate,moderate,low,low,242.0,58.0,3.0,2.0,4.8,0.0,0.0,3.0,0.0,0.0,,,0,6,6,5,0,1,0,6,0,0
https://world.openfoodfacts.org/product/3770018078144/jambon-nature-la-vie,3770018078144,Jambon Nature – LA VIE – 120g,120g,,LA VIE,"Frozen foods, ,, Meat alternatives, ,, Meat analogues, ,, Prepared meat cuts substitutes, ,, Ham substitutes","Vegetarian, ,, No artificial flavors, ,, Vegan, ,, Nutriscore, ,, Nutriscore Grade B",,,France,"French: Protéines de pois réhydratées 90%, protéines de soja, arômes naturels, jus concentré de radis, sel, correcteur d'acidité : acétates de potassium, conservateur : acide lactique végan.",Soybeans,"Eggs, Milk, Nuts",9,B,4,C,True,True,yes,low,low,low,high,481.0,115.0,2.1,0.8,3.7,0.7,2.8,19.0,1.6725,0.669,,,2,9,7,1,0,0,8,7,0,0
https://world.openfoodfacts.org/product/3175681302679/amande-gerble,3175681302679,Amande – Gerblé – 210g,210g,,Gerblé,"Snacks, ,, Sweet snacks, ,, Biscuits and cakes, ,, Biscuits and crackers, ,, Biscuits","Source of fibre, ,, High fibres, ,, Natural flavors, ,, No colorings, ,, No palm oil, ,, Nutriscore, ,, Nutriscore Grade A",,,France,"French: Farine de blé 30,6%, farine complète de blé 30,6%, sucre non raffiné, huile de colza, germe de blé 5,4% (origine UE), amandes torréfiées 5,4% (origine UE et non-UE), fibres de blé , arôme naturel, jus concentré de citron, émulsifiant lécithines, magnésium, poudre à lever carbonates de sodium, vitamines B1 et B9. Fabriqué dans un atelier qui utilise des fruits à coque , du lait , du lupin ,  de la moutarde , de l' oeuf , du sésame et du soja .","Gluten, Nuts","Eggs, Lupin, Milk, Mustard, Nuts, Sesame seeds, Soybeans",17,B,4,C,True,True,yes,moderate,moderate,high,low,1974.0,471.0,19.0,1.6,61.0,0.0,8.0,10.0,0.18,0.072,,,1,10,9,5,4,1,0,4,5,0
https://world.openfoodfacts.org/product/8410111000707/atun-con-tomate-isabel,8410111000707,Atún con tomate – Isabel – 52g,52g,,Isabel,"Seafood, ,, Fishes and their products, ,, Canned foods, ,, Fishes, ,, Fatty fishes, ,, Canned fishes, ,, Tunas, ,, Canned tunas, ,, fr:Thon à la sauce tomate, ,, fr:Thon-a-la-sauce-tomate",,,,"France, ,, Morocco, ,, Spain","French: Thon 65 et sauce tomate 35 (eau, hui\e de soja, concentré de tomate, glucose, sucre, sel et arôme).",Fish,,8,B,4,E,False,True,yes,moderate,moderate,low,moderate,648.0,155.0,8.5,1.5,2.7,2.0,0.4,17.0,1.175,0.47,,,1,7,6,1,0,1,5,6,0,0
https://world.openfoodfacts.org/product/6111242107441/lait-sans-lactose-jaouda,6111242107441,lait sans lactose – Jaouda – 500ml,500ml,,Jaouda,"Dairies, ,, Milks (liquid and powder), ,, Specific products, ,, Milks, ,, Products for specific diets, ,, Homogenized milks, ,, Pasteurised products, ,, Products without gluten, ,, UHT Milks, ,, Lactose-free milk","No gluten, ,, No preservatives, ,, French milk, ,, No lactose",Morocco,,Morocco,"Lactose-free Milk , Vitamins: A , D.",Milk,,4,B,1,C,True,True,no,moderate,low,low,low,243.0,58.0,3.0,1.3,4.7,0.0,,3.0,0.0,0.0,,,0,6,6,5,0,1,0,6,0,0
https://world.openfoodfacts.org/product/8008698005576/wholesome-white-loaf-schar,8008698005576,Wholesome White Loaf – Schär – 300 g,300 g,Plastic,Schär,"Plant-based foods and beverages, ,, Plant-based foods, ,, Cereals and potatoes, ,, Cereals and their products, ,, Specific products, ,, Products for specific diets, ,, Breads, ,, Products without gluten, ,, Gluten-free breads, ,, Sliced breads","Vegetarian, ,, No gluten, ,, Crossed Grain Trademark, ,, No preservatives, ,, Source of fibre, ,, Green Dot, ,, High fibres, ,, No lactose, ,, No wheat, ,, pt:IT-016-373",,,"Belgium, ,, France, ,, Germany, ,, Netherlands, ,, Portugal, ,, Spain, ,, Switzerland, ,, United Kingdom","corn starch, water, sourdough 16% (rice flour, water), rice starch, vegetable fiber (psyllium), rice syrup sunflower oil, soy protein, millet flour 1,9%, thickener: hydroxypropyl methylcellulose, quinoa flour 1,3%, yeast 1%, honey, iodized salt (salt, potassium iodide)",Soybeans,"Lupin, Mustard",19,B,4,B,True,True,no,moderate,low,low,moderate,1006.4,232.0,3.6,0.4,44.0,0.0,8.0,3.6,0.98,0.392,,0.0,1,7,6,3,0,0,4,1,5,0
https://world.openfoodfacts.org/product/6111242100022/leben-jaouda,6111242100022,Leben JAOUDA – 450 g,450 g,"Plastic, ,, Plastic bag",Jaouda,"Beverages, ,, Dairies, ,, Fermented foods, ,, Fermented milk products, ,, Dairy drinks, ,, Fermented drinks, ,, Fermented milk drinks, ,, Plain fermented skimmed milk drink, ,, fr:Leben",,Morocco,Morocco. taroudant,Morocco,"French: Lait frais partiellement écrémé, ferments lactiques",Milk,,2,B,1,D,True,True,no,low,moderate,low,low,184.1,43.0,1.3,0.9,4.8,0.0,0.0,3.2,0.0,0.0,,0.0,-4,3,7,3,0,0,0,7,0,0
https://world.openfoodfacts.org/product/3302740059193/blanc-de-poulet-dore-au-four-fleury-michon,3302740059193,Blanc de Poulet Doré au Four – Fleury Michon – 160 g,160 g,Tranches,Fleury Michon,"Meats and their products, ,, Meats, ,, Chicken and its products, ,, Poultries, ,, Chickens, ,, Charcuterie-de-volaille, ,, Viande","No gluten, ,, Made in France",Union européenne,,France,"chicken fillet 94%, broth (water, chicken bones, shallot, garlic, spices, herbs, celery , onion, leek, carrot), salt, concentrated carrot and celery juice, dextrose, ferments, natural flavour, antioxydant: sodium ascorbate, colour: ordinary caramel",Celery,,22,B,4,E,True,False,no,low,low,low,moderate,418.0,100.0,1.6,0.4,0.5,0.0,,21.0,1.475,0.59,,,1,8,7,1,0,0,7,7,0,0
https://world.openfoodfacts.org/product/20004132/chopped-tomatoes-baresa,20004132,Chopped Tomatoes – Baresa – 400g,400g,"Metal, ,, Box, ,, Can, ,, Canned, ,, Steel, ,, bg:Can(s), ,, bg:Stück, ,, fr:40, ,, fr:Artikel, ,, fr:Dose, ,, fr:FE",Baresa,"Plant-based foods and beverages, ,, Plant-based foods, ,, Fruits and vegetables based foods, ,, Canned foods, ,, Vegetables based foods, ,, Canned plant-based foods, ,, Vegetables, ,, Canned vegetables, ,, Tomatoes and their products, ,, Tomatoes, ,, Canned tomatoes, ,, Peeled tomatoes, ,, de:Gehackte-tomaten","Vegetarian, ,, Pasteurized, ,, Vegan, ,, Nutriscore, ,, Nutriscore Grade A","Italy, ,, fr:De cle ente conserve spa 80084 fisciano","AR Industrie Alimentari SpA - Loc Incoronata Zona ASI, ,, 71100 Foggia, ,, (FG : Foggia), ,, Pouilles, ,, Italie, ,, Italien","Austria, ,, Bulgaria, ,, Croatia, ,, Finland, ,, France, ,, Germany, ,, Netherlands, ,, Switzerland, ,, United Kingdom","60% chopped tomatoes, 39,9% tomato juice, acidity regulator: citric acid",,,4,B,1,A,True,True,yes,low,low,low,moderate,111.9,26.0,0.2,0.1,4.0,0.0,1.8,1.3,1.3,0.52,,99.9,1,6,5,0,0,0,6,0,0,5
https://world.openfoodfacts.org/product/3029330069898/tartines-p-tit-dej-jacquet,3029330069898,Tartines p’tit dej – Jacquet – 410 g,410 g,"Plastic, ,, Bag, ,, Envelope, ,, fr:Clip en plastique, ,, fr:Sachet en plastique",Jacquet,"Plant-based foods and beverages, ,, Plant-based foods, ,, Cereals and potatoes, ,, Cereals and their products, ,, Breads, ,, Sliced breads, ,, Wholemeal breads, ,, Wholemeal sliced breads","Vegetarian, ,, Vegan, ,, Cooperative product, ,, No added sugar, ,, No additives, ,, No palm oil, ,, Nutriscore, ,, Nutriscore Grade A, ,, With wholemeal flour, ,, fr:Farine de blé français, ,, fr:Origine France, ,, Triman, ,, fr:Coopérative française, ,, fr:Plaisir et qualité, ,, fr:Sachet recyclable, ,, fr:Suggestion de présentation",France,France,France,"Farine complète de blé (51%), eau, farine de blé (18%), huile de colza, levure, arôme naturel (contient alcool), sel, farine de maïs , GLUTEN DE BLÉ, jus d'acérola en poudre.",Gluten,"Eggs, Milk, Sesame seeds",11,B,,A,False,True,yes,moderate,low,moderate,moderate,1127.0,270.0,4.3,0.5,44.0,5.3,6.2,10.0,1.0,0.4,,0.0,1,8,7,3,1,0,4,4,3,0
https://world.openfoodfacts.org/product/3330720244017/confiture-fraise-sans-sucre-ajoutes-lucien-georgelin,3330720244017,Confiture fraise sans sucre ajoutes – Lucien georgelin – 320 g,320 g,,Lucien georgelin,"Plant-based foods and beverages, ,, Plant-based foods, ,, Breakfasts, ,, Spreads, ,, Plant-based spreads, ,, Sweet spreads, ,, Fruit and vegetable preserves, ,, Jams, ,, Berry jams, ,, Strawberry jams","Source of fibre, ,, High fibres, ,, Made in France, ,, No added sugar","fr:Fraise d'Espagne, ,, fr:Fraise d'Égypte, ,, fr:Fraise de France, ,, fr:Fraise du Maroc, ,, fr:France 🇫🇷",,France,"French: Fraise 65g*, fibres végétales solubles 45,1g*, gélifiants: pectine, jus de citron concentré.",,,5,B,4,B,True,True,yes,low,low,high,low,374.0,89.0,0.5,0.01,21.7,21.7,8.9,0.6,0.02,0.008,,,1,7,6,1,6,0,0,0,5,1
https://world.openfoodfacts.org/product/3560070910366/huile-d-olive-vierge-extra-carrefour-bio,3560070910366,Huile d'olive vierge extra – Carrefour BIO – 1 l,1 l,"Bottle or vial, ,, Bottle, ,, fr:Bouteille verre de 6g, ,, fr:Bouteille à recycler, ,, fr:Capsule métal de 1g, ,, fr:Point vert, ,, fr:Triman, ,, fr:Verseur plastique de 3g","Carrefour BIO, ,, Carrefour","Plant-based foods and beverages, ,, Plant-based foods, ,, Fats, ,, Vegetable fats, ,, Olive tree products, ,, Vegetable oils, ,, Olive oils, ,, Extra-virgin olive oils, ,, Virgin olive oils, ,, Olive-oil-blends","Organic, ,, EU Organic, ,, Non-EU Agriculture, ,, ES-ECO-001-AN, ,, ES-ECO-003-AN, ,, ES-ECO-019-CT, ,, EU Agriculture, ,, EU/non-EU Agriculture, ,, FR-BIO-01, ,, Nutriscore, ,, Nutriscore Grade B, ,, AB Agriculture Biologique",Huile d'olive conditionnée en France à partir d'olives récoltées et pressées en Tunisie et/ou Espagne,France,"Belgium, ,, France, ,, Poland, ,, Romania",olive oil of a higher category obtained directly from olives and only by mechanical processes,,,1,B,2,C,True,True,yes,high,high,low,low,3382.0,823.0,91.0,13.0,0.0,0.0,,0.0,0.0,0.0,,,0,5,5,,0,,0,0,0,5
https://world.openfoodfacts.org/product/6111265800497/albane,6111265800497,Albane,,,,"Dairies, ,, Milks",,,,Morocco,"French: lipides:3,0g , carbohydrates:4,8g",,,2,B,,D,False,True,yes,moderate,moderate,low,low,247.0,59.0,3.0,1.9,4.8,0.0,,3.2,0.0,0.0,,,-1,6,7,5,0,1,0,7,0,0
https://world.openfoodfacts.org/product/3302740058660/blanc-de-poulet-100-filet-fleury-michon,3302740058660,Blanc de poulet 100% filet – Fleury Michon – 130 g,130 g,"Tray, ,, fr:Film en plastique",Fleury Michon,"Meats and their products, ,, Prepared meats, ,, fr:Charcuteries cuites, ,, Poultry hams, ,, Cooked chicken breast slices, ,, fr:Blancs de poulet rôti à la broche","Nutriscore, ,, Nutriscore Grade B, ,, Without sodium nitrite",European Union,,"France, ,, Russia","chicken fillet, broth (water, chicken bones, aromatic plants, garlic, spices, onion, leek, celery , carrot), salt, natural flavors (naturėlle presence of polyphenols), antioxidant: ascorbic acid, dextrose, color: plain caramel, chicken meat of eu origin",Celery,,19,B,4,E,True,False,no,low,low,low,moderate,418.0,100.0,1.6,0.4,0.5,0.5,,21.0,1.5,0.6,,,1,8,7,1,0,0,7,7,0,0
https://world.openfoodfacts.org/product/3229820019604/soja-nature-sans-sucre-ajoute-bio-bjorg,3229820019604,Soja nature sans sucre ajouté bio – Bjorg – 1 l,1 l,"Tetra Pak, ,, Brick, ,, fr:Brique carton et son bouchon à recycler, ,, fr:Brique cartonnée, ,, fr:Brique en carton, ,, fr:Pensez au tri!, ,, fr:Point vert, ,, nl:FSC C014047, ,, nl:Foodsafe, ,, Tetra Brik Aseptic",Bjorg,"Beverages and beverages preparations, ,, Plant-based foods and beverages, ,, Beverages, ,, Plant-based foods, ,, Legumes and their products, ,, Dairy substitutes, ,, Milk substitutes, ,, Plant-based beverages, ,, Plant-based milk alternatives, ,, Legume-based drinks, ,, Soy-based drinks, ,, Unsweetened plain soy-based drinks","Low or no sugar, ,, Organic, ,, EU Organic, ,, No GMOs, ,, Non-EU Agriculture, ,, Certified B Corporation, ,, CH-BIO-006, ,, Eco-Score, ,, Eco-Score A, ,, EU Agriculture, ,, EU/non-EU Agriculture, ,, FR-BIO-01, ,, FSC, ,, FSC Mix, ,, IT-BIO-005, ,, IT-BIO-006, ,, IT-BIO-007, ,, Made in Italy, ,, Made in Swiss, ,, No added sugar, ,, No sugar, ,, AB Agriculture Biologique, ,, fr:Origine France, ,, fr:Facile-a-digerer, ,, fr:Proteines-vegetales",European Union,Italie,France,"tonyu* (water, soybeans 8%),
*organic ingredients",Soybeans,,3,B,4,A,True,True,yes,moderate,low,low,low,178.0,43.0,2.6,0.6,0.7,0.5,0.5,3.9,0.03,0.012,,,-4,3,7,3,0,0,0,7,0,0
https://world.openfoodfacts.org/product/3033710003228/ricore-aux-cereales-et-a-la-chicoree-solubles-boite-250g-nestle,3033710003228,RICORÉ® aux céréales et à la chicorée solubles Boîte 250g – Nestlé – 250 g,250 g,"Box, ,, Can, ,, Cardboard, ,, Drink can, ,, Vacuum-packed, ,, fr:Boîte en carton, ,, fr:Opercule en plastique","Nestlé, ,, Caro, ,, Ricore","Beverages and beverages preparations, ,, Plant-based foods and beverages, ,, Beverages, ,, Plant-based beverages, ,, Beverage preparations, ,, Instant beverages, ,, Instant coffee substitutes, ,, Instant chicory","Green Dot, ,, No added sugar, ,, No caffeine, ,, Nutriscore, ,, Nutriscore Grade A, ,, Triman",,,France,"French: Orge (44%), Orge maltée (28%). Seigle (14%), Chicorée (14%).",Gluten,,4,B,1,,True,True,yes,low,low,moderate,moderate,1549.0,366.0,0.5,0.2,81.4,4.4,8.0,5.1,0.23,0.092,,,2,14,12,10,3,0,1,7,5,0
https://world.openfoodfacts.org/product/7613035694958/garden-gourmet-carre-gourmand-tomates-et-mozzarella-160g,7613035694958,GARDEN GOURMET Carré gourmand Tomates et mozzarella 160g – 160 g,160 g,"Fresh, ,, Tray, ,, fr:Barquette et film plastique à jeter, ,, fr:Etui carton à recycler, ,, fr:Etui en carton, ,, fr:Film en plastique, ,, fr:Pensez au tri!, ,, fr:Triman",Garden Gourmet,"Meat alternatives, ,, Vegetarian patties","Vegetarian, ,, Source of fibre, ,, European Vegetarian Union, ,, European Vegetarian Union Vegetarian, ,, No colorings, ,, Nutriscore, ,, Nutriscore Grade A, ,, Unfrozen, ,, Triman",,,France,"cherry tomatoes 27,5%, vegetarian cheeses 23% (vegetarian soft cheese, vegetarian mozzarella, e330, vegetarian gouda), breadcrumbs ( wheat flour , water, rapeseed oil, yeast, salt, spice extracts (paprika, turmeric)), water, vegetable oils (sunflower, rapeseed), onion, wheat flour , herbs 4,2% (basil, parsley, thyme), corn starch, egg white powder, garlic, sugar, vinegar, salt, natural fruit and spice extracts , *hens raised on the ground,  may contain : soy , sesame , mustard and celery","Eggs, Gluten, Milk, Soybeans","Celery, Mustard, Sesame seeds, Soybeans",30,B,4,B,True,True,no,moderate,moderate,low,moderate,804.0,192.0,8.3,1.8,17.9,3.5,3.2,9.8,0.9,0.36,,41.4018758417509,2,8,6,2,1,1,4,4,1,1
https://world.openfoodfacts.org/product/3560071010058/le-pain-aux-cereales-carrefour,3560071010058,Le pain aux Céréales – Carrefour – 500 g,500 g,fr:Sachet plastique,Carrefour,"Plant-based foods and beverages, ,, Plant-based foods, ,, Cereals and potatoes, ,, Breads, ,, fr:Pains multicéréales","Source of fibre, ,, Green Dot, ,, High fibres, ,, Made in Germany, ,, Nutriscore, ,, Nutriscore Grade A",,,"Belgium, ,, France","French: Eau, farine de blé 18%, levain de seigle (eau, farine de seigle 7,7%), farine de blé complet 8,7%, farine de seigle 5,9%, graines de lin brun 5,5%, graines de tournesol 3,6%, flocons d' avoine 3,2%, farine de seigle complet 2,6%, flocons d' orge 2,6%, graines de millet 2,6%, levure, extrait de malt d'orge , huile de tournesol, sel, protéines de blé , conservateur : acide sorbique, correcteur d'acidité : acétates de sodium, agent de traitement de la farine : acide ascorbique, arôme naturel (contient alcool). Peut contenir des traces de graines de sésame , lupin , moutarde et soja .","Gluten, fr:avoine, fr:avoine","Lupin, Mustard, Sesame seeds, Soybeans",25,B,4,,True,,maybe,moderate,low,low,moderate,1064.0,253.0,6.9,0.8,36.0,2.3,6.9,8.2,1.2,0.48,,0.0,1,8,7,3,0,0,5,3,4,0
https://world.openfoodfacts.org/product/20002183/cottage-cheese-milbona,20002183,Cottage Cheese – Milbona – 200 g,200 g,"Plastic, ,, Metal, ,, Pot, ,, Pp-polypropylene, ,, Recyclable Metals, ,, Aluminium",Milbona,"Dairies, ,, Fermented foods, ,, Fermented milk products, ,, Cheeses, ,, Desserts, ,, Dairy desserts, ,, Cow cheeses, ,, Fermented dairy desserts, ,, Plain fermented dairy desserts, ,, Fresh cheeses, ,, Cottage cheeses, ,, Plain cottage cheeses","Nutriscore, ,, Nutriscore Grade B, ,, es:Recicla-amarillo",Unknown,Deutschland,"Bulgaria, ,, Finland, ,, Germany, ,, Italy, ,, Portugal, ,, Spain, ,, Sweden","Italian: Latte pastorizzato, sale, fermenti lattici, caglio microbico",Milk,None,4,B,3,D,True,True,no,low,low,low,moderate,146.8456,98.0,0.188518,0.109142,4.951078,4.891546,0.0,3.254416,0.363422,,,0.0,1,2,1,0,1,0,1,1,0,0
https://world.openfoodfacts.org/product/6111032009924/salim-lben-440g,6111032009924,SALIM LBEN 440G – 440g,440g,,,"Dairies, ,, Milks (liquid and powder), ,, Milks, ,, ar:Salim",,,,Morocco,"French: Lait partiellement écrémé, Lait reconstitué, Lactose , amidon, ferments lactiques",Milk,,5,B,4,D,True,True,no,low,low,low,low,165.0,39.0,0.7,0.5,5.9,0.0,,2.3,0.2375,0.095,0.0,,0,4,4,3,0,0,1,4,0,0
https://world.openfoodfacts.org/product/3560070879762/le-pain-het-brood-au-seigle-met-rouge-carrefour-original,3560070879762,Le Pain Het Brood au Seigle met Rouge – Carrefour Original – 500 g,500 g,"Plastic, ,, Bag",Carrefour Original,"Plant-based foods and beverages, ,, Plant-based foods, ,, Cereals and potatoes, ,, Breads, ,, Rye breads","Source of fibre, ,, High fibres, ,, Nutriscore, ,, Nutriscore Grade A",,Allemagne,"Belgium, ,, France","wheat flour 34%, water, rye flour 21%, rye sourdough ( rye flour 7%, water), natural flavouring (contains alcohol), barley malt extract, yeast, salt, acidity regulator: sodium acetates, malted barley flour , 
may contain traces of sesame seeds",Gluten,"Lupin, Mustard, Sesame seeds, Soybeans",16,B,4,A,True,,maybe,low,low,low,moderate,933.0,221.0,1.2,0.3,42.0,0.0,6.3,7.1,1.2,0.48,,0.0,2,7,5,2,0,0,5,2,3,0
https://world.openfoodfacts.org/product/3178050000749/huile-d-olive-puget,3178050000749,Huile d'olive – Puget – 1 l,1 l,"Glass, ,, Bottle, ,, Green dot, ,, fr:Bouteille verre et son bouchon à recycler, ,, fr:Pensez au tri!",Puget,"Plant-based foods and beverages, ,, Plant-based foods, ,, Fats, ,, Vegetable fats, ,, Olive tree products, ,, Vegetable oils, ,, Olive oils, ,, Extra-virgin olive oils, ,, Virgin olive oils","Natural product, ,, Nutriscore, ,, Nutriscore Grade B, ,, Triman",European Union,,"France, ,, French Polynesia, ,, Germany, ,, Martinique, ,, Réunion, ,, Switzerland",olive oil,,,1,B,2,E,True,True,yes,high,high,low,low,3700.0,900.0,100.0,15.0,0.0,0.0,,0.0,0.0,0.0,,,0,5,5,,0,,0,0,0,5
https://world.openfoodfacts.org/product/3497917002451/chips-de-sarrasin-au-sel-de-guerande-brets,3497917002451,Chips de Sarrasin au Sel de Guerande – Brets – 120 g e,120 g e,fr:SACHET BAC DE TRI,Brets,"Plant-based foods and beverages, ,, Plant-based foods, ,, Snacks, ,, Cereals and potatoes, ,, Salty snacks, ,, Seeds, ,, Appetizers, ,, Cereals and their products, ,, Chips and fries, ,, Cereal grains, ,, Crisps, ,, Buckwheat, ,, Chips-de-sarrasin","Nutriscore, ,, Nutriscore Grade C, ,, Produced in Brittany, ,, Triman, ,, Au-sel-de-guérande, ,, Pme-plus, ,, Produit-en-bretagne, ,, Sarrasin-100%-français","France, ,, Brittany","Bretagne, ,, France",France,"buckwheat flour (france) (64,5%), sunflower oil (34%), guérande salt (1,5%)",,"Eggs, Gluten, Milk",3,B,3,A,True,True,yes,high,moderate,low,moderate,2359.0,567.0,38.0,3.1,45.0,0.6,4.6,8.9,1.1,0.44,,,0,5,5,,0,,5,3,2,0
https://world.openfoodfacts.org/product/3175681037885/tartines-craquantes-multi-cereales-cereal-bio,3175681037885,Tartines Craquantes Multi-Céréales – Céréal bio – 145 g,145 g,"Plastic, ,, Bag, ,, Container",Céréal bio,"Plant-based foods and beverages, ,, Plant-based foods, ,, Snacks, ,, Cereals and potatoes, ,, Extruded crispbreads","Low or no sugar, ,, Low sugar, ,, Organic, ,, EU Organic, ,, No preservatives, ,, Non-EU Agriculture, ,, EU Agriculture, ,, EU/non-EU Agriculture, ,, FR-BIO-01, ,, FR-BIO-10, ,, Made in France, ,, New recipe, ,, No colorings, ,, No palm oil, ,, Nutriscore, ,, Nutriscore Grade A, ,, AB Agriculture Biologique, ,, Triman",fr:Riz et quinoa origine UE et NON-UE. Sarrasin origine UE,France,"France, ,, Switzerland","rice flour*, buckwheat flour*, quinoa flour,quot,, red cane sugar*, sea salt, prepared with 66,8 g of rice flour*, 29,3 g of buckwheat flour*, 9,4 g of quinoa flour* for 100g of bread, ingredients from certified organic agriculture, manufactured in a workshop using cereals containing gluten, milk and soy","Gluten, Milk, Soybeans","Celery, Eggs, Gluten, Lupin, Milk, Nuts, Sesame seeds, Soybeans",5,B,3,A,True,True,yes,low,low,low,moderate,1599.0,377.0,2.3,0.3,78.0,2.8,2.5,9.9,0.32,0.128,,,1,5,4,4,0,0,1,4,0,0
https://world.openfoodfacts.org/product/3571492210019/brandade-de-morue-briau,3571492210019,BRANDADE DE MORUE – Briau – 750 g,750 g,"Plastic, ,, Fresh, ,, Tray, ,, fr:Film en plastique",Briau,"Meals, ,, Meals with fish, ,, Refrigerated foods, ,, Refrigerated meals, ,, Cod brandade, ,, fr:Brandades de morue parmentière, ,, fr:preparations-made-from-fish-meat","No artificial flavors, ,, No preservatives, ,, Green Dot, ,, Made in France, ,, No colorings, ,, Nutriscore, ,, Nutriscore Grade A",fr:Atlantic N.E. FAO 27 ou Pacific N.E. FAO 67,"France, ,, Lot-et-Garonne",France,"Pommes de terre 37%, morue 20% (Gadus spp), églefin 18% (Melanogrammus aeglefinus), huile de tournesol, eau, oignons, flocons de pommes de terre (pommes de terre, extrait de curcuma), lait en poudre, ail sec 0,29%, sel, persil 0,06%, poiure. Traces possibles d'arachides, céleri, crustacés, fruits à coque, gluten , mollusques, moutarde, oeufs, sésame et soja. *Notre morue est issue de cabillaud pêché en Atlantique Nord-Est ou en Pacifique Nord et notre églefin est pêché en Atlantique Nord-Est. Malgré tout le soin apporté à la préparation de ce poisson sans arêtes, la présence exceptionnelle d'arête n'est jamais exclue.","Fish, Milk, Sesame seeds","Celery, Crustaceans, Gluten, Molluscs, Mustard, Nuts, Peanuts, Sesame seeds, Soybeans",20,B,4,,True,False,no,moderate,low,low,moderate,656.0,158.0,10.0,1.3,7.7,0.8,,8.2,0.66,0.264,,,2,5,3,1,0,1,3,3,0,0
https://world.openfoodfacts.org/product/3770008009882/les-fourrees-beurre-de-cacahuete-cacao-funkie,3770008009882,Les Fourrées  -  Beurre de Cacahuète & Cacao – Funkie – 250 g,250 g,Bag,Funkie,"Plant-based foods and beverages, ,, Plant-based foods, ,, Snacks, ,, Breakfasts, ,, Cereals and potatoes, ,, Sweet snacks, ,, Cereals and their products, ,, Breakfast cereals, ,, Extruded cereals, ,, Filled cereals","Low or no sugar, ,, Low sugar, ,, No gluten, ,, Organic, ,, Vegetarian, ,, EU Organic, ,, Non-EU Agriculture, ,, Reduced sugar, ,, Vegan, ,, Without vegetable oils, ,, 30% less sugar, ,, 60% less sugar, ,, EU Agriculture, ,, EU/non-EU Agriculture, ,, Made in France, ,, No additives, ,, No palm oil, ,, Nutriscore, ,, Nutriscore Grade C - New calculation, ,, Without oil, ,, AB Agriculture Biologique",,,France,"French: Céréales* 51% (farinė de riz complet*, farine de maïs*), beurre de cacahuète* 31%, sucre .de betterave*, cacao en poudre* 6,5%, une pointe de sel.","Milk, Peanuts","Milk, Nuts",7,B,3,C,False,True,yes,moderate,moderate,high,low,1846.0,438.0,17.0,3.0,58.0,13.0,6.0,13.0,0.13,0.052,,,2,10,8,5,3,2,0,5,3,0
https://world.openfoodfacts.org/product/6111246721339/ftoury-fromage-blanc-le-berger,6111246721339,Ftoury Fromage Blanc – le berger – 190 g,190 g,"Plastic, ,, Cardboard",le berger,"Dairies, ,, Fermented foods, ,, Fermented milk products, ,, Desserts, ,, Dairy desserts, ,, Fermented dairy desserts, ,, fr:Fromages blancs",fr:Lait sélectionné,Morocco,Benguerir,"France, ,, Morocco","French: Composants: Fromage frais écrémé, protéines de lait , crème pasteurisée, sel.",Milk,,5,B,4,A,True,,no,high,low,low,moderate,941.0,225.0,21.0,0.0,4.0,0.0,0.0,6.0,0.4,0.16,0.0,,1,3,2,2,0,0,1,2,0,0
https://world.openfoodfacts.org/product/6111024004753/huille-horra,6111024004753,Huille – horra – 50 cl,50 cl,,horra,"Plant-based foods and beverages, ,, Plant-based foods, ,, Fats, ,, Vegetable fats, ,, Olive tree products, ,, Vegetable oils, ,, Olive oils, ,, Extra-virgin olive oils, ,, Virgin olive oils",,,,"France, ,, Morocco",Arabic: زيت زيتون أولية عادية,,,1,B,,D,False,True,yes,high,high,low,low,3765.0,900.0,100.0,16.8,0.0,0.0,,0.0,0.0,0.0,,,2,7,5,,0,,0,,0,5
https://world.openfoodfacts.org/product/6410500090014/original-sourdough-rye-thins-finn-crisp,6410500090014,Original Sourdough Rye Thins – Finn Crisp – 200g,200g,"Plastic, ,, Pp-polypropylene, ,, Cardboard, ,, Non-corrugated cardboard, ,, Paperboard, ,, Card-box, ,, Pp-film",Finn Crisp,"Plant-based foods and beverages, ,, Plant-based foods, ,, Cereals and potatoes, ,, Cereals and their products, ,, Breads, ,, Crispbreads, ,, Crispbreads (wholemeal), ,, Sourdough crisp bread","Source of fibre, ,, High fibres",European Union,Finnland,"Austria, ,, Belgium, ,, Finland, ,, France, ,, Germany, ,, Greece, ,, Romania, ,, Russia, ,, Slovakia, ,, Spain, ,, Sweden, ,, Switzerland, ,, Ukraine, ,, United Kingdom","Whole grain rye flour, sourdough 25% (whole grain rye flour, water), salt, yeast, soy lecithin .",Gluten,Sesame seeds,6,B,3,,True,True,yes,low,low,low,moderate,1463.2,333.0,2.6,0.5,61.0,0.0,20.0,10.0,1.4,0.56,,0.0,1,10,9,4,0,0,6,4,5,0
https://world.openfoodfacts.org/product/3029330071280/pain-complet-jacquet,3029330071280,Pain Complet – Jacquet – 825 g,825 g,"Plastic, ,, Envelope",Jacquet,"Plant-based foods and beverages, ,, Plant-based foods, ,, Cereals and potatoes, ,, Breads, ,, Sliced breads, ,, Wholemeal breads, ,, Wholemeal sliced breads","Vegetarian, ,, Vegan, ,, No added sugar, ,, No additives, ,, No palm oil, ,, fr:Origine France",France,,France,"French: Farine complète de BLÉ (63%), eau, huile de colza, farine de BLÉ (1,9%), GLUTEN DE BLÉ , arôme (contient alcool), levure, sel, farine de maïs fermentée, germe de BLÉ , extrait d'acérola.",Gluten,"Eggs, Milk, Sesame seeds, fr:sucres",11,B,4,A,True,True,yes,moderate,low,low,moderate,1038.0,243.0,3.0,0.3,42.0,3.8,6.6,8.7,1.2,0.48,,1.775,2,9,7,3,1,0,5,3,4,0
https://world.openfoodfacts.org/product/3272770015516/tartare-100-vegetal-savencia,3272770015516,Tartare 100% vegetal – Savencia – 140g,140g,fr:Pot en plastique,"Savencia, ,, Tartare","Plant-based foods and beverages, ,, Plant-based foods, ,, Spreads, ,, Plant-based spreads, ,, Salted spreads, ,, Cheese spreads substitutes","Vegetarian, ,, Vegan, ,, No additives, ,, Triman",,,"Belgium, ,, France, ,, Germany, ,, Switzerland","almond milk 63 % (water, almond puree 15 %), rapeseed oil, rice flour, water, garlic and herbs (2,7 %), inulin, lemon juice concentrate, salt, natural flavours of garlic and parsley, pepper,
may contain traces of milk ,
100% of agricultural ingredients are of plant origin","Milk, Nuts",Nuts,15,B,4,B,True,True,yes,moderate,moderate,low,low,941.0,225.0,19.0,1.7,7.4,1.1,4.0,4.6,0.0025,0.001,,,1,3,2,2,0,1,0,1,1,0
https://world.openfoodfacts.org/product/3302740057502/filet-de-poulet-%F0%9F%90%94-roti-fleury-michon,3302740057502,Filet de poulet 🐔 rôti – Fleury Michon – 116 g,116 g,"Plastic, ,, Tray, ,, fr:Film en plastique",Fleury Michon,"Meats and their products, ,, Prepared meats, ,, fr:Charcuteries cuites, ,, Poultry hams, ,, Cooked chicken breast slices","No gluten, ,, Made in France, ,, Nutriscore, ,, Nutriscore Grade B, ,, Without sodium nitrite",European Union,,France,"French: Filet de poulet, bouillons [eau, huile infusée de romarin (huile de colza, romarin), os de poulet, plantes aromatiques, épices, céleri , carotte, poireau, oignon], sel, dextrose, arômes naturels (présence naturelle de polyphénols), antioxydant : acide ascorbique, colorant : caramel ordinaire. Viande de poulet d'origine UE.",Celery,,21,B,4,E,True,False,no,low,low,low,moderate,468.0,112.0,2.0,0.6,0.5,0.5,,23.0,1.475,0.59,,,1,8,7,1,0,0,7,7,0,0
https://world.openfoodfacts.org/product/3154230800965/blanc-de-poulet-nature-herta,3154230800965,Blanc de Poulet Nature – Herta – 140 g,140 g,,Herta,"Meats and their products, ,, Meat preparations, ,, Meats, ,, Prepared meats, ,, Chicken and its products, ,, Poultries, ,, Chicken preparations, ,, Chickens, ,, fr:Charcuteries cuites, ,, Poultry hams, ,, Cooked chicken breast slices","Made in France, ,, Nutriscore, ,, Nutriscore Grade B, ,, Triman",Viande de poulet rigoureusement sélectionnée d'origine UE,,France,"chicken fillets 92,3%, salt, broth (water, meat, chicken bone and fat, salt, carrot and onion extracts, sugar, garlic, thyme, bay leaf, lovage, turmeric, paprika, black pepper, nutmeg, cloves, antioxidant: rosemary extract), natural flavor (natural presence of polyphenols), flavor, mineral salt (potassium), preservative: potassium acetate, antioxidant: ascorbic acid, color: plain caramel",,,31,B,4,E,,False,no,low,low,low,moderate,446.3,103.0,2.0,0.7,0.9,0.0,0.0,21.0,1.5,0.6,,0.0394775390625001,1,8,7,1,0,0,7,7,0,0
https://world.openfoodfacts.org/product/3175681170841/raviolis-bio-cereales-bio,3175681170841,Raviolis bio – Céréales bio – 267 g,267 g,"Plastic, ,, fr:Film en plastique, ,, fr:Poche souple",Céréales bio,"Plant-based foods and beverages, ,, Plant-based foods, ,, Cereals and potatoes, ,, Meals, ,, Cereals and their products, ,, Pasta dishes, ,, Pastas, ,, Stuffed pastas, ,, Ravioli, ,, Pasta stuffed with vegetables, ,, Ravioli with vegetables, ,, fr:Plats à base de tofu, ,, fr:Raviolis au tofu","Vegetarian, ,, Organic, ,, EU Organic, ,, Non-EU Agriculture, ,, Vegan, ,, EU Agriculture, ,, EU/non-EU Agriculture, ,, FR-BIO-10, ,, Made in France, ,, Nutriscore, ,, Nutriscore Grade A, ,, AB Agriculture Biologique, ,, Triman","Ravioli et soja origine France, Tomates origine Italie, Basilic origine UE",France,France,"French: Eau, pâte alimentaire (semoule de blé dur 13,8%, eau), concentré de tomate 16,3%, tofu 6,7 % (eau, soja , agents coagulants: sulfate de calcium, chlorure de calcium, nigari), oignons, huile de tournesol, carottes, champignons, chapelure (farine de blé 1,3%, levure, sel), semoule de blé dur 1%, basilic 0,9%, sel de mer, épices, sucre de canne, oignons frits (oignons, huile d'olive extra vierge, jus de citron), herbes de Provence.","Celery, Gluten, Soybeans","Celery, Eggs, Milk, Mustard, Nuts, Sesame seeds",30,B,3,A,True,True,yes,moderate,low,low,moderate,465.0,111.0,3.1,0.4,15.0,2.9,3.8,3.8,0.74,0.296,,,2,4,2,1,0,0,3,1,1,0
https://world.openfoodfacts.org/product/6111126005580/chergui-lait,6111126005580,Chergui Lait – 450 ml,450 ml,,Chergui,"Dairies, ,, Fermented foods, ,, Fermented milk products, ,, Desserts, ,, Dairy desserts, ,, Milks (liquid and powder), ,, Fermented dairy desserts, ,, Milks, ,, fr:Boissons-au-lait","No preservatives, ,, Fed without soy, ,, fr:Chergui",Morocco,,Morocco,French: Lait frais pasteurisé demi écrémé,Milk,,1,B,1,D,True,True,no,low,low,low,low,190.372,45.0,1.5,1.0,4.9,0.0,0.0,3.1,0.1,0.04,,,-4,3,7,3,0,0,0,7,0,0
https://world.openfoodfacts.org/product/6111263000202/delfy,6111263000202,Delfy – 100g,100g,,delfy,"Seafood, ,, Fishes and their products, ,, Fishes, ,, Meals, ,, Fatty fishes, ,, Fish fillets, ,, Meals with fish, ,, Mackerels, ,, Mackerel fillets, ,, Meals with cooked white fish, ,, Cooked marine white fish without skin","Sustainable, ,, Sustainable fishery, ,, Omega-3, ,, High in Omega 3, ,, Sustainable Seafood MSC, ,, fr:Huile-de-soya, ,, fr:Sel",,,Morocco,"French: Maquereaux , huile de soya, sel.","Fish, Soybeans",,3,B,3,D,True,False,no,moderate,moderate,low,moderate,755.0,180.0,15.6,1.5,0.6,0.0,0.0,30.1,1.25,0.5,0.0,,2,9,7,2,0,1,6,7,0,0
https://world.openfoodfacts.org/product/3229820019208/pain-complet-seigle-bjorg,3229820019208,Pain complet seigle – Bjorg – 500 g,500 g,"Vacuum-packed, ,, fr:Sachet en plastique, ,, fr:Sachet plastique",Bjorg,"Plant-based foods and beverages, ,, Plant-based foods, ,, Cereals and potatoes, ,, Cereals and their products, ,, Breads, ,, Rye breads, ,, Wholemeal breads","Organic, ,, EU Organic, ,, Non-EU Agriculture, ,, DE-ÖKO-001, ,, EU Agriculture, ,, EU/non-EU Agriculture, ,, FR-BIO-01, ,, Made in Germany, ,, Planet-Score, ,, Planet-Score Grade A, ,, AB Agriculture Biologique, ,, Triman","Germany, ,, European Union",Allemagne,France,"French: Farine complète de seigle* 59%, eau, sel marin, levure. Peut contenir des traces de lait , fruits à coque , graines de sésame et de soja . *Ingrédients biologiques.",Gluten,"Milk, Nuts, Sesame seeds, Soybeans",4,B,3,A,True,True,yes,low,low,low,moderate,835.0,198.0,1.3,0.2,37.0,4.0,10.0,4.6,1.1,0.44,,0.0,2,8,6,2,1,0,5,1,5,0
https://world.openfoodfacts.org/product/6111035002052/bul-tropicale-les-eaux-minerales-d-oulmes,6111035002052,Bul'tropicale – Les Eaux Minérales d'Oulmès,,,"Les Eaux Minérales d'Oulmès, ,, Oulmès","Juice, ,, fr:sidi ali",,,,"France, ,, Morocco, ,, Spain","French: eau minérale naturelle gazeuse, jus de fruits, sucre, arômes, acidifiant acide citrique, antioxydant acide ascorbique, colorant, sel",,,9,B,4,,True,,maybe,low,low,moderate,low,185.0,44.0,0.0,0.0,11.8,8.9,,0.0,0.0,0.0,,19.725,2,2,0,0,2,0,0,0,0,0
https://world.openfoodfacts.org/product/3270190025337/lait-demi-ecreme-sterilise-uht-carrefour-bio,3270190025337,Lait demi-écrémé Stérilisé UHT – Carrefour BIO – 1 l,1 l,"Plastic, ,, Hdpe-high-density-polyethylene, ,, Bottle, ,, Bottle cap, ,, Wine cork, ,, Food safe, ,, Green dot, ,, Triman, ,, fr:Bouteille et bouchon à recycler, ,, fr:Bouteille plastique, ,, fr:Opercule en aluminium","Carrefour BIO, ,, Carrefour","Dairies, ,, Milks (liquid and powder), ,, Milks, ,, Homogenized milks, ,, Pasteurised products, ,, Semi-skimmed milks, ,, UHT Milks, ,, Organic semi-skimmed milks","Organic, ,, EU Organic, ,, EU Agriculture, ,, FR-BIO-01, ,, French agriculture, ,, French milk, ,, Green Dot, ,, Made in France, ,, Nutriscore, ,, Nutriscore Grade A, ,, AB Agriculture Biologique, ,, fr:Garantie IPLC",Ce lait Carrefour bio provient d'élevages français de vaches laitières.,France,"France, ,, Switzerland",French: Lait demi-écrémé,Milk,,1,B,1,B,True,True,no,low,low,low,low,197.0,47.0,1.6,1.0,4.8,4.8,0.0,3.3,0.1,0.04,,0.0,-1,6,7,3,3,0,0,7,0,0
https://world.openfoodfacts.org/product/3019081241216/maquereaux-vin-blanc-et-aromates-petit-navire,3019081241216,Maquereaux vin blanc et aromates – Petit Navire – 175g,175g,,Petit Navire,"Seafood, ,, Fishes and their products, ,, Canned foods, ,, Fishes, ,, Fatty fishes, ,, Canned fishes, ,, Fish fillets, ,, Mackerels, ,, Mackerel fillets, ,, Mackerel fillets in white wine and herbs, ,, Tinned Mackerels","No artificial flavors, ,, Omega-3, ,, Source of proteins, ,, High in Omega 3, ,, High proteins, ,, Nutriscore, ,, Nutriscore Grade B, ,, Triman",Portugal,Portugal,"France, ,, Germany","Mackerel fillets 60%, water, carrots 5%, onions 5%, alcohol vinegar, pickles 1,7% (pickles, alcohol vinegar, salt, sulfites ), white wine vinegar, white wine 1%, salt, lemon juice concentrate, black pepper, bay leaf, thyme","Fish, Sulphur dioxide and sulphites","Celery, Eggs, Milk, Mustard, Soybeans",16,B,3,C,True,False,no,moderate,moderate,low,moderate,645.0,155.0,11.0,3.0,0.8,0.6,0.57,13.0,1.0,0.4,,14.5,2,7,5,1,0,2,4,5,0,0
https://world.openfoodfacts.org/product/3176571983008/lait-1-2-ecreme-candia,3176571983008,lait 1/2 écrémé – candia – 1 L,1 L,"Bouchon de bouteille, ,, Brique, ,, Film en plastique, ,, Plastique",candia,"Dairies, ,, Milks (liquid and powder), ,, Milks, ,, Homogenized milks, ,, Pasteurised products, ,, Semi-skimmed milks, ,, UHT Milks, ,, UHT milk fortified with vitamins, ,, Semi-skimmed UHT milk fortified with vitamins","French milk, ,, Nutriscore, ,, Nutriscore Grade A, ,, Renforce-en-vitamine-d, ,, Source-de-10-vitamines",Lait collecté et conditionné en France,"Candia (Filiale Sodiaal International) - 1040 Route Nationale - 59400 Awoingt, ,, Nord, ,, Nord-Pas-de-Calais, ,, France","France, ,, Guadeloupe","Low-fat milk, lactase, vitamin A, vitamin B1, vitamin B2, vitamin B5, vitamin B6, vitamin B8, vitamin B9, vitamin B12, vitamin E, vitamin PP and vitamin D",Milk,,14,B,1,B,True,True,yes,low,low,low,low,175.0,41.0,1.0,0.6,4.8,4.8,,3.3,0.1,0.04,,,-1,6,7,3,3,0,0,7,0,0
https://world.openfoodfacts.org/product/3184670001080/faisselle-rians,3184670001080,faisselle – RIANS – 1 kg,1 kg,"Plastic, ,, Pot, ,, Fresh",RIANS,"Dairies, ,, Fermented foods, ,, Fermented milk products, ,, Cheeses, ,, Desserts, ,, Dairy desserts, ,, Fermented dairy desserts, ,, Fresh cheeses, ,, Cream cheeses, ,, Faiselles","Green Dot, ,, fr:Moule-a-la-louche",France,France,France,French: Lait pasteurisé (origine : France),Milk,,1,B,3,C,True,True,no,moderate,moderate,low,low,317.0,76.0,4.5,2.9,4.5,4.5,0.0,4.3,0.1,0.04,0.0,,2,3,1,0,1,2,0,1,0,0
https://world.openfoodfacts.org/product/6111099000582/lio-huile-de-table,6111099000582,Lio huile de table,,,lio,"Plant-based foods and beverages, ,, Plant-based foods, ,, Fats, ,, Vegetable fats, ,, Olive tree products, ,, Vegetable oils, ,, Olive oils, ,, ar:6.50dh 1/2litr",,,,"France, ,, Morocco, ,, United States","Arabic: lio Huile de table A ingredients: Huiles vegetales ( Soja ), Vitamine A, Vitamine 9 Valeurs nutritionnelles 1999 Veleur Energétique (Koa) 999 100 Acides gras saturés (g) 14 Acides gras monoinsaturés (g) 24 Acides gras polyinsaturés (g) 62 0 Glucide 0 3099 Vitamine 03 (1) 300 Lio Produit: HSB التنقية في : رقم Raffinée à : Agadi MAHGO 26.522.19 ليو منتوج التوضيب في : Conditionnée : MAHCO 25.84 19 2 Litres القيمة الغذائية FEE R",,Soybeans,20,B,,E,False,True,yes,high,high,low,low,3765.0,900.0,100.0,14.0,0.0,0.0,,0.0,0.0,0.0,,,0,5,5,,0,,0,0,0,5
https://world.openfoodfacts.org/product/6191509900671/extra-virgin-olive-oil-terra-delyssa,6191509900671,EXTRA VIRGIN OLIVE OIL – TERRA DELYSSA – 750 ml,750 ml,"Glass, ,, Bottle",TERRA DELYSSA,"Plant-based foods and beverages, ,, Plant-based foods, ,, Fats, ,, Vegetable fats, ,, Olive tree products, ,, Vegetable oils, ,, Olive oils, ,, Extra-virgin olive oils, ,, Olive oils from Tunisia, ,, Virgin olive oils","No GMOs, ,, Non GMO project",Tunisia,Tunisie,"France, ,, United Kingdom, ,, United States, ,, World",EXTRA VIRGIN OLIVE OIL,,,1,B,2,D,True,True,yes,high,high,low,low,3449.0,821.0,91.0,19.0,0.0,0.0,0.0,0.0,0.0,0.0,,,2,7,5,,0,,0,,0,5
https://world.openfoodfacts.org/product/3023290030547/skyr-framboise-siggi-s,3023290030547,Skyr framboise – Siggi's – 2 x 140 g,2 x 140 g,"Plastic, ,, Pot, ,, Cardboard, ,, Fresh, ,, fr:Point vert",Siggi's,"Dairies, ,, Fermented foods, ,, Fermented milk products, ,, Desserts, ,, Dairy desserts, ,, Fermented dairy desserts, ,, Fermented dairy desserts with fruits, ,, Fromages blancs - petit suisses and skyr, ,, Skyrs, ,, Fruit skyrs","No preservatives, ,, No colorings, ,, No flavors, ,, Without sweeteners, ,, Triman, ,, fr:Cercle de Möbius",Fabriqué en Slovénie pour LNUF Marques (Laval),Slovénie,"France, ,, Germany","French: Lait pasteurisé à 2,2% de matières grasses (86%), framboises (6,4%), sucre de canne (5,1%), jus de citron concentré, amidon, ferments lactiques ( lait )",Milk,"Gluten, Nuts, fr:avoine",6,B,3,A,True,True,yes,low,low,moderate,low,373.0,88.0,1.9,1.4,8.9,8.4,,8.9,0.1,0.04,,,1,4,3,1,2,1,0,3,0,0
https://world.openfoodfacts.org/product/8008698011065/meisterbackers-vital-schar,8008698011065,Meisterbäckers Vital – Schär – 350g,350g,"Plastic, ,, Bag, ,, Stück",Schär,"Plant-based foods and beverages, ,, Plant-based foods, ,, Cereals and potatoes, ,, Specific products, ,, Products for specific diets, ,, Breads, ,, Products without gluten, ,, Gluten-free breads, ,, Sliced breads, ,, Gluten-free sliced breads","No gluten, ,, Crossed Grain Trademark, ,, Green Dot, ,, No lactose",,,"Belgium, ,, France, ,, Germany, ,, Netherlands, ,, Spain, ,, Switzerland, ,, United Kingdom","maize starch, sourdough 20% (rice flour, water), water, rice flour, sunflower seeds 6,6%, flax seeds 6,6%, vegetable fiber (psyllium), quinoa flour 2,9%, apple extract, sorghum flour 2,6%, yeast, sunflower oil, thickener: hydroxypropyl methylcellulose, chestnut flour 1,0%, iodized salt (salt, potassium iodide), natural flavor",,"Lupin, Soybeans",22,B,4,A,True,,maybe,moderate,low,low,moderate,1099.0,255.0,9.2,1.1,36.0,0.0,8.8,4.5,1.0,0.4,,0.0,2,8,6,3,0,1,4,1,5,0
https://world.openfoodfacts.org/product/3292070001576/specialite-a-base-de-pois-chiches-et-de-sesame-blini,3292070001576,Spécialité à base de pois chiches et de sésame – Blini – 200 g,200 g,Plastic,Blini,"Plant-based foods and beverages, ,, Plant-based foods, ,, Condiments, ,, Spreads, ,, Plant-based spreads, ,, Salted spreads, ,, Sauces, ,, Dips, ,, Hummus, ,, Classic hummus, ,, Groceries","Fair trade, ,, Vegetarian, ,, Green Dot, ,, Nutriscore, ,, Nutriscore Grade A, ,, Agri-Éthique France, ,, Triman, ,, fr:Emballage recyclable, ,, fr:Fabriqué en Normandie",France,France,"France, ,, Switzerland","chickpeas 50% - rapeseed oil - water - sesame seed paste 12% - salt - acidifier: e330 - dehydrated garlic - preservative: e202, possible traces of: milk, soy , cereals containing gluten , crustaceans , eggs , fish , celery , mustard and molluscs",Sesame seeds,"Celery, Crustaceans, Eggs, Fish, Gluten, Lupin, Milk, Molluscs, Mustard, Soybeans",11,B,3,A,True,True,yes,high,moderate,low,moderate,1120.0,271.0,22.2,1.9,8.4,0.0,7.4,5.8,1.19,0.476,0.0,,2,9,7,3,0,1,5,2,4,1
https://world.openfoodfacts.org/product/6191509900855/organic-extra-virgin-olive-oil-terra-delyssa,6191509900855,Organic Extra Virgin Olive Oil – Terra Delyssa – 750 ml,750 ml,"Glass, ,, Bottle",Terra Delyssa,"Plant-based foods and beverages, ,, Plant-based foods, ,, Fats, ,, Vegetable fats, ,, Olive tree products, ,, Vegetable oils, ,, Olive oils, ,, Extra-virgin olive oils, ,, Olive oils from Tunisia, ,, Virgin olive oils","Organic, ,, Certified by Ecocert, ,, EU Organic, ,, No GMOs, ,, Non-EU Agriculture, ,, Non GMO project, ,, AB Agriculture Biologique, ,, Tn-bio-001, ,, fr:TN-BIO-001",Tunisia,,"France, ,, Switzerland, ,, World",extra virgin olive oil (organic of higher grade obtained directly from olives and only by mechanical processes),,,2,B,2,B,False,True,yes,high,high,low,low,3347.0,800.0,86.6666666666667,16.6666666666667,0.0,0.0,0.0,0.0,0.0,0.0,,,2,7,5,,0,,0,,0,5
https://world.openfoodfacts.org/product/3428273980046/lait-100-francais-matin-leger-demi-ecreme-lactel,3428273980046,Lait 100 % français Matin Léger® Demi-Écrémé – Lactel – 1 L,1 L,"Plastic, ,, fr:Bouchon plastique, ,, fr:Bouteille en plastique, ,, fr:Opercule alu",Lactel,"Dairies, ,, Milks (liquid and powder), ,, Milks, ,, Homogenized milks, ,, Pasteurised products, ,, Semi-skimmed milks, ,, UHT Milks, ,, UHT milk fortified with vitamins, ,, Cow milks, ,, Lactose-free milk, ,, Semi-skimmed UHT milk fortified with vitamins","French milk, ,, Green Dot, ,, No lactose, ,, Enriched-wih-vitamins, ,, fr:Enricĉ",France,"Société Laitière de Clermont (Filiale Groupe Lactalis) - 2 Rue Henri Breuil - 60600 Clermont, ,, Oise, ,, Picardie, ,, Société Laitière de Rodez (Filiale Groupe Lactalis) - Rue de la Prade - ZI de Cantaranne - 12850 Onet-le-Château, ,, Aveyron, ,, Midi-Pyrénées, ,, Société Laitière de Vitré (Filiale Groupe Lactalis) - Les Guichardières - 35500 Vitré, ,, Ille-et-Vilaine, ,, Bretagne, ,, France","France, ,, Morocco, ,, Switzerland","milk at 1,2% m,g, sterilized uht lactose-free (,lt,0,19/100 ml) and fortified with vitamin d, ingredian ts:milk 1,2% fat (origin france), lactase, vitamin d, lalouroti nutri nnlla",Milk,,11,B,,C,False,True,yes,low,low,low,low,179.0,43.0,1.2,0.8,4.8,4.8,,3.3,0.1075,0.043,,,-1,6,7,3,3,0,0,7,0,0
https://world.openfoodfacts.org/product/8480000609632/cottage-cheese-hacendado,8480000609632,cottage cheese – Hacendado – 200 g,200 g,Plastic,Hacendado,"Dairies, ,, Fermented foods, ,, Fermented milk products, ,, Cheeses, ,, Fresh cheeses, ,, Cottage cheeses","Green Dot, ,, es:Recicla amarillo",Origen de la leche: UE,Sverige,"Portugal, ,, Spain","Spanish: Leche de vaca desnatada pasteurizada, nata , 
sal, 
conservador (E202), 
fermentos lácticos, 
cuajo microbiano.",Milk,None,7,B,3,D,True,True,no,moderate,moderate,low,moderate,391.0,93.0,4.0,2.6,1.6,0.0,0.0,13.0,0.82,0.328,0.0,0.0,2,7,5,1,0,2,4,5,0,0
https://world.openfoodfacts.org/product/4056489141877/huile-d-olive-vierge-extra-d-espagne-primadonna,4056489141877,Huile d'olive vierge extra d'Espagne – Primadonna – 1 L,1 L,"Plastic, ,, Bottle cap, ,, Bottle, ,, fr:Bouchon en plastique, ,, fr:Bouteille en plastique",Primadonna,"Plant-based foods and beverages, ,, Plant-based foods, ,, Fats, ,, Vegetable fats, ,, Olive tree products, ,, Vegetable oils, ,, Olive oils, ,, Extra-virgin olive oils, ,, Virgin olive oils","Nutriscore, ,, Nutriscore Grade C",Spain,Espagne,"Belgium, ,, Bulgaria, ,, France, ,, Netherlands, ,, Romania, ,, Switzerland",French: Huile d'olive vierge extra d'Espagne.,,,1,B,2,D,True,True,yes,high,high,low,low,3404.0,828.0,92.0,14.0,0.0,0.0,0.0,0.0,0.0,0.0,0.0,,0,5,5,,0,,0,0,0,5
https://world.openfoodfacts.org/product/8005110517006/pastasaus-m-basilikum-mutti,8005110517006,Pastasaus m/Basilikum – Mutti – 400g,400g,"Lid or cap, ,, Metal, ,, Glass, ,, Dry, ,, Jar, ,, Lid","Mutti, ,, Oluf lorentzen as","Plant-based foods and beverages, ,, Plant-based foods, ,, Fruits and vegetables based foods, ,, Condiments, ,, Vegetables based foods, ,, Cooking helpers, ,, Sauces, ,, Tomatoes and their products, ,, Meal sauces, ,, Pasta sauces, ,, Tomato sauces, ,, Tomato sauces with basil","No gluten, ,, No added sugar, ,, Nutriscore, ,, Nutriscore Grade A",fr:Tomates origine Italie,"Mutti S.p.a., ,, Via Traversetolo 28 - 43022 - Montechiarugolo (PR), ,, Italia","Belgium, ,, France, ,, Germany, ,, Netherlands, ,, United Kingdom","German: Gehackte Tomaten 60 %, passierte ,,Rossoro""-Tomaten 21%, Tomatenmark 10,2 %, Olivenöl, Zwiebeln, Basilikum ""Basilico Genovese DOP"" 1,5 %, Karotten, natürliche Aromen, Salz",Celery,,10,B,4,A,True,True,yes,low,low,low,moderate,220.9,56.0,2.8,0.5,5.3,4.5,,1.6,0.61,0.243,,70.2,2,4,2,0,1,0,3,0,0,2
https://world.openfoodfacts.org/product/6111266962774/leben-jaouda,6111266962774,Leben – jaouda – 440g,440g,,"Jaouda, ,, jaouda","Dairies, ,, Fermented foods, ,, Fermented milk products, ,, Desserts, ,, Dairy desserts, ,, Milks (liquid and powder), ,, Fermented dairy desserts, ,, Milks, ,, Yogurts",,,,Morocco,"French: Lait frais partiellement écrémé, ferments lactiques sélectionnés dont Bifidobacterium.",Milk,,2,B,1,E,False,True,no,low,moderate,low,low,170.5,52.0,2.4,1.7,4.7,0.0,,3.1,0.0,0.0,,0.0,-3,4,7,3,0,1,0,7,0,0
https://world.openfoodfacts.org/product/8005510001525/huile-d-olive-vierge-extra-granfruttato-monini,8005510001525,Huile d'olive vierge extra GranFruttato – Monini – 75 cl,75 cl,Glass,Monini,"Plant-based foods and beverages, ,, Plant-based foods, ,, Fats, ,, Vegetable fats, ,, Olive tree products, ,, Vegetable oils, ,, Olive oils, ,, Olive oils from Italy, ,, Extra-virgin olive oils, ,, Virgin olive oils",Triman,Italie,"Monini S.p.A. Italie PG013, ,, Spoleto, ,, Italie","France, ,, Italy, ,, Switzerland",French: Huile d'olive de catégorie supérieure,,,1,B,2,D,True,True,yes,high,high,low,low,3700.0,900.0,99.9,15.2,0.0,0.0,0.0,0.25,0.0063,,,0.0,0,5,5,,0,,0,0,0,5
https://world.openfoodfacts.org/product/3599741006312/epinards-haches-a-la-creme-findus,3599741006312,Epinards Hachés à la Crème – Findus – 500 g,500 g,fr:Boîte carton PEFC,Findus,"Plant-based foods and beverages, ,, Plant-based foods, ,, Fruits and vegetables based foods, ,, Vegetables based foods, ,, Frozen foods, ,, Frozen plant-based foods, ,, Frozen vegetables, ,, Prepared vegetables, ,, Prepared spinachs, ,, Spinach with cream sauce","No preservatives, ,, Sustainable farming, ,, No colorings, ,, No palm oil, ,, Nutriscore, ,, Nutriscore Grade A, ,, PEFC, ,, Triman","France, UE",,France,"French: Épinards 71%, eau, crème fraîche 10%, farine de blé , lait écrémé en poudre, sel, épices.","Gluten, Milk","Celery, Crustaceans, Eggs, Fish, Mustard",7,B,3,B,True,True,no,moderate,moderate,low,moderate,326.0,78.0,4.4,2.8,5.3,0.0,1.7,3.5,0.6,0.24,0.0,,1,4,3,0,0,2,2,1,0,2
https://world.openfoodfacts.org/product/3560070902057/riz-long-grain-carrefour,3560070902057,Riz long grain – Carrefour – 500 g,500 g,Cardboard,Carrefour,"Plant-based foods and beverages, ,, Plant-based foods, ,, Cereals and potatoes, ,, Seeds, ,, Cereals and their products, ,, Cereal grains, ,, Rices, ,, Long grain rices, ,, fr:Épicerie salée",,Ce riz est conditionné en Italie à partir de riz cultivé en Union Européenne ou en Amérique du Sud.,"Italie, ,, Valle Lomellina, ,, Lombardie","France, ,, Italy, ,, Spain",French: Riz long grain,,,1,B,1,E,True,True,yes,low,low,low,low,1509.0,359.0,0.8,0.2,79.0,0.5,1.5,7.3,0.02,0.008,,,0,3,3,,0,,0,3,0,0
https://world.openfoodfacts.org/product/3254560027152/aperitif-anise-sans-alcool-boisson-a-l-extrait-naturel-d-anis-auchan,3254560027152,Apéritif anisé sans alcool - Boisson à l'extrait naturel d'anis – Auchan – 1 l,1 l,fr:Bouteille en verre,"Auchan, ,, Canebiere","Beverages and beverages preparations, ,, Beverages, ,, Non-alcoholic beverages, ,, Unsweetened beverages, ,, Variety packs, ,, Non-alcoholic beverages variety packs","Green Dot, ,, Made in France, ,, No alcohol",,,"France, ,, United States, ,, World","water, emulsifier: gum arabic, flavors, natural star anise extract (0.23%), safflower concentrate, stabilizer: glyceric esters of wood resin, lollipope aroma, color: ordinary caramel",,,11,B,4,,True,True,yes,low,low,low,low,10.0,3.0,0.5,0.1,0.5,0.5,1.3,0.5,0.04,0.016,,,0,0,0,0,0,0,0,0,0,0
https://world.openfoodfacts.org/product/5411188080091/soya-vanilla-provamel,5411188080091,Soya. Vanilla. – Provamel – 1 L,1 L,"Plastic, ,, Bottle cap, ,, Brick, ,, Cardboard, ,, Wine cork",Provamel,"Beverages and beverages preparations, ,, Plant-based foods and beverages, ,, Beverages, ,, Plant-based foods, ,, Legumes and their products, ,, Dairy substitutes, ,, Milk substitutes, ,, Plant-based beverages, ,, Plant-based milk alternatives, ,, Legume-based drinks, ,, Soy-based drinks, ,, Sweetened beverages, ,, Vanilla soy-based drinks","Vegetarian, ,, No gluten, ,, Organic, ,, Carbon compensated product, ,, Crossed Grain Trademark, ,, EU Organic, ,, Non-EU Agriculture, ,, Vegan, ,, EG-Öko-Verordnung, ,, BE-BIO-01, ,, Certified B Corporation, ,, CO2e neutral, ,, EU Agriculture, ,, EU/non-EU Agriculture, ,, FSC, ,, FSC Mix, ,, Green Dot, ,, No lactose, ,, The Vegan Society, ,, AB Agriculture Biologique, ,, Fsc-c014047",,,"Belgium, ,, France, ,, Germany, ,, Italy, ,, Netherlands, ,, Switzerland","Soya base* (94,2%) (Water, Hulled soya beans* (8,7%)), Raw cane sugar*, Bourbon vanilla extract* (0,2%), Sea salt. = organically grown/produced",Soybeans,,7,B,3,A,True,True,yes,moderate,low,moderate,low,228.0,54.0,1.9,0.3,5.7,5.7,0.6,3.3,0.14,0.056,,,1,8,7,4,4,0,0,7,0,0
https://world.openfoodfacts.org/product/8009490000028/jus-de-citron-siracuse,8009490000028,Jus de citron – Siracuse – 30 cl (2 x 15 cl),30 cl (2 x 15 cl),"Plastic, ,, Pot, ,, Cardboard, ,, Sleeve",Siracuse,"Beverages and beverages preparations, ,, Plant-based foods and beverages, ,, Beverages, ,, Plant-based beverages, ,, Fruit-based beverages, ,, Juices and nectars, ,, Fruit juices, ,, Lemon juice","Green Dot, ,, Nutriscore, ,, Nutriscore Grade B","Italy, ,, Sicily",,France,"French: jus de citron à base de concentré (99,8%), huile essentielle de citron, conservateur : métabisulfite de potassium.",Sulphur dioxide and sulphites,,4,B,3,D,True,True,yes,low,low,low,low,116.0,27.0,0.03,0.0,2.0,2.0,,0.4,0.01,0.004,,,-3,3,6,2,1,0,0,0,0,6
https://world.openfoodfacts.org/product/8480017102195/lentejas-con-verduras-dia,8480017102195,Lentejas con verduras – Dia – 415 g  (neto),415 g  (neto),"Can, ,, Canned, ,, es:Esterilizado",Dia,"Plant-based foods and beverages, ,, Plant-based foods, ,, Legumes and their products, ,, Canned foods, ,, Legumes, ,, Seeds, ,, Canned plant-based foods, ,, Legume seeds, ,, Meals, ,, Pulses, ,, Lentils, ,, Canned legumes, ,, Canned meals","Vegetarian, ,, Vegan, ,, No added sugar, ,, No additives",,"Los Yébenes, ,, Toledo (provincia), ,, Castilla-La Mancha, ,, España",Spain,"Spanish: Agua, lentejas (13%), cebolla (5,6%), zanahoria (4,7%), patata (4,7%), guisante (4,7%), judía verde (3,5%), aceite de oliva, tomate concentrado, sal, azúcar, especias y estabîlîzante (goma xantana).",,,14,B,4,A,True,True,yes,low,low,low,moderate,397.0,95.0,1.8,0.5,11.7,1.2,,6.0,0.85,0.34,,,2,7,5,,0,,4,,0,5
https://world.openfoodfacts.org/product/8432580111012/aceite-de-oliva-suave-0-4-la-masia,8432580111012,"Aceite De Oliva Suave 0,4º – la masia",,,la masia,"Plant-based foods and beverages, ,, Plant-based foods, ,, Fats, ,, Vegetable fats, ,, Olive tree products, ,, Vegetable oils, ,, Olive oils",,,,"France, ,, Spain",,,,,B,2,D,,,,high,high,low,low,3447.0,824.0,92.0,14.0,0.0,0.0,,0.0,0.0,0.0,,,0,5,5,,0,,0,0,0,5
https://world.openfoodfacts.org/product/3596710465361/auchan-biolait-demi-ecremeorigine-france-solidaires-pour-soutenir-nos-producteursfiliere-responsable50-cl,3596710465361,Auchan BioLAIT DEMI ECREMEORIGINE FRANCE SOLIDAIRES POUR SOUTENIR NOS PRODUCTEURSFilière responsable50 cL – 0.5 l,0.5 l,Bottle,"Auchan, ,, Auchan Bio","Dairies, ,, Milks (liquid and powder), ,, Milks, ,, Homogenized milks, ,, Pasteurised products, ,, Semi-skimmed milks, ,, UHT Milks, ,, Cow milks, ,, ESL milks, ,, Organic semi-skimmed milks","Organic, ,, EU Organic, ,, EU Agriculture, ,, FR-BIO-01, ,, French agriculture, ,, French milk, ,, Nutriscore, ,, Nutriscore Grade B, ,, AB Agriculture Biologique, ,, Triman",France,France Saint Denis de l'Hotêl,"France, ,, Italy, ,, World",French: LAIT demi-écrémé stérilisé UHT biologique* Elaboré à partir de lait origine France *Conformément au mode de production biologique,Milk,,1,B,,B,False,True,yes,low,low,low,low,197.0,47.0,1.6,1.0,4.8,4.8,0.5,3.3,0.09,0.036,,,-1,6,7,3,3,0,0,7,0,0
https://world.openfoodfacts.org/product/5000232835611/extra-virgin-olive-oil-napolina,5000232835611,Extra Virgin Olive Oil – Napolina,,Pet-bottle,Napolina,"Plant-based foods and beverages, ,, Plant-based foods, ,, Fats, ,, Vegetable fats, ,, Olive tree products, ,, Vegetable oils, ,, Olive oils, ,, Extra-virgin olive oils, ,, Virgin olive oils",,,,"France, ,, United Kingdom",OLIVE OILS,,,1,B,2,D,True,True,yes,high,high,low,low,3382.0,823.0,91.4,13.1,0.0,0.0,,0.0,0.0,0.0,,,0,5,5,,0,,0,0,0,5
https://world.openfoodfacts.org/product/8410500017545/danacol-tropical,8410500017545,Danacol Tropical – 1000 g (100 g x 10),1000 g (100 g x 10),,"Danacol, ,, Danone","Beverages, ,, Dairies, ,, Fermented foods, ,, Fermented milk products, ,, Desserts, ,, Dairy desserts, ,, Dairy drinks, ,, Fermented dairy desserts, ,, Fermented drinks, ,, Yogurts, ,, Fermented milk drinks, ,, Drinkable-yogurts",Green Dot,,,Spain,"WestRock CLUSTER-PAK® NATADA CON EDULCORANTES, AÑADIDOS Y FRUTAS EXOTICAS. pasteurizada desnatada, idos lácteos rehidratado. egetal (2,6%, del cual 1,6% bre), oligofructosa, pulpa cas (1,4%) [mango, kiwi che en polvo fermentos lácticos, ulcorantes (acesulfamo y colorantes (riboflavina, rigen de la leche: España. INFORMACIÓN NUTRICIONAL por 100g (% IR* para un adulto por unidad): Valor energético 155kJ/",,,15,B,,E,False,True,yes,low,low,moderate,low,192.0,46.0,1.1,0.1,4.6,4.5,,3.2,0.14,0.056,,,-1,6,7,3,3,0,0,7,0,0
https://world.openfoodfacts.org/product/5900820009854/mleko-%C5%9Bwie%C5%BCe-mleczna-dolina,5900820009854,MLEKO ŚWIEŻE – Mleczna Dolina – 1l,1l,"Plastic, ,, pl:Butelka",Mleczna Dolina,"Dairies, ,, Milks, ,, Semi-skimmed milks, ,, Cow milks","Made in Poland, ,, pl:Gwarancja jakości",Poland,,Poland,"ml e is pasteurized at a temperature of 74°c, mikrofiltrowane fat content of 2.0% nutrition facts: per serving % rws* product product 100 ml 250 ml 250 ml porgji (glass) 212kjieże",Milk,,1,B,1,C,True,True,no,low,low,low,low,211.7,50.0,2.0,1.2,4.8,4.8,0.0,3.3,0.0975,0.039,,0.0,1,8,7,4,3,1,0,7,0,0
https://world.openfoodfacts.org/product/5054775144686/chicken-vegetable-soup-tesco,5054775144686,Chicken & Vegetable Soup – Tesco – 600 g,600 g,"Other plastic-tub, ,, Plastic pot",Tesco,"Meals, ,, Soups, ,, Broths, ,, Reheatable soups, ,, Chicken soups, ,, Chicken and vegetables soup, ,, Poultry broth, ,, Groceries","Source of proteins, ,, High proteins",Thailand,,United Kingdom,"Chicken Stock [Water, Chicken Extract, Chicken , Sugar, Salt, Cornflour, Chicken Fat, Onion Concentrate], Vegetables (30%) [Carrot, Swede, Onion, Potato, Parsnip, Leek, Celery ], Chicken Breast (5%), Potato Starch, Pearl Barley , Garlic Purée, Salt, Rapeseed Oil, Sage, Thyme. Made using chicken from Thailand.","Celery, Chicken, Gluten",,26,B,3,A,,False,no,low,low,low,moderate,165.0,39.0,1.1,0.2,3.2,1.5,1.1,3.6,0.466666666666667,0.186666666666667,0.0,,1,2,1,0,0,0,2,1,0,0
https://world.openfoodfacts.org/product/3021690030105/curry-de-lieu-d-alaska-au-lait-de-coco-quinos-petits-legumes-weight-watchers,3021690030105,"Curry de lieu d'Alaska au lait de coco, quinos & petits légumes – Weight watchers",,,Weight watchers,"Meals, ,, Meals with fish, ,, Quinoa dishes","No preservatives, ,, No colorings, ,, Nutriscore, ,, Nutriscore Grade A",,,France,"French: Quinoa réhydraté 35 % (quinoa, eau, sel, huile de colza, portion de filet de l’Alaska 26 %, eau carotte 8%, oignons, poireau 2%, poivron 2%, courgette 2%,  préparation en poudre à base de crème de coco 1% (crème de coco, maltodextrine, caséinate de sodim (contient lait ), amidon de maïs, crème , curry (épices, plantes aromatiques, sel), huile de colza, sel, farine de blé , coriandre, jus de citron concentré, gingembre en poudre","Gluten, Milk",,27,B,4,,True,True,no,moderate,low,low,moderate,489.0,117.0,3.0,1.0,14.0,0.9,1.8,8.2,0.7,0.28,,,1,4,3,1,0,0,3,3,0,0
https://world.openfoodfacts.org/product/4037300108903/texas-topf-erasco,4037300108903,Texas-Topf – Erasco – 800g,800g,Canned,Erasco,"Canned foods, ,, Meals, ,, Canned meals",,,,Germany,"German: Wasser, rote Bohnen, 17% Gemüse (Zwiebeln, Möhren, grüne Bohnen, Mais), weiße Bohnen, 4,2% Fleischwurst (Schweinefleisch, Wasser, Salz, Gewürze, Dextrose, Glucosesirup, Stabilisator: Diphosphate, Antioxidationsmittel: E300-E316), Tomatenmark, modifizierte Stärke, Zucker, Salz, Rapsöl, Aroma, Verdickungsmittel: Guarkernmehl, Knoblauchpulver, schwarzer Pfeffer, Dextrose, Hefeextrakt, färbender Paprikaextrakt, Raucharoma.",,"Celery, Eggs, Gluten, Milk, Mustard, Soybeans",34,B,4,,True,False,no,low,low,low,moderate,320.0,76.0,2.3,0.7,8.1,1.7,4.1,3.9,0.94,0.376,,55.03125,1,4,3,0,0,0,4,1,1,1
https://world.openfoodfacts.org/product/3280249506007/fromage-blanc-au-lait-de-brebis-le-petit-basque,3280249506007,Fromage Blanc au Lait de Brebis – Le Petit Basque – 400 g,400 g,"Plastic, ,, Pot, ,, Fresh",Le Petit Basque,"Dairies, ,, Fermented foods, ,, Fermented milk products, ,, Desserts, ,, Dairy desserts, ,, Fermented dairy desserts, ,, fr:Fromages blancs, ,, Fresh cream cheese with sheeps's milk, ,, fr:YAOURTS & FROMAGES BLANCS",French milk,France,Gironde,France,"pasteurized skimmed sheep's milk (origin: france), pasteurized sheep's cream (origin: france), lactic ferments (including milk ), vitamin d",Milk,,4,B,1,A,True,True,no,moderate,moderate,low,low,376.0,90.0,4.5,3.2000000476837,58.0,3.0,0.0,7.4800000190735,0.13,0.052,,,1,4,3,1,0,3,0,3,0,0
https://world.openfoodfacts.org/product/3368959608799/cafe-moulu-arabica-d-ethiopie-250g-u,3368959608799,Café moulu arabica d'Ethiopie - 250g – U – 250 g,250 g,"Pack, ,, fr:Sous vide d'air","U, ,, U Saveurs","Beverages and beverages preparations, ,, Plant-based foods and beverages, ,, Beverages, ,, Plant-based foods, ,, Hot beverages, ,, Coffees, ,, Ground coffees","Organic, ,, Packaged in France",Ethiopia,France,France,French: 100% café Arabica torréfié d'Ethiopie,,,1,,1,,True,True,yes,,,,,1656.4,396.0,15.4,,40.2,,19.8,14.4,0.19,,,0.0,,,,,,,,,,
https://world.openfoodfacts.org/product/3380380073076/coulis-de-tomates-bio-primeal,3380380073076,COULIS DE TOMATES BIO – Primeal – 500 g,500 g,"Brick, ,, Dry",Priméal,"Plant-based foods and beverages, ,, Plant-based foods, ,, Fruits and vegetables based foods, ,, Vegetables based foods, ,, Tomatoes and their products, ,, Strained tomatoes","Low or no salt, ,, Low salt, ,, Organic, ,, EU Organic, ,, IT-BIO-006, ,, AB Agriculture Biologique, ,, At-bio-006",,,France,"French: purée de tomates* mi-réduite à I I %, sel marin. *issues de l'agriculture biologique. Pauvre en sel.",,,2,B,3,A,False,True,yes,low,low,moderate,low,158.0,38.0,0.4,0.1,6.0,6.0,1.0,2.0,0.25,0.1,,,2,2,0,0,1,0,1,0,0,0
https://world.openfoodfacts.org/product/3387270621720/fromage-blanc-au-lait-de-montagne-laiterie-gerentes-40-mg,3387270621720,"Fromage blanc au lait de montagne Laiterie Gerentes, 40% MG – 1 kg",1 kg,"Fresh, ,, fr:Pot en plastique, ,, fr:Pot plastique",Gérentes,"Dairies, ,, Fermented foods, ,, Fermented milk products, ,, Cheeses, ,, Desserts, ,, Dairy desserts, ,, Cow cheeses, ,, Fermented dairy desserts, ,, fr:Fromages blancs","fr:Concours général agricole, ,, Green Dot, ,, fr:Médaille d'or du Concours général agricole, ,, fr:Médaille d'or du concours général agricole 2016",fr:Laiterie des Monts Yssingelais 43200 Araules,Laiterie des Monts Yssingelais 43200 Araules,France,"French: Lait écrémé et crème pasteurisés de Haute Loire, ferments lactiques , matière grasse : 7,8 % sur poids total soit 40% sur extrait sec. Contient plus de 80% d'humidité",Milk,fr:presence-eventuelle-de-petit-lait,5,B,3,A,False,True,no,moderate,moderate,low,low,489.0,117.0,7.5,4.7,3.2,3.1,0.0,8.5,0.1,0.04,,,2,5,3,1,0,4,0,3,0,0
https://world.openfoodfacts.org/product/3596710437832/eau-minerale-petillante-saveur-citron-vert-auchan,3596710437832,Eau minérale pétillante saveur citron vert – Auchan – 1 l,1 l,,Auchan,"Beverages and beverages preparations, ,, Beverages, ,, Carbonated drinks, ,, Waters, ,, Spring waters, ,, Carbonated waters, ,, Flavored waters, ,, Unsweetened beverages, ,, Flavoured Drinks, ,, Unsweetened flavored waters",Nutriscore,,,"France, ,, World","French: Eau minérale naturelle avec adjonction de gaz carbonique, arôme naturel de citron vert avec autres arômes naturels.",,,3,B,4,,True,,maybe,low,low,low,low,2.0,0.0,0.5,0.1,0.5,0.5,0.5,0.5,0.01,0.004,,,0,0,0,0,0,0,0,0,0,0
https://world.openfoodfacts.org/product/3380380088827/tartines-craquantes-au-quinoa-le-pain-des-fleurs,3380380088827,Tartines craquantes au quinoa – Le Pain des fleurs – 250 g,250 g,,Le Pain des fleurs,"Plant-based foods and beverages, ,, Plant-based foods, ,, Snacks, ,, Cereals and potatoes, ,, Salty snacks, ,, Appetizers, ,, Biscuits and crackers, ,, Crackers (Appetizers), ,, Extruded crispbreads","No gluten, ,, Organic, ,, Vegetarian, ,, Crossed Grain Trademark, ,, EU Organic, ,, Non-EU Agriculture, ,, Source of fibre, ,, Vegan, ,, DZG Gluten free, ,, FR-BIO-01, ,, Iron source, ,, Made in France, ,, Magnesium source, ,, Nutriscore, ,, Nutriscore Grade A",France,,"Belgium, ,, France","semi-complete rice flour*, quinoa flour* (40%), whole cane sugar* (,lt,2%), sea salt, *from organic farming",,,4,B,3,A,True,True,yes,moderate,low,low,moderate,1608.0,380.0,3.5,0.5,76.0,3.0,3.1,9.5,0.58,0.232,,,2,6,4,4,0,0,2,3,1,0
https://world.openfoodfacts.org/product/01331202/cashew-nuts-sainsbury-s,01331202,Cashew Nuts – Sainsbury's – 200g,200g,Mixed plastic-packet,Sainsbury's,"Plant-based foods and beverages, ,, Plant-based foods, ,, Nuts and their products, ,, Nuts, ,, Cashew nuts",,,,United Kingdom,Cashew Nuts. ! Allergy advice:,Nuts,,1,B,1,E,True,True,yes,high,high,moderate,low,2414.0,581.0,43.8,7.8,26.9,5.9,3.3,18.2,0.03,0.012,,0.0,-3,5,8,,1,,0,7,1,0
https://world.openfoodfacts.org/product/4088600003849/semi-skimed-milk-aldi,4088600003849,Semi skimed milk – Aldi – 1.136L,1.136L,Hdpe-bottle,Aldi,"Dairies, ,, Milks (liquid and powder), ,, Milks, ,, Semi-skimmed milks",Red Tractor Certified Standards,"United Kingdom, ,, Great Britain",,United Kingdom,milk,Milk,,1,B,1,C,True,True,no,low,low,low,low,209.0,50.0,1.8,1.1,4.8,4.8,0.0,3.6,0.1075,0.043,,,0,7,7,3,3,1,0,7,0,0
https://world.openfoodfacts.org/product/3265470046560/puget-huile-d-olive-intense-et-corsee-origine-italie,3265470046560,Puget huile d'olive intense et corsée origine Italie,,"Bottle cap, ,, Wine cork, ,, fr:Bouteille en verre",Puget,"Plant-based foods and beverages, ,, Plant-based foods, ,, Fats, ,, Vegetable fats, ,, Olive tree products, ,, Vegetable oils, ,, Olive oils, ,, Extra-virgin olive oils, ,, Virgin olive oils",,,,France,,,,,B,2,D,,,,high,high,low,low,3700.0,900.0,100.0,15.0,0.0,0.0,0.0,0.0,0.0,0.0,,,0,5,5,,0,,0,0,0,5
https://world.openfoodfacts.org/product/4002359015519/nouilles-saveur-boeuf-sichuan-suzi-wan,4002359015519,Nouilles saveur bœuf Sichuan – SUZI WAN,,fr:Pot en plastique,SUZI WAN,"Plant-based foods and beverages, ,, Plant-based foods, ,, Meals, ,, Pasta dishes, ,, Pastas, ,, Noodles, ,, Chinese noodles, ,, Flavoured Asian noodles, ,, Flavoured dehydrated Asian noodles",No colorings,,,France,"French: Nouilles (85%) (farine de blé , huile de colza, fécule de pomme de terre, sel, poudre à lever (carbonate de sodium, carbonate de potassium)), arôme naturel, poivron rouge déshydraté (3%), poudre de tomates, maltodextrine, oignons en poudre, champignon déshydraté boletus luteus, sauce soja en poudre (graines de soja , blé , sel), feuilles de coriandre, extrait de levure, épice, ail grillé en poudre, ciboulette, citronnelle déshydratée.","Gluten, Soybeans",,24,B,4,B,True,True,yes,moderate,low,low,moderate,496.0,118.0,4.9,0.5,15.0,1.0,0.6,3.1,0.57,0.228,,,2,3,1,1,0,0,2,1,0,0
https://world.openfoodfacts.org/product/5411188097327/soya-light-drink-alpro,5411188097327,Soya Light Drink – Alpro – 1 l,1 l,"Composite-carton, ,, Container",Alpro,"Beverages and beverages preparations, ,, Plant-based foods and beverages, ,, Beverages, ,, Plant-based foods, ,, Legumes and their products, ,, Dairy substitutes, ,, Milk substitutes, ,, Plant-based beverages, ,, Plant-based milk alternatives, ,, Legume-based drinks, ,, Soy-based drinks, ,, Unsweetened plain soy-based drinks","Low or no fat, ,, Low fat",,,United Kingdom,"water, hulled soya beans (5,5%), chicory root fibre, calcium [calcium carbonate), acidity regulator (potassium phosphates), sea salt, stabiliser (gellan gum), flavouring, vitamins (b2, b12, d2)",Soybeans,,15,B,4,B,True,True,yes,low,low,low,low,92.0,22.0,1.2,0.2,1.2,0.0,1.2,2.0,0.1075,0.043,,,-1,2,3,2,0,0,0,3,0,0
https://world.openfoodfacts.org/product/3017800113233/mais-bio-engage-d-aucy-285g,3017800113233,Maïs Bio engagé d'aucy 285g – 285 g,285 g,"Box, ,, Canned",D'aucy,"Plant-based foods and beverages, ,, Plant-based foods, ,, Fruits and vegetables based foods, ,, Canned foods, ,, Cereals and potatoes, ,, Seeds, ,, Vegetables based foods, ,, Canned plant-based foods, ,, Cereals and their products, ,, Canned vegetables, ,, Cereal grains, ,, Corn, ,, Canned cereals, ,, Sweet corn, ,, Canned corn, ,, Canned sweet corn","Vegetarian, ,, Organic, ,, EU Organic, ,, No added sugar, ,, AB Agriculture Biologique",France,,France,"French: Maïs doux en grains*, eau, sel de mer. *ingrédients issus de l'agriculture biologique. Ce maïs est cultivé en France.",,,4,B,3,A,True,True,yes,low,low,low,moderate,373.0,89.0,2.4,0.5,12.0,4.9,3.8,2.9,0.43,0.172,,,-2,5,7,,1,,2,1,1,5
https://world.openfoodfacts.org/product/3256225051014/tubes-de-fromage-blanc-aux-fruits-fraise-framboise-abricot-mat-lou,3256225051014,"Tubes de fromage blanc aux fruits : fraise, framboise, abricot – Mat & Lou – 12 x 40 g",12 x 40 g,"Plastic, ,, Cardboard, ,, Fresh, ,, Pack, ,, Tube, ,, fr:Tubes plastique, ,, fr:Étui carton","Mat & Lou, ,, U, ,, U Mat & Lou","Dairies, ,, Fermented foods, ,, Fermented milk products, ,, Desserts, ,, Dairy desserts, ,, Fermented dairy desserts, ,, fr:Fromages blancs","French milk, ,, No colorings, ,, Transformed in France","France, ,, fr:Hors France","France, ,, 29260 PLOUDANIEL",France,"French: lait écrémé pasteurisé 80% (origine : France), eau, sucre 6%, purée de fruits (fraise ou framboise ou abricot) 5%, crème pasteurisée (origine : France), amidon transformé de maïs, lactate de calcium, arômes naturels, jus de citron concentré, ferments (dont lait ), vitamine D",Milk,,14,B,4,A,True,,no,low,low,moderate,low,351.0,83.0,1.9,1.3,11.0,10.0,0.5,5.5,0.08,0.032,,,2,4,2,1,2,1,0,2,0,0
https://world.openfoodfacts.org/product/3564700198247/compote-marque-repere,3564700198247,Compote – Marque Repère – 800 g,800 g,"Plastic, ,, Pot, ,, Cardboard","Marque Repère, ,, Douceur du Verger","Plant-based foods and beverages, ,, Plant-based foods, ,, Fruits and vegetables based foods, ,, Desserts, ,, Fruits based foods, ,, Compotes, ,, Apple compotes","No colorings, ,, No flavors, ,, Vitamin C source",,,France,"French: Purée de pommes 92%, sucre, antioxydant : acide ascorbique.",,,4,B,3,A,True,True,yes,low,low,high,low,337.0,81.0,0.5,0.0,19.0,19.0,1.7,0.3,0.0,0.0,,,1,6,5,1,5,0,0,0,0,5
https://world.openfoodfacts.org/product/3450970144353/mouline-aux-8-legumes-eco,3450970144353,Mouliné aux 8 légumes – eco + – 1 L,1 L,"Brick, ,, Cardboard",eco +,"Plant-based foods and beverages, ,, Plant-based foods, ,, Fruits and vegetables based foods, ,, Meals, ,, Soups, ,, Vegetable soups",Green Dot,,,France,"French: eau, légumes 45% (pommes de terre 16%, carottes 14%, céleri-rave 5%, oignons 3%, céleri branche 2%, pulpe de tomates 2%, poireaux 2%, potiron 1%), sucre. fibres végétales, sel, huile de colza, beurre , pectines, extrait de levure.","Celery, Milk","Crustaceans, Eggs, Fish, Gluten, Molluscs, Mustard, Nuts, Soybeans",17,B,4,A,True,True,no,low,low,low,moderate,138.0,33.0,0.9,0.6,5.1,1.4,0.9,0.8,0.57,0.228,,,2,2,0,0,0,0,2,0,0,0
https://world.openfoodfacts.org/product/3554742853136/tisane-bio-bien-etre-du-foie-romon-nature,3554742853136,"Tisane Bio Bien Etre du Foie – Romon nature – 32 g, 1.13 oz","32 g, 1.13 oz",Card,Romon nature,"Plant-based foods and beverages, ,, Beverages, ,, Hot beverages, ,, Plant-based beverages, ,, Herbal teas","Organic, ,, Vegetarian, ,, EU Organic, ,, Non-EU Agriculture, ,, Vegan, ,, EU Agriculture, ,, EU/non-EU Agriculture, ,, FR-BIO-01, ,, IT-BIO-006, ,, Made in France, ,, AB Agriculture Biologique",,,France,"GREEN ANISE SEED* 45%, ROSEMARY LEAF* 20%, LEMONGRASS LEAF* 14%, LEMON EXTRACT* 12%, LEMON PEEL* 6%, BLACK RADISH ROOT* 3%",,,6,B,,A,False,True,yes,low,low,low,low,6.0,0.0,0.5,0.1,0.5,0.5,0.0,0.5,0.05,0.02,,,0,0,0,0,0,0,0,0,0,0
https://world.openfoodfacts.org/product/3564700006313/frites-section-de-6-mm-marque-repere,3564700006313,"Frites, Section De 6  mm – Marque Repère – 1 kg",1 kg,,"Marque Repère, ,, Pom Lisse","Frozen foods, ,, Frozen fried potatoes",,,,France,"potatoes 96%, sunflower oil 4%, stabilizer: e450, dextrose",,,5,B,4,A,True,True,yes,moderate,low,low,low,555.0,139.0,3.8,0.4,21.0,0.5,2.3,2.3,0.1,0.04,,,1,1,0,1,0,0,0,0,0,0
https://world.openfoodfacts.org/product/7501071307782/frijoles-refritos-bayos-isadora,7501071307782,Frijoles Refritos Bayos – Isadora – 430 g,430 g,Plastic,Isadora,"Plant-based foods and beverages, ,, Plant-based foods, ,, Legumes and their products, ,, Legumes, ,, Seeds, ,, Legume seeds, ,, Pulses, ,, Common beans, ,, Prepared vegetables, ,, Refried beans",No preservatives,,,Mexico,"Spanish: Agua, frijol bayo, aceite vegetal, sal yodada y especias.",Soybeans,Soybeans,5,B,3,,,True,yes,moderate,low,low,moderate,449.0,107.0,3.5,0.5,13.0,0.0,4.0,6.0,0.8725,0.349,,,2,5,3,,0,,4,2,1,0
https://world.openfoodfacts.org/product/8480024831095/leche-semidesnatada-alteza,8480024831095,Leche semidesnatada – Alteza – 1 l,1 l,es:Tetrabrik,Alteza,"Dairies, ,, Milks (liquid and powder), ,, Milks, ,, Semi-skimmed milks",,Spain,,"France, ,, Spain",semi-skim cow's milk,Milk,,1,B,1,C,True,True,no,low,low,low,low,192.0,46.0,1.6,1.1,4.7,4.7,,3.1,0.13,0.052,,,0,7,7,3,3,1,0,7,0,0
https://world.openfoodfacts.org/product/4311596446094/feine-cornichons-gut-gunstig,4311596446094,Feine Cornichons – Gut & Günstig – 370 g,370 g,"Glass, ,, Clear Glass",Gut & Günstig,"Plant-based foods and beverages, ,, Plant-based foods, ,, Fruits and vegetables based foods, ,, Vegetable-based foods and beverages, ,, Canned foods, ,, Vegetables based foods, ,, Canned plant-based foods, ,, Pickles, ,, Vegetables, ,, Canned vegetables, ,, Cucumbers, ,, Plant-based pickles, ,, Pickled vegetables, ,, Small cucumbers, ,, Gherkins, ,, Pickled cucumbers, ,, Pickled gherkins, ,, Extra-fine gherkins",,Unknown,"Hamburg, ,, Deutschland","Bolivia, ,, Germany","German: Cornichons, Wasser, Zucker, Branntweinessig, Speisesalz, Paprika, Senfkörner , Dill, Zwiebeln.",Mustard,,9,B,3,A,True,True,yes,low,low,moderate,moderate,183.0,43.0,0.3,0.0,8.2,8.0,,1.2,1.2,0.48,,,2,7,5,0,2,0,5,0,0,5
https://world.openfoodfacts.org/product/8412900401092/cola-de-caballo-plus-3-pompadour,8412900401092,Cola de caballo plus 3 – Pompadour – 40 g,40 g,"Paper, ,, Container",Pompadour,"Beverages and beverages preparations, ,, Plant-based foods and beverages, ,, Beverages, ,, Hot beverages, ,, Plant-based beverages, ,, Beverage preparations, ,, Herbal teas, ,, Herbal teas in tea bags","FSC, ,, FSC Mix, ,, Green Dot, ,, Made in Spain",,,Spain,"Spanish: Cola decaballo 50%, hojas de ortosifón, solidago gigantea, judías vainas, aroma de piña 5%.",,,5,B,4,A,False,True,yes,low,low,low,low,3.0,1.0,0.1,0.1,0.2,0.1,0.1,0.0,0.0,0.0,,,0,0,0,0,0,0,0,0,0,0
https://world.openfoodfacts.org/product/5057545715666/white-farmhouse-tesco,5057545715666,WHITE FARMHOUSE – TESCO – 800g,800g,Pp film-bag,TESCO,"Plant-based foods and beverages, ,, Plant-based foods, ,, Cereals and potatoes, ,, Breads, ,, Sliced breads, ,, White breads","Vegetarian, ,, Vegan",,,United Kingdom,"Wheat Flour ( Wheat Flour, Calcium Carbonate, Iron, Niacin, Thiamin), Water, Yeast, Salt, Soya Flour, Preservative (Calcium Propionate), Spirit Vinegar, Emulsifiers (Mono - and Di-Glycerides of Fatty Acids, Mono - and Di-Acetyl Tartaric Acid Esters of Mono - and Di-Glycerides of Fatty Acids), Rapeseed Oil, Flour Treatment Agent (Ascorbic Acid).","Gluten, Soybeans",,19,B,4,B,,True,yes,low,low,low,moderate,1004.0,237.0,1.6,0.4,45.1,0.0,4.0,8.6,0.7,0.28,,,1,5,4,2,0,0,3,3,1,0
https://world.openfoodfacts.org/product/4061461077587/das-pure-bio-haferbrot-gut-bio,4061461077587,Das Pure - Bio-Haferbrot – Gut Bio – 300g,300g,"Plastic, ,, Film",Gut Bio,"Plant-based foods and beverages, ,, Plant-based foods, ,, Cereals and potatoes, ,, Specific products, ,, Products for specific diets, ,, Breads, ,, Products without gluten, ,, Gluten-free breads, ,, Sliced breads, ,, Gluten-free sliced breads, ,, Haferbrot, ,, Haferbrote","Organic, ,, EU Organic, ,, EG-Öko-Verordnung, ,, DE-ÖKO-001",,,Germany,"German: Wasser, Haferkerne, Ölsaaten (Sonnenblumenkerne, Leinsaat, Kürbiskerne), Apfelessig, Karottenstücke getrocknet, Walnusskerne , Flohsamenschalen, Haferflocken , Meersalz, Goldleinsamen","Gluten, Nuts","Milk, Nuts, Sesame seeds, Soybeans",13,B,4,A,True,True,yes,moderate,moderate,low,moderate,1215.0,293.0,18.0,2.3,17.0,2.8,11.0,9.8,1.1,0.44,,,1,10,9,3,0,2,5,4,5,0
https://world.openfoodfacts.org/product/4337185756221/joghurt-mild-3-5-fett-k-classic,4337185756221,"Joghurt mild 3,5% Fett – K-Classic – 500g",500g,"Metal, ,, Plastic, ,, Recyclable Metals, ,, Aluminium, ,, Ps-polystyrene",K-Classic,"Dairies, ,, Fermented foods, ,, Fermented milk products, ,, Desserts, ,, Dairy desserts, ,, Fermented dairy desserts, ,, Yogurts","No GMOs, ,, Ohne Gentechnik",Germany,Leppersdorf,Germany,German: Joghurt mild,Milk,,1,B,1,A,True,True,no,moderate,moderate,low,low,290.0,69.0,3.5,2.4,4.8,4.8,0.0,4.0,0.14,0.056,,,2,3,1,0,1,2,0,1,0,0
https://world.openfoodfacts.org/product/3250392260279/riz-basmati-de-l-himalaya-saint-eloi,3250392260279,Riz Basmati de l'Himalaya – Saint eloi – 500 g,500 g,"Plastic, ,, Bag",Saint eloi,"Plant-based foods and beverages, ,, Plant-based foods, ,, Cereals and potatoes, ,, Seeds, ,, Cereals and their products, ,, Cereal grains, ,, Rices, ,, Aromatic rices, ,, Indica rices, ,, Long grain rices, ,, White rices, ,, Basmati rices, ,, White Basmati rices","Distributor labels, ,, Nutriscore, ,, Nutriscore Grade A, ,, fr:Sélection Intermarché",India,,France,"French: Riz long grain de qualité supérieure, naturellement parfumé.",,Gluten,2,B,1,,False,True,yes,low,low,low,low,1468.0,351.0,1.2,0.3,75.3,0.5,1.6,9.3,0.01,0.004,,,0,3,3,,0,,0,3,0,0
https://world.openfoodfacts.org/product/3261430007886/galettes-de-riz-de-camargue-multicereales-bongran,3261430007886,Galettes de riz de Camargue Multicéréales – Bongran – 130 g,130 g,"Plastic, ,, Bag",Bongran,"Plant-based foods and beverages, ,, Plant-based foods, ,, Cereals and potatoes, ,, Cereals and their products, ,, Puffed cereal cakes, ,, Puffed rice cakes","No gluten, ,, Organic, ,, EU Organic, ,, Non-EU Agriculture, ,, EU Agriculture, ,, EU/non-EU Agriculture, ,, FR-BIO-01, ,, Green Dot, ,, AB Agriculture Biologique","France, ,, Provence-Alpes-Côte d'Azur, ,, Bouches-du-Rhône, ,, Camargue",France,France,"French: Riz de Camargue complet, riz de Camargue complet et semi complet, mélange de céréales 6% (millet, sarrasin, quinoa), sésame complet 2%, sel de mer, émulsifiant : lécithine de tournesol.","Gluten, Sesame seeds",,10,B,4,B,True,True,yes,low,low,low,low,1581.0,378.0,1.4,0.3,83.5,0.4,1.9,9.2,0.28,0.112,,,2,5,3,4,0,0,1,3,0,0
https://world.openfoodfacts.org/product/3483050001864/coeur-de-ble-coeur-de-maman,3483050001864,Cœur de blé – Cœur de maman – 1 kg,1 kg,"Bag, ,, Cardboard","Cœur de maman, ,, MasterChef","Plant-based foods and beverages, ,, Plant-based foods, ,, Flours",,,,France,French: Farine de blé type 45,Gluten,,1,B,1,,True,True,yes,low,low,low,low,1460.0,349.0,1.0,0.0,73.0,3.0,2.0,9.3,0.0,0.0,,,1,4,3,4,0,0,0,3,0,0
https://world.openfoodfacts.org/product/3596710405312/lait-demi-ecreme-auchan,3596710405312,Lait Demi-Écrémé – Auchan – 0.5 l,0.5 l,Plastic,Auchan,"Dairies, ,, Milks (liquid and powder), ,, Milks, ,, Homogenized milks, ,, Pasteurised products, ,, Semi-skimmed milks, ,, UHT Milks, ,, ESL milks","Nutriscore, ,, Nutriscore Grade A",,,"France, ,, World",French: LAIT demi-écrémé stérilisé UHT Elaboré à partir de lait origine France.,Milk,,1,B,,C,False,True,yes,low,low,low,low,197.0,47.0,1.6,1.0,4.8,4.8,0.5,3.3,0.1,0.04,,,-1,6,7,3,3,0,0,7,0,0
https://world.openfoodfacts.org/product/4009300520146/te-verde-pompadour,4009300520146,Té verde – Pompadour,,,Pompadour,"Plant-based foods and beverages, ,, Beverages, ,, Hot beverages, ,, Plant-based beverages, ,, Teas, ,, Herbal teas",,,,"France, ,, Spain",,,,,B,,A,,,,,,,,8.0,2.0,0.1,0.1,0.2,0.1,0.1,0.0,0.0,0.0,,,0,0,0,0,0,0,0,0,0,0
https://world.openfoodfacts.org/product/42282150/lemonaid-orange-sanguine-lemonaid-beverages-gmbh,42282150,Lemonaid Orange Sanguine – Lemonaid beverages gmbh – 330 ml,330 ml,Glass,Lemonaid beverages gmbh,fr:Sodas aux agrumes,"Fair trade, ,, Organic, ,, Vegetarian, ,, EU Organic, ,, Fairtrade International, ,, Non-EU Agriculture, ,, Vegan, ,, EU Agriculture, ,, EU/non-EU Agriculture, ,, Green Dot, ,, Max Havelaar, ,, The Vegan Society",,,France,"French: Eau, jus d'orange e sanguine biologique (7%), Sucre de canne biologique, jus de citron biologique, jus d'orange biologique, jus e de cerise biologique, jus de pamplemousse biologique, s gaz carbonique. > Fairtrade jus d'orange et sucre de canne: issus du commerce équitable Fairtrade dans le respect du bilan de masse, 36% du poids total (hors eau).",,,12,B,3,,False,True,yes,low,low,moderate,low,125.0,30.0,0.0,0.0,6.8,6.8,,0.0,0.0,0.0,,,1,1,0,0,1,0,0,0,0,0
https://world.openfoodfacts.org/product/8422174500025/gazpacho-original-alvalle,8422174500025,Gazpacho original – Alvalle – 500 ml,500 ml,,"Alvalle, ,, PepsiCo","Plant-based foods and beverages, ,, Plant-based foods, ,, Fruits and vegetables based foods, ,, Meals, ,, Soups, ,, Vegetable soups, ,, Cold soups, ,, Gazpacho","No gluten, ,, Nutriscore, ,, Nutriscore Grade A",,,"France, ,, Spain","French: Ingredientes: Tomate, pimiento, pepino, cebolla, aceite de ol virgen extra (2,6%), vinagre de vino, sal, ajo, zumo de limón Contenido en hortalizas: 93%. Mantener refrigerado (2-7°C). Consumir antes de 5 días después de abierto. Ingredientes: Tomate, pimento, pepino, cebola, azeite virgen extra (2,6%), vinagre de vinho, sal, alho, sumo de limão. Conteudo em hortaliças: 93%. Manter refrigerado (2-7°C). Consumir antes de 5 dias depois de aberto. 500ml SIN GLUTEN / SEM GLÚTEN Información nutricional Declaração nutricional Valor energético/Energia IR 100ml 200ml** 20 194 kJ 388 k",,,30,B,,A,False,True,yes,low,low,low,moderate,192.0,46.0,2.6,0.4,3.9,3.1,,0.9,0.66,0.264,,,2,3,1,0,0,0,3,0,0,1
https://world.openfoodfacts.org/product/0094331421313/oats-avena-granvita,0094331421313,Oats Avena – GRANVITA – 400 g,400 g,"Plastic, ,, Bag",GRANVITA,"Plant-based foods and beverages, ,, Plant-based foods, ,, Breakfasts, ,, Cereals and potatoes, ,, Seeds, ,, Cereals and their products, ,, Breakfast cereals, ,, Cereal grains, ,, Flakes, ,, Cereal flakes, ,, Rolled flakes, ,, Rolled oats, ,, Oat","Halal, ,, Kosher, ,, Made in Mexico, ,, Whole grain",Mexico,MEXICO,Mexico,Spanish: HOJUELAS DE AVENA (Oat Flakes),Gluten,,2,B,1,A,True,True,yes,low,low,low,low,224.0,50.0,1.0,0.0,9.0,0.0,4.0,2.0,0.0,0.0,,,-1,0,1,,0,,0,0,1,0
https://world.openfoodfacts.org/product/4000286203498/perlgraupen-muller-s-muhle,4000286203498,Perlgraupen – Müller's Mühle – 1pcs,1pcs,Paper,"Müller's Mühle, ,, Müllers Mühle","Plant-based foods and beverages, ,, Plant-based foods, ,, Cereals and potatoes, ,, Seeds, ,, Cereals and their products, ,, Cereal grains, ,, Barley, ,, Groats, ,, de:Gerstengrütze, ,, de:Kochgerste",,,,"Germany, ,, Switzerland",Monoproduct - 100% barley barley,Gluten,,1,B,1,,True,True,yes,low,low,low,low,409.0,94.0,0.4,0.1,20.0,0.6,1.3,2.6,0.0,0.0,,0.0,2,3,1,,0,,0,1,0,0
https://world.openfoodfacts.org/product/20452070/leche-uht-desnatada-calcio-milbona,20452070,Leche UHT desnatada calcio – Milbona – 1 Litro,1 Litro,Tetra Pak,Milbona,"Dairies, ,, Milks, ,, Skimmed milks",es:Impresa,,,Spain,"Spanish: leche desnatada de vaca, leche desnatada en polvo, tricalcio fosfato, acetato de retinilo (vitamina A), colecalciferol (vitamina D), acetato de dl-alfa-tocoferilo (vitamina E)",Milk,,9,B,3,C,True,True,no,low,low,moderate,low,167.0,40.0,0.2,0.1,5.7,5.7,0.0,3.9,0.13,0.052,,,0,7,7,3,4,0,0,7,0,0
https://world.openfoodfacts.org/product/4071800000947/knolli-kartoffelbrot-harry,4071800000947,Knolli Kartoffelbrot – Harry – 500 g,500 g,Plastic,Harry,"Plant-based foods and beverages, ,, Plant-based foods, ,, Cereals and potatoes, ,, Breads, ,, Sliced breads",Nutriscore,,,Germany,"Weizenmehl, Roggenmehl, Wasser, Natursauerteig (Roggen), Kartoffelflocken, Roggenvollkornschrot, Salz, Hefe",Gluten,,11,B,3,A,True,True,yes,low,low,low,moderate,900.0,215.0,1.4,0.2,41.0,2.4,5.3,7.0,1.2,0.48,,,2,7,5,2,0,0,5,2,3,0
https://world.openfoodfacts.org/product/4316268606738/pumpernickel-roggenvollkornbrot-kornmuhle,4316268606738,Pumpernickel Roggenvollkornbrot – Kornmühle – 500 g,500 g,"Plastic, ,, Film","Kornmühle, ,, Netto MD","Plant-based foods and beverages, ,, Plant-based foods, ,, Cereals and potatoes, ,, Breads, ,, Pumpernickel, ,, Rye breads, ,, Wholemeal breads",,,,Germany,"German: 46 % Roggenvollkornschrot, Wasser, Sauerteig ( Roggenvollkornschrot , Wasser), Zuckerrübensirup, Speisesalz, Gerstenmalzextrakt , Hefe.",Gluten,,9,B,3,A,True,True,yes,low,low,moderate,moderate,897.0,213.0,1.2,0.2,40.0,7.5,9.9,5.5,1.1,0.44,,,2,9,7,2,2,0,5,2,5,0
https://world.openfoodfacts.org/product/00286497/pickled-cornichons-sainsbury-s,00286497,Pickled cornichons – Sainsbury's,,"Glass-jar, ,, Steel-lid",Sainsbury's,"Plant-based foods and beverages, ,, Plant-based foods, ,, Fruits and vegetables based foods, ,, Canned foods, ,, Vegetables based foods, ,, Canned plant-based foods, ,, Pickles, ,, Canned vegetables, ,, Plant-based pickles, ,, Pickled vegetables, ,, Pickled cucumbers, ,, Gherkins",,,,United Kingdom,"Gherkins (Gherkins, Water, Salt, Preservative: Potassium Metabisulphite ( Sulphites )), Water, Sugar, Spirit Vinegar, Dried Onions, Mustard Seeds, Red Bell Peppers, Dill Seeds, Salt, Ginger Powder, Cinnamon Powder.","Mustard, Sulphur dioxide and sulphites",,16,A,3,,True,True,maybe,low,low,low,moderate,123.4,33.0,0.9,0.2,4.3,4.3,3.8558125,1.0,1.15,0.46,,83.335931410756,0,6,6,0,1,0,5,0,1,5
https://world.openfoodfacts.org/product/5057172223411/soya-unsweetened-drink-plant-based-by-asda,5057172223411,Soya Unsweetened Drink – Plant-Based by Asda – 1 l,1 l,"1 Composite carton to recycle, ,, 1 plastic cap to recycle, ,, Composite-carton",Plant-Based by Asda,"Beverages and beverages preparations, ,, Plant-based foods and beverages, ,, Beverages, ,, Plant-based foods, ,, Legumes and their products, ,, Dairy substitutes, ,, Milk substitutes, ,, Plant-based beverages, ,, Plant-based milk alternatives, ,, Legume-based drinks, ,, Soy-based drinks, ,, Unsweetened plain soy-based drinks","Vegetarian, ,, No artificial flavors, ,, Vegan, ,, Calcium source, ,, Contains soy, ,, Enriched with calcium, ,, FSC, ,, FSC Mix, ,, No artificial colors, ,, No artificial colours or flavours, ,, The Vegan Society, ,, Enriched-wih-vitamins",Unknown,Spain,United Kingdom,"Water, Soya Beans 7%, Inulin, Calcium Phosphate, Salt, Stabiliser (Gellan Gum), Potassium lodide, Vitamin B12, Vitamin B2, Vitamin D2.",Soybeans,Nuts,11,B,4,B,True,True,yes,low,low,low,low,78.0,19.0,1.1,0.2,0.5,0.5,0.5,2.0,0.13,0.052,,,-2,1,3,1,0,0,0,3,0,0
https://world.openfoodfacts.org/product/3263851067166/veloute-de-potiron-leader-price,3263851067166,Velouté de potiron – Leader Price,,,Leader Price,"Plant-based foods and beverages, ,, Plant-based foods, ,, Fruits and vegetables based foods, ,, Meals, ,, Soups, ,, Cream soups, ,, Vegetable soups, ,, Cream of vegetable soups, ,, Pumpkin soups, ,, Cream of pumpkin soups",,,,France,"French: Eau, potiron 30%, carotte 10% , oignon 5%, pomme de terre 5%, purée de tomates, reconstituée 3,2% , crème fraîche 2,4% , amidon transformé de mais , beurre ,  sucre,  sel, extraits de levure, chlorure de potassium",Milk,,14,B,4,A,True,True,no,low,low,low,moderate,158.0,38.0,1.6,1.2,4.5,2.4,1.0,0.8,0.53,0.212,,,2,3,1,0,0,1,2,0,0,1
https://world.openfoodfacts.org/product/3350033761117/le-vegetal-pane-gourmand-ble-oignons-fromage-monoprix,3350033761117,Le végétal Pané gourmand blé oignons fromage – Monoprix – 200 g,200 g,"fr:Barquette en plastique, ,, fr:Film en plastique, ,, fr:Fourreau en carton, ,, fr:Fourreau en carton à recycler",Monoprix,"Meat alternatives, ,, Breaded products, ,, Meat analogues, ,, Vegetarian cordons bleus","Vegetarian, ,, Nutriscore, ,, Nutriscore Grade B, ,, Triman",,,France,"French: Eau - chapelure (farine de blé 11%, sel, levure, paprika, curcuma) - protéines de blé 11,2% - huile de tournesol - fromage 7,6% (lait de vache pasteurisé, sel, ferments, coagulant microbien) - amidon de blé 7,2% - oignon 5,9% farine de blé 3,1% - moutarde (eau, graines de moutarde , vinaigre d'alcool, sel, sucre, curcuma) - épaississant: méthylcellulose huile de colza - sucre - épices et plantes aromatiques - sel - blanc d'œuf en poudre - arômes naturels - oignon en poudre 0,2% - stabilisants: farine de graines de caroube, gomme de xanthane - concentré de tomate - acidifiant : acide citrique - vinaigre en poudre maltodextrine de maïs - concentré de betterave - chlorure de potassium - poireau en poudre - sirop de glucose. Traces de soja .","Eggs, Gluten, Milk, Mustard",Soybeans,42,B,4,,True,True,no,moderate,moderate,low,moderate,1108.0,265.0,14.0,1.8,17.0,2.0,3.4,16.0,0.95,0.38,,,1,8,7,3,0,1,4,6,1,0
https://world.openfoodfacts.org/product/8600037005492/aqua-viva,8600037005492,Aqua Viva,,"Plastic, ,, Hdpe-high-density-polyethylene",Aqua Viva,"Beverages and beverages preparations, ,, Beverages, ,, Waters",,,,Serbia,,,,,B,1,,,,,low,low,low,low,0.0,0.0,0.0,0.0,0.0,0.0,0.0,0.0,0.0,0.0,,,0,0,0,0,0,0,0,0,0,0
https://world.openfoodfacts.org/product/2006050172627/huile-d-olive-bon-et-bio,2006050172627,Huile d'olive – BON ET BIO – 500 ml,500 ml,,BON ET BIO,"Plant-based foods and beverages, ,, Plant-based foods, ,, Fats, ,, Vegetable fats, ,, Olive tree products, ,, Vegetable oils, ,, Olive oils, ,, fr:Huile d'olive union européenne, ,, fr:Huile olive vierge extra pressée à froid","Organic, ,, EU Organic, ,, AB Agriculture Biologique",,,France,French: Huile d'olive extra vierge issue de l'agriculture biologique,,,1,B,2,C,True,True,yes,high,high,low,low,3382.0,823.0,91.0,13.0,0.0,0.0,0.0,0.0,0.0,0.0,,,0,5,5,,0,,0,0,0,5
https://world.openfoodfacts.org/product/20918545/black-rice-vitasia,20918545,Black Rice – Vitasia – 500 g,500 g,Plastic,"Vitasia, ,, Vitasia Thai","Plant-based foods and beverages, ,, Plant-based foods, ,, Cereals and potatoes, ,, Seeds, ,, Cereals and their products, ,, Cereal grains, ,, Rices, ,, Indica rices, ,, Long grain rices, ,, fr:Arroces negros","Vegetarian, ,, Vegan",Thailand,Polonia,"France, ,, United Kingdom",Dutch: Zwarte langkorrelrijst,,,1,B,,C,False,True,yes,moderate,low,low,low,1530.0,361.0,3.4,1.0,73.0,0.7,2.1,8.6,0.01,0.004,,0.0,1,4,3,,0,,0,3,0,0
https://world.openfoodfacts.org/product/4061458004114/pfirsiche-halbe-frucht-leicht-gezuckert-sweet-valley,4061458004114,"Pfirsiche halbe Frucht, leicht gezuckert – Sweet Valley – 820 g / 480 g",820 g / 480 g,Canned,"Otto Franck Import, ,, Sweet Valley","Plant-based foods and beverages, ,, Plant-based foods, ,, Fruits and vegetables based foods, ,, Canned foods, ,, Canned plant-based foods, ,, Fruits based foods, ,, Fruits, ,, Canned fruits, ,, Peaches","Vegetarian, ,, German Agricultural Society, ,, Gold medal of the German Agricultural Society, ,, Vegan, ,, 2023 Gold medal of the German Agricultural Society, ,, Nutriscore, ,, Nutriscore Grade A, ,, V-Label International, ,, V-Label International Vegan",,,Germany,"German: Pfirsiche, Wasser, Zucker, Säureregulator: Citronensäure.",,,5,B,3,,True,True,yes,low,low,high,low,285.0,68.0,0.1,0.0,15.6,14.6,1.0,0.6,0.02,0.008,,,2,4,2,0,4,0,0,0,0,2
https://world.openfoodfacts.org/product/5998200140181/tej-2-8-mizo,5998200140181,"Tej - 2,8% – Mizo – 1L",1L,Paper,Mizo,"Dairies, ,, Milks, ,, Homogenized milks, ,, UHT Milks, ,, Cow milks","FSC, ,, FSC Mix",Hungary,,Hungary,Hungarian: tej,Milk,Milk,1,B,1,C,True,True,no,low,moderate,low,low,235.0,56.0,2.8,1.9,4.7,4.7,,3.0,0.13,0.052,,,2,8,6,4,3,1,0,6,0,0
https://world.openfoodfacts.org/product/3083681034615/mais-jeunes-grains-1-2-bonduelle,3083681034615,Maïs Jeunes Grains 1/2 – Bonduelle – 285 g,285 g,Canned,Bonduelle,"Plant-based foods and beverages, ,, Plant-based foods, ,, Fruits and vegetables based foods, ,, Vegetable-based foods and beverages, ,, Canned foods, ,, Cereals and potatoes, ,, Seeds, ,, Vegetables based foods, ,, Canned plant-based foods, ,, Cereals and their products, ,, Canned vegetables, ,, Cereal grains, ,, Canned cereals, ,, Corn, ,, Canned corn, ,, Sweet corn, ,, Canned sweet corn, ,, Vegetables - Prepared/Processed (Shelf Stable)",No GMOs,,France,"France, ,, Germany","Sweet corn in kernels, water, salt. Contains natural sugars. Regarding France (if labelling with logo GMO-free) : Sweet corn in kernels GMO-free (Genetically Modified Organism), water, salt. Contains natural sugars.",,,11,B,3,B,False,True,yes,low,low,moderate,low,320.0,76.0,1.2,0.2,12.0,6.3,2.8,2.9,0.28,0.112,,,-2,4,6,,1,,1,1,0,5
https://world.openfoodfacts.org/product/3188720002096/anchois-entiers-a-l-huile-d-olive-le-tresor-des-dieux,3188720002096,Anchois entiers à l'huile d'olive – Le Trésor des Dieux – 115 g,115 g,Box,Le Trésor des Dieux,"Seafood, ,, Fishes and their products, ,, Canned foods, ,, Fishes, ,, Fatty fishes, ,, Canned fishes, ,, Anchovy, ,, Fish fillets, ,, Anchovy fillets, ,, Marinated anchovy fillets, ,, Marinated anchovy fillets with vegetable oil",,golfe de gascogne,Vendée,France,"French: Anchois , huile d'olive vierge extra",Fish,,2,B,3,B,True,False,no,moderate,moderate,,moderate,882.0,211.0,12.6,2.6,0.0,,,24.2,1.1,0.44,,,2,9,7,2,0,2,5,7,0,0
https://world.openfoodfacts.org/product/3256222113029/petits-pois-tres-fins-boite-de-560g-net-egoutte-u,3256222113029,Petits pois très fins - Boîte de 560g net égoutté – U – 560 g,560 g,"Metal, ,, Box, ,, Canned",U,"Plant-based foods and beverages, ,, Plant-based foods, ,, Fruits and vegetables based foods, ,, Legumes and their products, ,, Canned foods, ,, Legumes, ,, Seeds, ,, Vegetables based foods, ,, Canned plant-based foods, ,, Legume seeds, ,, Vegetables, ,, Canned vegetables, ,, Pulses, ,, Canned legumes, ,, Green peas, ,, Canned peas, ,, Peas","fr:Fruits et Légumes de France, ,, Green Dot, ,, Harvested in France, ,, Packaged in France, ,, Transformed in France, ,, fr:Légumes de France",France,France,"France, ,, Switzerland","French: Petits pois très fins (France), eau, sucre, sel.",,,4,B,3,A,True,True,maybe,low,low,low,moderate,342.0,82.0,0.8,0.2,11.0,2.6,5.8,5.1,0.45,0.18,,84.7096123360715,-5,5,10,,0,,2,2,3,5
https://world.openfoodfacts.org/product/3256225445394/bonbons-aux-plantes-et-a-l-extrait-de-stevia-sans-sucre-sachet-de-120g-u,3256225445394,Bonbons aux plantes et à l'extrait de stevia sans sucre sachet de 120g – U – 120 g,120 g,"Bag, ,, fr:Stevia sachet",U,"Snacks, ,, Sweet snacks, ,, Confectioneries, ,, Candies","Natural colorings, ,, Natural flavors, ,, Nutriscore, ,, Nutriscore Grade B, ,, Transformed in France",,,France,"sweeteners: maltitol syrup - isomalt - steviol glycosides (stevia rabaudiana extract) 0.038%, color: ordinary caramel, natural mint and eucalyptus flavor, natural flavor, plant extract 0.17%, natural star anise flavor, possible traces of milk",,Milk,12,B,4,B,True,True,yes,low,low,low,low,960.0,230.0,0.0,0.0,96.0,0.0,0.0,0.0,0.0,0.0,96.0,0.0,2,2,0,2,0,0,0,0,0,0
https://world.openfoodfacts.org/product/3263850028298/huile-d-olive-vierge-le-prix-gagnant,3263850028298,Huile d'olive vierge – Le Prix gagnant ! – 1 L,1 L,"Plastic, ,, Bottle",Le Prix gagnant !,"Plant-based foods and beverages, ,, Plant-based foods, ,, Fats, ,, Vegetable fats, ,, Olive tree products, ,, Vegetable oils, ,, Olive oils, ,, Extra-virgin olive oils, ,, Virgin olive oils",,European Union,Portugal,France,French: Huile d'olive vierge obtenue directement des olives et uniquement par des procédés mécaniques.,,,1,B,,D,False,True,yes,high,high,low,low,3367.0,819.0,91.0,13.0,0.0,0.0,,0.0,0.0,0.0,,,0,5,5,,0,,0,0,0,5
https://world.openfoodfacts.org/product/3289196400178/mini-pur-jus-de-citron-bio-vitamont,3289196400178,Mini pur jus de citron bio – Vitamont – 25 cl,25 cl,fr:Bouteille en verre,Vitamont,"Plant-based foods and beverages, ,, Beverages, ,, Plant-based beverages, ,, Fruit-based beverages, ,, Juices and nectars, ,, Fruit juices, ,, Non-alcoholic beverages, ,, Lemon juice","Organic, ,, EU Organic, ,, AB Agriculture Biologique","Italy, ,, fr:sicile",,France,French: Jus de citron,,,1,B,1,C,True,True,yes,low,low,low,low,117.0,28.0,0.0,0.0,7.0,2.0,0.4,0.0,0.0,0.0,,,-3,3,6,2,1,0,0,0,0,6
https://world.openfoodfacts.org/product/3410280024448/miettes-de-thon-a-l-huile-de-tournesol-160g-1-5-top-budget,3410280024448,Miettes de thon à l'huile de tournesol 160g (1/5) – Top budget – 160 g,160 g,Canned,Top budget,"Seafood, ,, Fishes and their products, ,, Canned foods, ,, Fishes, ,, Fatty fishes, ,, Canned fishes, ,, Tunas, ,, Canned tunas, ,, Tropical tunas, ,, Tunas in oil, ,, Skipjack tuna, ,, Tuna chunks, ,, Tuna flakes in oil, ,, Tunas in sunflower oil, ,, fr:Autres produits","Nutriscore, ,, Nutriscore Grade B, ,, Nutriscore Grade C","Indian Ocean, ,, Western Indian Ocean, ,, FAO 51.1",,France,"French: Thon listao** (Euthynnus pelamis), huile de tournesol, sel.**poissons.",Fish,,4,B,3,,False,False,no,high,moderate,low,moderate,1160.0,280.0,22.8,2.6,0.263,0.0,0.0,18.4,0.94,0.376,,,2,9,7,3,0,2,4,7,0,0
https://world.openfoodfacts.org/product/3560071018993/paella-royale-carrefour,3560071018993,Paella royale – Carrefour – 940 g,940 g,fr:Sachets fraîcheur,Carrefour,"Meats and their products, ,, Meals, ,, Meals with meat, ,, Rice dishes, ,, Paella",Made in France,,,France,"French: _1 boîte de garniture (800g) :_ Eau, morceaux de cuisses de poulet non désossés 25%, carottes, petits pois, moules et/ou moules du Pacifique 6,3%, poivrons, chorizo 2,6% (viande de porc (origine : UE), gras de porc, piment fort, sel, dextrose, ail, origan, extrait de romarin, ferments), oignons, vin blanc, concentré de tomates, huile d'olive vierge extra, huile de colza, sel, ail en poudre, arôme naturel, oignon en poudre, piment moyen.
_1 coupelle de riz (140g) :_ Riz long grain étuvé de qualité supérieure.
1 sachet d'épices (0,8g) : Curcuma, piment moyen, ail, poivre.
Peut contenir des traces de gluten , céleri , crustacés , lait , moutarde , poissons , soja .",Molluscs,"Celery, Crustaceans, Fish, Gluten, Milk, Mustard, Soybeans",35,B,4,D,,False,no,moderate,low,low,moderate,588.0,145.0,3.9,0.9,20.0,0.5,1.5,7.1,0.75,0.3,,,2,4,2,1,0,0,3,2,0,0
https://world.openfoodfacts.org/product/3564706507234/cocktail-de-4-fruits-de-mer-surgele-sachet-marque-repere,3564706507234,Cocktail de 4 fruits de mer surgelé - sachet – Marque Repère – 500 g,500 g,,"Marque Repère, ,, Pêche Océan","Seafood, ,, Frozen foods, ,, Frozen seafood, ,, Mollusc, ,, Calamari",,,,France,"French: Moules décoquillées cuites 25% mini. (moules du Pacifique ou moules), crevettes décortiquées cuites 15 % mini. [( crevettes ; eau ; sel ; colorant : E160c ; correcteurs d'acidité : acide citrique, E331) ou ( crevettes ; eau ; sel ; correcteurs d'acidité : acide citrique, E331)], tronçons d'encornet géant cuits*** (encornet géant ; eau ; correcteurs d'acidité : acide citrique, E331, E500 ; sel) ou têtes et pattes d'encornet blanchies*** ( encornet ; eau, sel, correcteurs d'acidité: acide citrique, E331), anneaux d'encornet blanchis 10 % mini. ( encornet ; eau ; sel ; correcteurs d'acidité : acide citrique, E331). Traces de sulfites . ***Tronçons d'encornet géant cuits ou têtes et pattes d'encornet blanchies : 10 % minimum Dénomination légale : Mélange surgelé de fruits de mer composé de : - moules du Pacifique décoquillées cuites Mytilus chilensis, élevées au Chili (A**) ou moules décoquillées cuites Mytilus edulis, pêchées à la drague en Océan Atlantique Nord-Est, en mer Baltique et/ou mer du Nord (B**), - crevettes décortiquées cuites Solenocera crassicornis ou Parapenaeopsis stylifera), pêchées aux chaluts en Océan Indien Ouest (C**)) ou Penaeus vannamei élevées en Inde (D**) ou au Vietnam (E**) - tronçons d'encornet géant cuits Dosidicus gigas, pêché aux chaluts ou aux lignes et hameçons en Océan Pacifique Sud - Est (F**) ou têtes et pattes d'encornet blanchies Loligo duvauceli, pêché aux chaluts en Océan Indien Ouest (G**), ou Loligo chinensis ou Loligo edulis, pêché aux chaluts en Océan Pacifique Centre Ouest et/ou Nord-Ouest (H**) - anneaux d'encornet blanchis Loligo duvauceli, pêché aux chaluts en Océan Indien Ouest (I**), ou Loligo chinensis ou Loligo edulis, pêché aux chaluts en Océan Pacifique Centre-Ouest et/ou Nord-Ouest (J**) ou Illex argentinus pêché aux lignes et hameçons en Océan Atlantique Sud-Ouest (K**)) ou Todarodes pacificus pêché aux chaluts en Océan Pacifique Nord-Ouest (L**) **Pour connaître l'origine des fruits de mer, regarder les lettres sous le numéro de lot","Crustaceans, Molluscs","Crustaceans, Fish, Molluscs, Sulphur dioxide and sulphites",74,B,4,,False,False,no,low,low,low,moderate,317.0,76.0,2.5,0.7,1.2,1.2,0.5,12.0,1.2,0.48,,,1,5,4,0,0,0,5,4,0,0
https://world.openfoodfacts.org/product/5017601032212/baked-beans-suma,5017601032212,Baked beans – Suma,,Steel-tin,"Suma, ,, Yakso","Plant-based foods and beverages, ,, Plant-based foods, ,, Meals, ,, Prepared vegetables, ,, Baked beans in tomato sauce","Organic, ,, Vegetarian, ,, EU Organic, ,, Non-EU Agriculture, ,, Vegan, ,, EU Agriculture, ,, EU/non-EU Agriculture, ,, IT-BIO-008, ,, The Vegan Society, ,, Vegetarian Society Approved",,,"France, ,, United Kingdom","Haricot Beans (45%), Tomatoes (30%), Water, Sugar, Onion Sunflower Oil, Maize Starch, Salt, Black Pepper, Ascorbic Acid",,,9,B,3,A,True,True,yes,low,low,moderate,moderate,460.0,110.0,1.8,0.3,17.3,5.4,,3.9,0.5,0.2,,,1,4,3,1,1,0,2,1,0,2
https://world.openfoodfacts.org/product/8412779230106/leche-semidesnatada-lr,8412779230106,Leche semidesnatada – lr – 1000ml / 1kg,1000ml / 1kg,,lr,"Dairies, ,, Milks, ,, Semi-skimmed milks","FSC, ,, FSC Mix","Spain, ,, es:100 % leche Gallega, ,, es:origen de la leche Galicia",,"France, ,, Spain",Spanish: Leche semidesnatada de vaca.,Milk,,1,B,1,C,True,True,no,low,low,low,low,192.0,46.0,1.6,1.1,4.7,4.7,,3.1,0.1,0.04,,,0,7,7,3,3,1,0,7,0,0
https://world.openfoodfacts.org/product/4088600003801/british-skimmed-milk-aldi,4088600003801,British Skimmed Milk – Aldi – 2.272 L,2.272 L,"Plastic, ,, Hdpe-bottle, ,, Hdpe-lid","Aldi, ,, Cowbelle","Dairies, ,, Milks (liquid and powder), ,, Milks, ,, Skimmed milks",,United Kingdom,,"Spain, ,, United Kingdom",PASTEURISED SKIMMED MILK,Milk,,1,B,1,C,True,True,no,low,low,moderate,low,146.0,35.0,0.1,0.1,5.0,5.0,0.0,3.6,0.1175,0.047,,,-2,5,7,2,3,0,0,7,0,0
https://world.openfoodfacts.org/product/3428271200016/lait-lactel,3428271200016,lait – lactel – 1L,1L,,lactel,"Dairies, ,, Milks, ,, Homogenized milks, ,, Semi-skimmed milks, ,, UHT Milks, ,, Organic semi-skimmed milks","Organic, ,, EU Organic, ,, AB Agriculture Biologique, ,, fr:Garantie IPLC",France,,France,French: Lait demi-écrémé stérilisé UHT,Milk,,1,B,1,B,True,True,no,low,low,low,low,192.0,46.0,1.5,1.0,4.8,4.8,0.0,3.3,0.11,0.044,,,-1,6,7,3,3,0,0,7,0,0
https://world.openfoodfacts.org/product/4009300017608/frio-classic-eistee-pfirsich-teekanne,4009300017608,frio: Classic Eistee Pfirsich – Teekanne – 45g,45g,"Plastic, ,, Cardboard, ,, Paperboard",Teekanne,"Beverages and beverages preparations, ,, Plant-based foods and beverages, ,, Beverages, ,, Hot beverages, ,, Plant-based beverages, ,, Beverage preparations, ,, Teas, ,, Black teas, ,, Flavored teas, ,, Tea-based beverages, ,, Tea leaves, ,, Iced teas, ,, Tea bags","No gluten, ,, Vegetarian, ,, Vegan, ,, FSC, ,, FSC Mix, ,, Green Dot, ,, No lactose, ,, Rainforest Alliance",,,Germany,"German: Schwarzer Tee* (77%), Pfirsicharoma (7%), Süßblätter, Säuerungsmittel: Citronensäure, Zichorienwurzel, Pfirsichsaftgranulat *100% des in diesem Produkt enthaltenen Schwarztees stammen von Rainforest-Alliance-zertifizierten Farmen.",,,7,B,4,A,True,True,yes,,,,,4.0,1.0,0.0,0.0,0.1,0.0,,0.0,0.0,0.0,,,0,0,0,0,0,0,0,0,0,0
https://world.openfoodfacts.org/product/4025500276737/light-greek-style-lemon-muller,4025500276737,Light Greek Style Lemon – Müller – 4 x 115 g,4 x 115 g,"POT Recycle C SLEEVE FOL Recycle Recycle, ,, Aluminium-lid, ,, Card-sleeve, ,, Pet-pot",Müller,"Dairies, ,, Fermented foods, ,, Fermented milk products, ,, Desserts, ,, Dairy desserts, ,, Fermented dairy desserts, ,, Fermented dairy desserts with fruits, ,, Yogurts, ,, Fruit yogurts, ,, Greek-style yogurts, ,, Yogurts high in protein on a fruit layer",,,,United Kingdom,"yogurt ( milk ), water, lemon juice from concentrate (2,5%), modified maize starch, lemon cells (1%), stabiliser: pectins, sweetener: aspartame, colour: curcumin, flavourings",Milk,,12,B,4,B,True,,no,low,low,moderate,low,254.8,61.0,0.5,0.1,7.6,6.9,,6.3,0.245,0.098,,3.5,1,3,2,0,2,0,1,2,0,0
https://world.openfoodfacts.org/product/5060120286345/maple-pecan-granola-rude-health,5060120286345,Maple & Pecan Granola – Rude Health,,,Rude Health,"Plant-based foods and beverages, ,, Plant-based foods, ,, Breakfasts, ,, Cereals and potatoes, ,, Cereals and their products, ,, Breakfast cereals",,,,United Kingdom,"Oats (43%), barley flakes, wheat flakes, raw cane sugar, date syrup, sunflower oil, puffed spelt ( wheat ), maple syrup (4.5%), sunflower seeds (4%), pecan nuts (3%), cinnamon.","Gluten, Nuts",,12,B,3,E,True,True,yes,moderate,low,moderate,low,728.0,173.0,5.6,0.6,25.0,6.3,2.9,3.9,0.01,0.004,,,2,3,1,2,1,0,0,1,0,0
https://world.openfoodfacts.org/product/5099749001909/low-fat-bio-organic-vanilla-live-yogurt-glenisk,5099749001909,LOW FAT BIO Organic VANILLA LIVE YOGURT – glenisk,,,glenisk,"Dairies, ,, Fermented foods, ,, Fermented milk products, ,, Desserts, ,, Dairy desserts, ,, Fermented dairy desserts, ,, Yogurts, ,, Organic yogurt","No gluten, ,, Organic, ,, EU Organic",,,"France, ,, Ireland","Organic Semi Skimmed Milk, Water, Organic Cane Sugar, Organic Maize Starch, Natural Vanilla Flavouring, Gelling Agent (Pectin), Cultures (Streptococcus thermophilus, Bifidobacterium, Lactobacillus casei, Lactobacillus bulgaricus), Organic Vanilla Pods (0.01%), Organic Lemon Juice Concentrate, Organic Vanilla Extract (0.01%)",Milk,,15,B,4,A,True,True,no,low,low,moderate,low,311.0,74.0,2.1,1.3,11.0,9.6,0.5,2.8,0.1,0.04,,0.01,2,3,1,0,2,1,0,1,0,0
https://world.openfoodfacts.org/product/3095751054010/roti-de-dinde-cuit-halal-fleury-michon,3095751054010,Rôti de Dinde cuit - Halal – Fleury Michon – 120 g,120 g,"Tray, ,, fr:Film en plastique",Fleury Michon,"Meats and their products, ,, Meats, ,, Poultries, ,, Turkey and its products, ,, Cooked poultries, ,, Turkeys, ,, Roasted turkey meat","No gluten, ,, Halal, ,, Nutriscore, ,, Nutriscore Grade C, ,, fr:Société Française de Contrôle de Viande Halal, ,, Société Française de Contrôle de Viande Halal - Grande Mosquée de Paris",,,France,"French: Filet de dinde 89%, eau, sel, plantes aromatiques 0.3%, concentrés de betterave et céleri , dextrose de maïs, persil 0.2%, épices, ferments, antioxydant : ascorbate de sodium, colorant : caramel ordinaire.",Celery,,14,B,4,E,True,False,no,low,low,low,high,418.0,100.0,1.2,0.4,0.5,0.5,0.0,22.0,1.8,0.72,,,2,9,7,1,0,0,8,7,0,0
https://world.openfoodfacts.org/product/3252920034314/lait-bio-ecreme-grandeur-nature,3252920034314,Lait bio écrémé – Grandeur Nature – 1 l,1 l,,Grandeur Nature,"Beverages and beverages preparations, ,, Beverages, ,, Dairies, ,, Milks (liquid and powder), ,, Milks, ,, Homogenized milks, ,, Pasteurised products, ,, UHT Milks, ,, Skimmed milks, ,, UHT Skimmed milks","Organic, ,, EU Organic, ,, FR-BIO-01, ,, AB Agriculture Biologique",Origine du lait : France,,France,French: Lait écrémé* . * Issu de l'agriculture biologique,Milk,,1,B,1,B,True,True,no,low,low,moderate,low,125.0,30.0,0.5,0.0,4.3,4.3,,3.3,0.109,0.0436,,,-2,5,7,2,3,0,0,7,0,0
https://world.openfoodfacts.org/product/3256226463410/melange-4-huiles-bouteille-de-50cl-u,3256226463410,Mélange 4 huiles bouteille de 50cl – U – 0.5000 l,0.5000 l,fr:Bouteille de,U,"Plant-based foods and beverages, ,, Plant-based foods, ,, Fats, ,, Vegetable fats, ,, Vegetable oils, ,, Mixed vegetable oils",,,,France,"French: Huile de colza 49%, huile de tournesol 41%, huile de lin 6%, huile de tournesol à haute teneur en acide oléique 4%, vitamine D. Origine colza Amérique du Sud*, australie*, asie*, europe*, canada*. Lin europe*, asie*, canada*. Tournesol australie*, Amérique du Sud*, afrique*, asie*, europe*. *selon les approvisionnements",,,18,B,,C,False,True,yes,high,high,low,low,3700.0,900.0,100.0,9.0,0.0,0.0,0.0,0.0,0.0,0.0,,0.0,2,2,0,,0,,0,0,0,0
https://world.openfoodfacts.org/product/3257980120526/lentilles-preparees-cora,3257980120526,Lentilles préparées – Cora – 400 g,400 g,"Metal, ,, Box, ,, Canned","Cora, ,, Groupe Louis Delhaize","Plant-based foods and beverages, ,, Plant-based foods, ,, Fruits and vegetables based foods, ,, Legumes and their products, ,, Canned foods, ,, Cereals and potatoes, ,, Legumes, ,, Seeds, ,, Vegetables based foods, ,, Canned plant-based foods, ,, Legume seeds, ,, Meals, ,, Canned vegetables, ,, Pulses, ,, Lentils, ,, Canned meals, ,, Prepared lentils","Green Dot, ,, fr:Eco-Emballages",,"Compagnie Générale de Conserve - CGC (Filiale Groupe CECAB) - ZA Saint-Léonard Nord - Kerlurec - 56450 Theix, ,, Morbihan, ,, Bretagne, ,, France",France,"French: Lentilles, eau, sel, arôme (dont céleri ).",Celery,,4,B,4,A,True,,maybe,low,low,low,moderate,337.0,80.0,0.6,0.1,11.6,0.4,4.4,6.9,0.825,0.33,,,-3,6,9,,0,,4,2,2,5
https://world.openfoodfacts.org/product/3301594000238/compote-d-abricots-avec-morceaux-coteaux-nantais,3301594000238,Compote d'abricots avec morceaux – coteaux nantais – 725gr,725gr,"Metal, ,, Glass, ,, Pot",coteaux nantais,"Plant-based foods and beverages, ,, Plant-based foods, ,, Fruits and vegetables based foods, ,, Desserts, ,, Fruits based foods, ,, Compotes, ,, Apricot compotes","Organic, ,, EU Organic, ,, Non-EU Agriculture, ,, EU Agriculture, ,, EU/non-EU Agriculture, ,, FR-BIO-01, ,, Green Dot, ,, AB Agriculture Biologique",Union Européenne et Non Union Européenne,,France,"French: • abricots* (85%) • sucre roux* (15%) 
*Ingrédient issu de l'agriculture biologique",,,2,B,3,A,True,True,yes,low,low,high,low,405.0,97.0,0.0,0.0,22.8,21.1,1.5,0.7,0.0,0.0,,,2,7,5,1,6,0,0,0,0,5
https://world.openfoodfacts.org/product/3396410220402/nuggets-soja-et-ble-evernat,3396410220402,Nuggets soja et blé – Evernat – 154 g,154 g,"Plastic, ,, Fresh, ,, Tray",Evernat,"Meat alternatives, ,, Breaded products, ,, Meat analogues, ,, Vegetarian nuggets","Vegetarian, ,, Organic, ,, EU Organic, ,, Non-EU Agriculture, ,, BE-BIO-01, ,, EU Agriculture, ,, EU/non-EU Agriculture, ,, European Vegetarian Union, ,, FR-BIO-01, ,, AB Agriculture Biologique",,,France,"French: Eau, protéines de soja* texturées 17%, chapelure* (farine de blé* , levure*, curcuma*), huile de tournesol, farine de blé 4,4%, amidon de maïs*, épices* 2,2% (oignon* en poudre, graines de coriandre*, ail* en poudre, poivre blanc*, extrait de levure*, cumin*, paprika* en poudre, gingembre* en poudre, noix de muscade, marjolaine*), blanc d'oeuf en poudre, farine de lin*, vinaigre de cidre*, tempura* (farine de seigle* , gluten de blé* , amidon de blé*), sel marin. Peut contenir du céleri , du lait , de la moutarde , des fruits à coque et des graines de sésame . *Ingrédients issus de l'Agriculture Biologique.","Eggs, Gluten, Soybeans","Celery, Milk, Mustard, Nuts, Sesame seeds",28,B,4,,True,True,no,moderate,low,low,moderate,907.0,217.0,9.1,1.1,18.0,2.1,5.6,13.0,1.4,0.56,,,1,9,8,2,0,1,6,5,3,0
https://world.openfoodfacts.org/product/3560071052621/basmati-du-penjab-carrefour,3560071052621,Basmati du PENJAB – Carrefour – 450 g (5 x 90 g),450 g (5 x 90 g),Bag,Carrefour,"Plant-based foods and beverages, ,, Plant-based foods, ,, Cereals and potatoes, ,, Seeds, ,, Cereals and their products, ,, Frozen foods, ,, Cereal grains, ,, Rices, ,, Aromatic rices, ,, Indica rices, ,, Long grain rices, ,, White rices, ,, Basmati rices, ,, White Basmati rices","Distributor labels, ,, Carrefour Quality, ,, Green Dot, ,, Nutriscore, ,, Nutriscore Grade A, ,, Triman",India,,"France, ,, Italy, ,, Spain",French: Riz basmati long grain de qualité supérieure.,,,1,B,1,,True,True,yes,low,low,low,low,1479.0,348.0,0.8,0.2,77.0,0.5,1.0,8.0,0.04,0.016,,,0,3,3,,0,,0,3,0,0
https://world.openfoodfacts.org/product/3580283512249/pur-jus-pamplemousse-rose-grand-frais,3580283512249,Pur Jus Pamplemousse Rose – Grand frais – 1L,1L,,Grand frais,"Plant-based foods and beverages, ,, Beverages, ,, Plant-based beverages, ,, Fruit-based beverages, ,, Juices and nectars, ,, Fruit juices, ,, Grapefruit juices, ,, Pink grapefruit juices",,,,France,French: jus de pamplemousse rose,,,1,B,1,E,True,True,yes,low,low,high,low,138.0,33.0,0.4,0.0,7.6,7.6,,0.4,0.01,0.004,,,2,8,6,2,6,0,0,0,0,6
https://world.openfoodfacts.org/product/4002566002111/yo%C4%9Furdu-omur,4002566002111,Yoğurdu – ÖMÜR – 1kg,1kg,"Eimer, ,, Kunststoff, ,, PP - Polypropylen",ÖMÜR,"Dairies, ,, Fermented foods, ,, Fermented milk products, ,, Desserts, ,, Dairy desserts, ,, Fermented dairy desserts, ,, Yogurts","Vegetarian, ,, Halal, ,, No GMOs, ,, Ohne Gentechnik, ,, Made in Germany",,,Germany,German: Joghurt,Milk,,1,B,1,A,True,True,no,moderate,moderate,low,low,295.0,70.0,3.5,2.4,4.5,4.5,,4.1,0.18,0.072,,,2,3,1,0,1,2,0,1,0,0
https://world.openfoodfacts.org/product/5941065009803/bio-lapte-napolact,5941065009803,"Bio Lapte – Napolact – 1 l,","1 l,",Tetra Pak,Napolact,"Dairies, ,, Milks, ,, Semi-skimmed milks",Organic,Romania,Romania,"Romania, ,, Spain",Romanian: Lapte de vaca,Milk,,1,B,1,C,True,True,no,low,low,low,low,185.0,44.0,1.5,0.9,4.5,4.5,0.0,3.1,0.06,0.024,,,-1,6,7,3,3,0,0,7,0,0
https://world.openfoodfacts.org/product/8410297114045/leche-semi-desnatada-central-lechera-asturiana,8410297114045,Leche semi desnatada – Central Lechera Asturiana – 500 ml,500 ml,,Central Lechera Asturiana,"Dairies, ,, Milks (liquid and powder), ,, Milks, ,, Semi-skimmed milks, ,, Cow milks",Green Dot,Spain,,"France, ,, Spain",French: Leche semidesnatada de vaca,,,1,B,1,C,False,True,yes,low,low,low,low,190.0,45.0,1.55,1.0,4.65,4.65,,3.15,0.1,0.04,,,-1,6,7,3,3,0,0,7,0,0
https://world.openfoodfacts.org/product/8414700011020/leche-desnatada-uht-con-vitamina-d-lauki,8414700011020,Leche Desnatada Uht Con Vitamina D – Lauki,,,Lauki,"Dairies, ,, Milks, ,, Whole milks",No gluten,,,"France, ,, Spain",skimmed milk.,Milk,,1,B,1,D,True,True,no,low,low,low,low,142.0,34.0,0.2,0.1,4.8,4.8,0.0,3.1,0.1,0.04,,,-2,5,7,2,3,0,0,7,0,0
https://world.openfoodfacts.org/product/3600900021487/perles-tipiak,3600900021487,Perles tipiak – 350 g,350 g,,Tipiak,"Plant-based foods and beverages, ,, Plant-based foods, ,, Cereals and potatoes, ,, Seeds, ,, Cereals and their products, ,, Cereal grains, ,, Cereal semolinas, ,, Wheat semolinas, ,, Durum wheat semolinas, ,, fr:Tendres-perles",,,,France,"pre-cooked durum wheat semolina ( gluten ) (59%), durum wheat semolina ( gluten ) (25%), pre-cooked cornmeal (13%), pre-cooked wheat flour ( gluten ), possible traces of milk , egg , soy , celery , mustard , lupin and nuts","Celery, Gluten, Lupin, Mustard","Celery, Lupin, Milk, Mustard, Nuts, Soybeans",11,B,1,B,True,True,yes,low,low,low,low,1510.0,356.0,1.5,0.3,72.0,2.8,4.2,12.0,0.0,0.0,,,-4,2,6,,0,,0,4,2,0
https://world.openfoodfacts.org/product/3580281450079/riz-rouge-de-camargue-grain-de-frais,3580281450079,Riz rouge de Camargue – Grain de Frais – 500 g,500 g,"Plastic, ,, Bag",Grain de Frais,"Plant-based foods and beverages, ,, Plant-based foods, ,, Cereals and potatoes, ,, Seeds, ,, Cereals and their products, ,, Cereal grains, ,, Rices, ,, Camargue rices, ,, Red rices, ,, fr:Riz rouge de Camargue, ,, Raw-red-rice","Organic, ,, EU Organic, ,, FR-BIO-01, ,, Green Dot, ,, PGI, ,, AB Agriculture Biologique","France, ,, Camargue",France,France,French: Riz rouge .,,,1,B,1,D,True,True,yes,moderate,low,low,low,1460.0,349.0,3.4,0.8,69.0,0.7,,8.2,0.0,0.0,,,0,3,3,,0,,0,3,0,0
https://world.openfoodfacts.org/product/8480000185648/berberechos-al-natural-m-hacendado,8480000185648,Berberechos al natural M – Hacendado – 63 g,63 g,,Hacendado,"Seafood, ,, Fishes and their products, ,, Canned foods, ,, Fishes, ,, Canned fishes",,,,Spain,"Spanish: Berberechos, agua, sal.",Molluscs,"Crustaceans, Fish",3,B,3,,True,False,no,low,low,low,moderate,275.0,65.0,1.0,0.3,0.0,0.0,,14.0,1.5,0.6,,,2,7,5,0,0,0,7,5,0,0
https://world.openfoodfacts.org/product/4337185865060/maiswaffeln-k-bio,4337185865060,Maiswaffeln – K-Bio – 130g,130g,"Plastic, ,, Pp-polypropylene","K-Bio, ,, Kaufland","Plant-based foods and beverages, ,, Plant-based foods, ,, Cereals and potatoes, ,, Cereals and their products, ,, Puffed cereal cakes, ,, Puffed corn cakes","No gluten, ,, Organic, ,, Vegetarian, ,, Crossed Grain Trademark, ,, EU Organic, ,, Vegan, ,, EG-Öko-Verordnung, ,, DZG Gluten free, ,, EU Agriculture, ,, European Vegetarian Union, ,, European Vegetarian Union Vegan, ,, NL-BIO-01, ,, Nutriscore, ,, Nutriscore Grade A, ,, de:NL-086-007",European Union,,Germany,but,,"Milk, Sesame seeds, Soybeans",1,B,,B,False,True,yes,low,low,low,low,1606.0,384.0,1.4,0.2,85.0,0.5,1.7,7.0,0.01,0.004,,,2,4,2,4,0,0,0,2,0,0
https://world.openfoodfacts.org/product/4063367192173/joghurt-mild-3-8-fett-k-bio,4063367192173,"Joghurt mild 3,8% Fett – K-Bio – 1pcs",1pcs,,K-Bio,"Dairies, ,, Fermented foods, ,, Fermented milk products, ,, Desserts, ,, Dairy desserts, ,, Fermented dairy desserts, ,, Yogurts","Organic, ,, EU Organic, ,, DE-ÖKO-006, ,, Nutriscore",,,Germany,"Joghurt mild, 3,8 % Fett. *hergestellt aus Milch aus kontrolliert biologischer Landwirtschaft. K - Bio garantiert Ihnen Lebensmittel aus biologischer Landwirtschaft. Die Einhaltung der strengen Richtlinien der EG-Ökö-Verordnung wird durch unabhängige Sachverständige regelmäßig geprüft. Ungeöffnet bei +8 °C mindestens haltbar bis: siehe Deckelaufdruck. Nach dem Öffnen im Kühlschrank aufbewahren und zügig verbrauchen. Bitte nur mit frischem Löffel portionieren!.",,,10,B,,A,False,True,yes,moderate,moderate,low,low,292.0,70.0,3.8,2.5,3.9,3.9,0.5,4.7,0.13,0.052,,,2,3,1,0,1,2,0,1,0,0
https://world.openfoodfacts.org/product/3222475306358/infusion-nuit-paisible-25-sachets-casino,3222475306358,Infusion nuit paisible 25 sachets – Casino – 40 g,40 g,"fr:Carton-sachet, ,, fr:Etui en carton",Casino,"Plant-based foods and beverages, ,, Beverages, ,, Hot beverages, ,, Plant-based beverages, ,, Herbal teas, ,, fr:Infusion plantes",Green Dot,,,"France, ,, Morocco, ,, Réunion",French: Tilleul 43% - verveine 39% - camomille 7% - feuilles d'oranger bigarade 7% - lavandin 3% - arôme 1%.,,,6,B,4,A,False,True,yes,low,low,low,low,3.0,1.0,0.0,0.0,0.2,0.2,0.0,0.0,0.0,0.0,0.0,,-2,0,2,0,0,0,0,0,0,2
https://world.openfoodfacts.org/product/3252920048366/veloute-de-potiron-et-courge-butternut-grandeur-nature,3252920048366,Velouté de potiron et courge Butternut – Grandeur Nature – 1 l,1 l,"Brick, ,, Cardboard, ,, fr:Brique en carton",Grandeur Nature,"Plant-based foods and beverages, ,, Plant-based foods, ,, Fruits and vegetables based foods, ,, Meals, ,, Soups, ,, Cream soups, ,, Vegetable soups, ,, Cream of vegetable soups, ,, fr:SOUPES & POTAGES","No gluten, ,, Organic, ,, EU Organic, ,, FSC, ,, FSC Mix, ,, AB Agriculture Biologique",,,France,"French: eau , légumes 43% ( potiron 15% , courge butternut*12,5% , carotte, oignon, pomme de terre) , crème fraîche 3%, amidon de maïs, sel",Milk,,10,B,3,A,True,True,no,low,low,low,moderate,142.0,34.0,0.9,0.6,5.3,1.4,1.2,0.5,0.5,0.2,,,2,2,0,0,0,0,2,0,0,0
https://world.openfoodfacts.org/product/3347431200355/farine-de-mais-moulin-des-moines,3347431200355,Farine de maïs – Moulin des Moines – 500 g,500 g,"Plastic, ,, Bag","Moulin des Moines, ,, Naturaline","Plant-based foods and beverages, ,, Plant-based foods, ,, Cereals and potatoes, ,, Cereals and their products, ,, Flours, ,, Cereal flours, ,, Cornmeal","Organic, ,, EU Organic, ,, EU Agriculture, ,, FR-BIO-01, ,, Green Dot, ,, AB Agriculture Biologique",,"Moulin Meckert-Diemer, ,, 67170, ,, Krautwiller, ,, France",France,maize flour for polenta,,Gluten,1,B,1,A,True,True,yes,low,low,low,low,1497.0,353.0,2.0,0.2,76.1,0.7,3.4,6.2,0.04,0.016,,,1,4,3,4,0,0,0,2,1,0
https://world.openfoodfacts.org/product/3564700679524/coq-au-vin-aux-pommes-de-terre-et-aux-carottes-marque-repere,3564700679524,Coq au Vin aux pommes de terre et aux carottes – Marque Repère – 400 g,400 g,"Canned, ,, fr:Boîte métal à recycler","Marque Repère, ,, Côté Table, ,, Scamark (Filiale E. Leclerc)","Canned foods, ,, Meats and their products, ,, Meals, ,, Meals with meat, ,, Poultry meals, ,, Canned meals, ,, Meals with chicken, ,, Cockerel in red wine sauce","French meat, ,, French poultry, ,, Nutriscore, ,, Nutriscore Grade A, ,, fr:Info-Tri Point Vert","France, ,, Aude, ,, fr:Vin rouge Corbières","Compagnie Générale de Produits Alimentaires Peny - CGPA [Filiale Union Fermière Morbihannaise - UFM (Filiale Groupe CECAB)] - Pont Hellec - 29380 Saint-Thurien, ,, Finistère, ,, Bretagne, ,, France",France,"French: Morceaux de cuisse de poulet non désossés saumurés et précuits 35 % (morceaux de cuisse de poulet non désossés (Origine : France) équivalent cru mis en œuvre 35 %, eau, sel) ; pommes de terre 23 % (dont conservateur : disulfite de sodium) ; eau ; vin rouge Corbières (dont sulfites ) 7,6 % ; carottes 6,2 % ; champignons de Paris 3,2 % ; oignons 2,5 % ; concentré de tomates ; amidon modifié de maïs (dont sulfites ) ; colorant : caramel ordinaire ; cacao maigre en poudre ; arômes (dont lait ) ; gélifiants : gomme guar, gomme xanthane ; sucre ; poivre.
Les pourcentages sont exprimés sur le poids net total.","Gluten, Milk, Sulphur dioxide and sulphites, fr:disulfite-de-sodium",,23,B,4,E,True,True,yes,low,low,low,moderate,371.0,68.0,2.5,0.7,4.4,0.9,1.0,6.58,0.61,0.244,,,2,4,2,1,0,0,3,2,0,0
https://world.openfoodfacts.org/product/3760178253130/le-riz-au-lait-vanille-sacre-willy,3760178253130,Le Riz au Lait Vanille – Sacre willy – 2 x 130 g,2 x 130 g,,Sacre willy,"Desserts, ,, Puddings, ,, Rice puddings, ,, Vanilla flavored rice pudding",Made in France,,,France,"French: Lait des Alpes 70%, Riz de Camargue 11%, Sucre, Crème , Vanille de Madagascar 0,2%","Eggs, Milk",,5,B,3,C,True,True,no,moderate,low,moderate,low,527.0,126.0,5.0,1.0,17.0,10.0,,3.0,0.1,0.04,,,2,3,1,1,2,0,0,1,0,0
https://world.openfoodfacts.org/product/4311501337745/zitronensaft-aus-zitronensaftkonzentrat-edeka,4311501337745,Zitronensaft aus Zitronensaftkonzentrat – Edeka – 750 ml,750 ml,Bottle,Edeka,"Beverages and beverages preparations, ,, Plant-based foods and beverages, ,, Beverages, ,, Plant-based beverages, ,, Fruit-based beverages, ,, Juices and nectars, ,, Fruit juices, ,, Lemon juice",,,,Germany,German: Zitronensaft aus Zitronensaftkonzentrat,,,1,B,1,E,True,True,yes,low,low,low,low,114.0,27.0,0.1,0.01,1.6,1.6,,0.4,0.005,0.002,,,-3,3,6,2,1,0,0,0,0,6
https://world.openfoodfacts.org/product/5410106095025/rice-toasts-bosto,5410106095025,Rice Toasts – Bosto,,,Bosto,"Plant-based foods and beverages, ,, Plant-based foods, ,, Cereals and potatoes, ,, Cereals and their products, ,, Puffed cereal cakes, ,, Puffed rice cakes",,,,"Belgium, ,, France","whole rice 99,75%, salt 0,25%",,,2,B,3,D,True,True,yes,low,low,low,moderate,1602.0,383.0,2.5,0.6,79.3,0.5,3.4,7.9,0.5,0.2,,,2,6,4,4,0,0,2,3,1,0
https://world.openfoodfacts.org/product/7501017004294/frijoles-negros-enteros-la-costena,7501017004294,Frijoles Negros Enteros – La Costeña – 560 g,560 g,,La Costeña,"Plant-based foods and beverages, ,, Plant-based foods, ,, Legumes and their products, ,, Canned foods, ,, Legumes, ,, Seeds, ,, Canned plant-based foods, ,, Legume seeds, ,, Meals, ,, Pulses, ,, Common beans, ,, Prepared vegetables, ,, Baked beans in tomato sauce, ,, Canned legumes, ,, Canned meals, ,, Black beans, ,, Canned black beans, ,, Canned common beans, ,, Refried beans","No preservatives, ,, Made in Mexico, ,, es:Empresa Socialmente Responsable",Mexico,"Ecatepec, ,, México","Bolivia, ,, France, ,, Germany, ,, Spain","Spanish: Frijol negro, agua, cebolla, pasta de tomate, sal yodada, chile jalapeño, aceite vegetal, glutamato monosódico, ajo.",es:glutamato-monosodico,"Celery, Eggs, Gluten, Milk, Soybeans",9,B,4,A,,True,yes,low,low,low,moderate,190.0,45.0,1.0,0.1,5.0,0.0,6.0,4.0,0.85,0.34,,,1,5,4,,0,,4,1,3,0
https://world.openfoodfacts.org/product/7610200010902/carolina-parboiled-m-classic,7610200010902,Carolina Parboiled – M-Classic – 1000g,1000g,"Bag, ,, de:Packung(en), ,, fr:Sachet Cellophane",M-Classic,"Plant-based foods and beverages, ,, Plant-based foods, ,, Cereals and potatoes, ,, Seeds, ,, Cereals and their products, ,, Cereal grains, ,, Rices, ,, Long grain rices","Carbon footprint, ,, Carbon footprint, ,, Carbon footprint, ,, Carbon footprint, ,, Carbon footprint, ,, Carbon footprint, ,, Carbon footprint, ,, Carbon footprint, ,, Carbon footprint, ,, Carbon footprint, ,, Carbon footprint, ,, Carbon footprint, ,, Carbon footprint, ,, Carbon footprint, ,, Carbon footprint, ,, Carbon footprint, ,, Carbon footprint, ,, Carbon footprint, ,, Carbon footprint, ,, Carbon footprint",Italy,"Riseria Taverne SA (Migros) CH 6807 Taverne  Suisse, ,, Suisse","Germany, ,, Switzerland",parboiled long grain rice,,,1,B,1,C,True,True,yes,low,low,low,low,1476.0,353.0,1.0,0.2,78.0,0.5,1.5,7.2,0.01,0.004,,,0,2,2,,0,,0,2,0,0
https://world.openfoodfacts.org/product/8410698073439/sardinillas-aceite-de-oliva-cuca,8410698073439,Sardinillas aceite de oliva – Cuca – 90g,90g,Box,Cuca,"Seafood, ,, Fishes and their products, ,, Canned foods, ,, Fishes, ,, Fatty fishes, ,, Canned fishes, ,, Sardines, ,, Canned sardines, ,, Sardines in oil, ,, Sardines in olive oil","No gluten, ,, No lactose","es:34 37, ,, es:FAO27",Pontevedra Espagne,Spain,"minnows, olive oil and salt",,,3,B,3,D,False,True,yes,moderate,moderate,low,moderate,836.0,200.0,12.0,2.4,0.0,0.0,0.0,23.0,1.2,0.48,,,2,9,7,2,0,2,5,7,0,0
https://world.openfoodfacts.org/product/4009077024151/hustenbonbon-wildkirsche-dr-c-soldan,4009077024151,Hustenbonbon Wildkirsche – Dr. C. Soldan – 75g,75g,Plastic,"Em-eukal, ,, Dr. C. Soldan","Snacks, ,, Sweet snacks, ,, Confectioneries, ,, Candies","Low or no sugar, ,, Natural flavors",,,Germany,German: Süßungsmittel: Isomalt; Kirschsaftkonzentrat; Wildkirschrindenextrakt; natürliche Aromen; Eukalyptusöl; Menthol; Säuerungsmittel Citronensäure; Süßungsmittel: Sucralose. Kann Spuren von Gluten enthalten. Kann bei übermäßigem Verzehr abführend wirken.,,Gluten,12,B,4,B,True,True,yes,low,low,low,low,984.0,236.0,0.0,0.0,96.0,0.5,,0.0,0.0,0.0,,,2,2,0,2,0,0,0,0,0,0
https://world.openfoodfacts.org/product/8410155072814/filetes-de-caballa-del-sur-en-aceite-de-oliva-auchan,8410155072814,Filetes de caballa del Sur en aceite de oliva – Auchan,,,Auchan,"Seafood, ,, Fishes and their products, ,, Canned foods, ,, Fishes, ,, Fatty fishes, ,, Canned fishes, ,, Fish fillets, ,, Mackerels, ,, Mackerel fillets, ,, Mackerel fillets in oil, ,, Tinned Mackerels",,,,Spain,"Spanish: Caballa del Sur (73,9%), aceite de oliva (26%) y sal.",Fish,,3,B,3,,True,False,no,moderate,moderate,low,moderate,891.0,213.0,12.6,3.3,0.4,0.0,0.0,24.5,1.0,0.4,,,2,9,7,2,0,3,4,7,0,0
https://world.openfoodfacts.org/product/4047247075824/gurkenfasschen-king-s-crown,4047247075824,Gurkenfässchen – King’s Crown – 670 g / 360 g,670 g / 360 g,Glass,"King’s Crown, ,, Meiko-Konservenfabrik","Plant-based foods and beverages, ,, Plant-based foods, ,, Fruits and vegetables based foods, ,, Vegetable-based foods and beverages, ,, Canned foods, ,, Vegetables based foods, ,, Canned plant-based foods, ,, Pickles, ,, Vegetables, ,, Canned vegetables, ,, Cucumbers, ,, Plant-based pickles, ,, Pickled vegetables, ,, Small cucumbers, ,, Gherkins, ,, Pickled cucumbers, ,, Pickled gherkins","Vegetarian, ,, Vegan, ,, European Vegetarian Union, ,, European Vegetarian Union Vegan, ,, Nutriscore, ,, Nutriscore Grade B",,,Germany,"German: Gurken, Wasser, Branntweinessig, Zucker, Speisesalz, Gewürze ( Senfkörner , Dill, Zwiebel).",Mustard,,9,B,3,A,True,True,yes,low,low,low,moderate,155.0,28.0,0.5,0.1,4.9,4.7,,0.6,1.1,0.44,,,1,6,5,0,1,0,5,0,0,5
https://world.openfoodfacts.org/product/8480017241634/pistachos-tostados-sin-sal-dia,8480017241634,Pistachos tostados sin sal – Dia – 250 g,250 g,,Dia,"Plant-based foods and beverages, ,, Plant-based foods, ,, Nuts and their products, ,, Nuts, ,, Pistachios, ,, Roasted pistachios",Green Dot,,USA,Spain,Spanish: Pistachos . Puede contener trazas de cacahuetes y otros frutos de cáscara .,Nuts,"Nuts, Peanuts",1,B,1,E,True,True,yes,high,high,moderate,low,2485.0,594.0,47.0,5.7,15.0,6.9,,23.0,0.21,0.084,,,-2,5,7,,2,,1,7,0,0
https://world.openfoodfacts.org/product/21142581/mandeldrink-food-for-future,21142581,Mandeldrink – Food for Future – 1pcs,1pcs,"de:DRINK LEER- UND WOHIN MIT DEM MÜLL? Zur richtigen Entsorgung kommt die Packung in die gelbe Tonne, ,, de:da sie immer auch kleine Plastikanteile enthält. FSC www.fac.org MIX Karton aus verantwor- tungsvollen Quellen FSC C020428","Food for Future, ,, Penny","Beverages and beverages preparations, ,, Plant-based foods and beverages, ,, Beverages, ,, Plant-based foods, ,, Dairy substitutes, ,, Milk substitutes, ,, Nuts and their products, ,, Plant-based beverages, ,, Plant-based milk alternatives, ,, Nut-based drinks, ,, Almond-based drinks","Organic, ,, Vegetarian, ,, EU Organic, ,, Vegan, ,, EG-Öko-Verordnung, ,, European Vegetarian Union, ,, European Vegetarian Union Vegan, ,, Nutriscore, ,, Nutriscore Grade B",,,Germany,"German: Wasser, Mandeln¹ 2,5%, Maltodextrin¹, Meersalz, Stabilisator (Gellan), Emulgator (Sonnenblumenlecithin¹). Kann Spuren von anderen Schalenfrüchten enthalten. ¹aus kontrolliert biologischer Landwirtschaft",Nuts,Nuts,8,B,4,A,True,True,yes,low,low,low,low,64.0,16.0,1.3,0.1,0.3,0.1,,0.5,0.1,0.04,,,1,1,0,1,0,0,0,0,0,0
https://world.openfoodfacts.org/product/5400101057593/lait-carrefour,5400101057593,Lait ' – Carrefour – 1 l,1 l,,"Carrefour, ,, Carrefour Classic","Beverages and beverages preparations, ,, Beverages, ,, Dairies, ,, Milks (liquid and powder), ,, Milks, ,, Homogenized milks, ,, Pasteurised products, ,, Non-alcoholic beverages, ,, UHT Milks, ,, fr:PLS/UF-BASIC-JUS FRAIS","Vegetarian, ,, No lactose",,,"Belgium, ,, France","sterilized uht milk with 1,2 % fat, lactase, o lait at 1,2 % de matière grasse stérilisé uht, lactase, storage/ conservation store at room temperature, once opened, store in that refrigerator for another 3 days, at least shelf life until: see top, a consever à température ambiante",Milk,,2,B,1,D,True,True,no,low,moderate,moderate,low,182.0,43.0,1.2,0.8,4.8,0.0,0.5,3.3,0.11,0.044,,,-1,6,7,3,3,0,0,7,0,0
https://world.openfoodfacts.org/product/3297386000398/haricots-rouges-naturels-1-2-royal-bourbon,3297386000398,"Haricots rouges naturels 1/2 – Royal Bourbon – 0,4 kg","0,4 kg",Canned,Royal Bourbon,"Plant-based foods and beverages, ,, Plant-based foods, ,, Fruits and vegetables based foods, ,, Legumes and their products, ,, Vegetable-based foods and beverages, ,, Canned foods, ,, Legumes, ,, Seeds, ,, Vegetables based foods, ,, Canned plant-based foods, ,, Legume seeds, ,, Vegetables, ,, Pulses, ,, Common beans, ,, Canned legumes, ,, Red beans, ,, Canned common beans, ,, fr:Canned-kidney-common-beans, ,, fr:Légumineuses (transformé/préparé), ,, fr:Légumineuses (transformé/préparé) ∣ 100798",fr:Nou la fé,La Réunion,"Réunion, ,, France, ,, La Réunion","France, ,, Réunion, ,, fr:France - La Réunion","French: Haricots rouges, eau, sel",,,3,B,3,A,True,True,yes,low,low,low,moderate,227.06,54.0,0.04,0.01,9.8,0.0,,3.99,0.72,0.288,,,0,6,6,,0,,3,1,0,5
https://world.openfoodfacts.org/product/4088600316550/cannellini-beans-in-water,4088600316550,Cannellini Beans in water,,"Paper-sleeve, ,, Steel-tin",,"Plant-based foods and beverages, ,, Plant-based foods, ,, Legumes and their products, ,, Legumes, ,, Seeds, ,, Legume seeds, ,, Pulses, ,, Common beans, ,, White beans, ,, Cannellini Beans",,,,"Ireland, ,, United Kingdom","Cannellini Beans, Water, Firming Agent: Calcium Chloride; Antioxidant: Sodium Metabisulphite ALLERGY ADVICE: For allergens, see ingredients in bold. CAUTION: Care should be taken when opening and disposing of all cans. NUTRITION TYPICAL VALUES (drained) Energy",,,11,B,4,,False,True,yes,low,low,low,low,410.0,98.0,0.8,0.2,13.0,0.7,,6.1,0.02,0.008,,,0,3,3,,0,,0,2,0,1
https://world.openfoodfacts.org/product/26075181/haricots-rouges-fleurs-des-champs,26075181,Haricots Rouges – Fleurs des Champs – 400 g (250 g égoutté),400 g (250 g égoutté),"Canned, ,, fr:Acier recyclable, ,, fr:Couvercle ouverture facile",Fleurs des Champs,"Plant-based foods and beverages, ,, Plant-based foods, ,, Legumes and their products, ,, Canned foods, ,, Legumes, ,, Seeds, ,, Canned plant-based foods, ,, Legume seeds, ,, Pulses, ,, Common beans, ,, Prepared vegetables, ,, Canned legumes, ,, Cooked vegetables, ,, Red beans, ,, Canned common beans, ,, Canned red kidney beans, ,, Cooked red kidney beans, ,, Canned-kidney-common-beans",,,"C.G.C, ,, 56506 Locminé, ,, Morbihan, ,, Bretagne, ,, France",France,"French: Haricots rouges, eau, sucre, sel, affermissant (chlorure de calcium)",,,6,B,4,A,True,True,yes,low,low,low,moderate,439.0,105.0,0.7,0.1,14.0,1.0,,8.0,0.7,0.28,,,-4,4,8,,0,,3,3,0,5
https://world.openfoodfacts.org/product/3258561211718/mais-belle-france,3258561211718,Maïs – Belle France – 150 g,150 g,"Metal, ,, Canned",Belle France,"Plant-based foods and beverages, ,, Plant-based foods, ,, Fruits and vegetables based foods, ,, Canned foods, ,, Cereals and potatoes, ,, Seeds, ,, Vegetables based foods, ,, Canned plant-based foods, ,, Cereals and their products, ,, Canned vegetables, ,, Cereal grains, ,, Corn, ,, Canned cereals, ,, Sweet corn, ,, Canned corn, ,, Canned sweet corn",,,,France,,,,,B,,A,,,,low,low,low,moderate,447.0,107.0,1.5,0.2,18.8,3.4,3.3,2.8,0.45,0.18,,,1,3,2,,0,,2,1,1,0
https://world.openfoodfacts.org/product/3263856414316/lait-bio-demi-ecreme-franprix,3263856414316,Lait BIO demi-écrémé – Franprix – 1 L,1 L,"Plastic, ,, Bottle",Franprix,"Dairies, ,, Milks, ,, Homogenized milks, ,, Semi-skimmed milks, ,, UHT Milks, ,, Organic semi-skimmed milks","Organic, ,, EU Organic, ,, AB Agriculture Biologique",,,France,French: Lait demi-écrémé stérilisé UHT issu de l'agriculture biologique.,Milk,,1,B,1,B,True,True,no,low,low,low,low,192.0,46.0,1.5,1.0,4.8,4.8,0.0,3.2,0.13,0.052,,,-1,6,7,3,3,0,0,7,0,0
https://world.openfoodfacts.org/product/3336374001754/gambas-cuites-30-40-400-g-delpierre,3336374001754,Gambas cuites 30/40 400 g – Delpierre – 400 g,400 g,Protective gas,Delpierre,"Seafood, ,, Crustaceans, ,, Shrimps, ,, Prawns","Responsible aquaculture, ,, Responsible aquaculture ASC",,Transformé en France,France,"French: Crevettes , sel, antioxydant : E223 ( sulfites ), acidifiant : E330
Contient : Crustacés , sulfites .","Crustaceans, Sulphur dioxide and sulphites",,4,B,3,E,True,False,no,low,low,low,high,368.0,88.0,0.8,0.0,0.0,0.0,0.0,22.0,1.8,0.72,,,2,9,7,1,0,0,8,7,0,0
https://world.openfoodfacts.org/product/8017596104755/latte-alta-digeribilita-eurospin,8017596104755,Latte alta digeribilità – Eurospin – 500ml,500ml,it:bottiglia pet,"Eurospin, ,, Land","Dairies, ,, Milks",No lactose,,,Italy,lactose,Milk,,1,B,4,D,True,True,no,low,low,low,low,142.0,34.0,0.1,0.0,4.9,4.9,,3.3,0.1,0.04,,,-2,5,7,2,3,0,0,7,0,0
https://world.openfoodfacts.org/product/5052449924398/british-cold-pressed-rapeseed-oil-asda,5052449924398,British Cold-Pressed Rapeseed Oil – Asda – 500 ml,500 ml,,Asda,"Plant-based foods and beverages, ,, Plant-based foods, ,, Fats, ,, Vegetable fats, ,, Vegetable oils, ,, Rapeseed oils, ,, Cold pressed rapeseed oil",,,,United Kingdom,cold pressed rapeseed oil,,,1,B,2,C,True,True,yes,high,high,low,low,3464.0,828.0,92.0,6.1,0.0,0.0,,0.0,0.0,0.0,,,1,1,0,,0,,0,0,0,0
https://world.openfoodfacts.org/product/8000070022225/tierra-for-planet-lavazza,8000070022225,Tierra - For Planet – Lavazza – 180g,180g,,Lavazza,"Plant-based foods and beverages, ,, Plant-based foods, ,, Coffees, ,, Arabica coffees, ,, Ground coffees, ,, Arabica ground coffees","Organic, ,, EU Organic, ,, Sustainable farming, ,, Green Dot, ,, IT-BIO-009, ,, Made in Italy, ,, Rainforest Alliance, ,, Triman, ,, WELL, ,, Handpicked-coffee, ,, Responsible-package",Non European Union,,"Italy, ,, United Kingdom",coffee 100%,,,1,B,1,D,True,True,yes,,,,,796.918,190.0,6.513,,20.175,,10.755,6.7,0.095,,,0.0,-2,10,12,10,0,0,0,7,5,0
https://world.openfoodfacts.org/product/4056489576587/lasana-verduras-lidl,4056489576587,Lasaña verduras – Lidl – 350 g,350 g,,Lidl,"Meals, ,, Pasta dishes, ,, Prepared lasagne, ,, Vegetable lasagnas, ,, Vegetarian lasagne",,,,Spain,"Spanish: 50% relleno: tomate, cebolla, calabacín frito (calabacín, aceite de girasol), espinacas, setas (setas, agua, sal, reguladores de acidez: ácido cítrico, ácido ascórbico), agua, aceite de oliva, almidón de arroz,  azúcar,  queso parmesano (leche pasteurizada,  fermentos lácticos,  cuajo,  sal), pesto (aceite de oliva, albahaca,  aceite de girasol, anacardo , queso grana Padano [ leche , sal, cuajo, lisozima ( huevo )], sal, piñones , ajo deshidratado, aromas naturales,  corrector de acidez: ácido láctico; antioxidante: ácido ascórbico), sal, caldo de vegetales (concentrado de vegetales [zanahoria, cebolla, apio , puerro], agua, maltodextrina,  sal, aceite de girasol,  glucosa,  emulgente: monoglicéridos y diglicéridos de ácidos grasos; especias [nuez moscada,  estragón,  laurel, pimienta negra, tomillo, cebolla]), pimienta blanca.  31% bechamel: agua,  leche en polvo, mantequilla sin sal, harina de trigo , sal, nuez moscada,  pimienta blanca.  13% pasta: sémola de trigo duro, huevo , agua. 6% quesos: leche pasteurizada,  sal, fermentos lácticos, cuajo.","Celery, Eggs, Gluten, Milk, Nuts",,80,B,4,C,,,no,moderate,moderate,low,moderate,619.0,148.0,8.1,4.2,12.1,2.6,,5.4,0.96,0.384,,,2,9,7,1,0,4,4,2,0,5
https://world.openfoodfacts.org/product/4056489005186/decaf-blend-bellarom,4056489005186,Decaf Blend – Bellarom – 227 g,227 g,,Bellarom,"Plant-based foods and beverages, ,, Plant-based foods, ,, Coffees, ,, Arabica coffees, ,, Decaffeinated coffees, ,, Ground coffees, ,, Arabica ground coffees",,,,United Kingdom,Roasted ground decaffeinated coffee.,,,1,B,1,,True,True,yes,,,,,,,,,,,,,,,,,0,0,0,0,0,0,0,0,0,0
https://world.openfoodfacts.org/product/5000128967259/white-toastie-coop-bakery,5000128967259,WHITE TOASTIE – COOP BAKERY – 800 g,800 g,MixedPlasticFilm-bag,COOP BAKERY,"Plant-based foods and beverages, ,, Plant-based foods, ,, Cereals and potatoes, ,, Breads, ,, Sliced breads, ,, White breads","Vegetarian, ,, Vegan",,,United Kingdom,"Fortified Wheat Flour ( Wheat Flour , Calcium carbonate, Iron. Niacin, Thiamin), Water, Yeast, Salt, Vegetabie Oi {Rapeseed, Palm), Spirit Vinegar, Emulsifiers (Mono - and diacetyl tartaric acid esters of mono - and diglycerides of fatty acids - Vegetable, Sodium stearoyl-2-lactylate - Vegetable, Mono - and diglycerides of fatty acids - Vegetable), Soya Flour , Preservative (Calcium propionate), Flour Treatment Agent (Ascorbic acid).","Gluten, Soybeans",,25,B,4,B,False,True,yes,low,low,low,moderate,506.0,121.0,1.3,0.4,23.0,0.0,0.9,4.5,0.4125,0.165,,,2,3,1,1,0,0,2,1,0,0
https://world.openfoodfacts.org/product/3245413730169/fumet-saveur-poisson-carrefour,3245413730169,Fumet saveur poisson – Carrefour – 90 g,90 g,"Metal, ,, Box",Carrefour,"Dried products, ,, Dried products to be rehydrated, ,, Broths, ,, Dehydrated broths, ,, Bouillon cubes, ,, Groceries, ,, fr:Fumets de poisson","Green Dot, ,, Made in France, ,, Nutriscore, ,, Nutriscore Grade B",,France,France,"French: Maltodextrine, sel, poudre de cabillaud ( poisson ) 3,6%, fécule de pomme de terre, extrait de levure, arôme (contient poisson ) 2,8 %, arôme naturel de vin blanc, huile de colza, oignon, arôme naturel, poivre blanc, thym, laurier.
Peut contenir des traces de céréales contenant du gluten , crustacés , œufs , soja , lait , céleri , mollusques .",Fish,"Celery, Crustaceans, Eggs, Gluten, Milk, Molluscs, Soybeans",13,B,4,,True,False,no,low,low,low,moderate,29.0,7.0,0.5,0.1,1.2,0.5,0.5,0.5,0.47,0.188,,,2,2,0,0,0,0,2,0,0,0
https://world.openfoodfacts.org/product/3560070687114/frites-carrefour,3560070687114,Frites – Carrefour – 1 kg,1 kg,,Carrefour,"Chips and fries, ,, Frozen foods, ,, Frozen fried potatoes, ,, Fries, ,, Frozen French fries to deep-fry, ,, Frozen fries","Green Dot, ,, Made in Belgium, ,, With Sunflower oil",Ces frites sont fabriquées en Belgique à partir de pommes de terre cultivées en Union Européenne et d'huile de tournesol issue de diverses origines.,,"France, ,, Italy","potatoes 97%, sunflower oil 3%, dextrose",,,3,B,4,A,True,True,yes,moderate,low,low,low,560.0,134.0,3.4,0.4,22.0,0.5,2.9,2.3,0.15,0.06,,,1,1,0,1,0,0,0,0,0,0
https://world.openfoodfacts.org/product/4002968031634/tonissteiner-zitrone-fit-privatbrunnen-tonissteiner,4002968031634,Tönissteiner Zitrone Fit – Privatbrunnen Tönissteiner – 33cl,33cl,Can,Privatbrunnen Tönissteiner,"Beverages, ,, Carbonated drinks, ,, Sodas, ,, Unsweetened beverages","No gluten, ,, Vegetarian, ,, Vegan, ,, Green Dot, ,, No colorings",Germany,,"Belgium, ,, France","Dutch: Z TONISSTEINE DIVAT GRUNNEN ZOETMIDDELEN, 11% VRUCHTENSAP Caloriearm BRUISENDE VRUCHTENFRISDRANK sprankelend mineraalwater, citroensap (5,5%), voedingszuur citroenzuur, zoetmiddelen gydamat a aroma's, vitamine C, stabilisatoren johannesbroodpe concentraat). Dit product bevat van nature aanwezige suikers.",,,5,B,3,,True,True,yes,low,low,low,low,17.0,4.0,0.01,0.006,0.7,0.7,,0.06,0.02,0.008,,,1,1,0,0,1,0,0,0,0,0
https://world.openfoodfacts.org/product/4601662000016/%D0%BC%D0%BE%D0%BB%D0%BE%D0%BA%D0%BE-%D1%83%D0%BB%D1%8C%D1%82%D1%80%D0%B0%D0%BF%D0%B0%D1%81%D1%82%D0%B5%D1%80%D0%B8%D0%B7%D0%BE%D0%B2%D0%B0%D0%BD%D0%BD%D0%BE%D0%B5-3-5-parmalat,4601662000016,"Молоко ультрапастеризованное 3,5 % – Parmalat – 1 л",1 л,,Parmalat,"Dairies, ,, Milks, ,, Homogenized milks, ,, UHT Milks, ,, ru:Молоко питьевое ультрапастеризованное, ,, ru:Молоко питьевое с массовой долей жира 3.5 % ультрапастеризованное, ,, ru:Молоко-питьевое-ультрапастеризованное-ультравысокотемпературно-обработанное",,,,Russia,Russian: молоко нормализованное,Milk,,1,B,1,D,True,True,no,moderate,low,low,low,260.0,62.0,3.5,0.0,4.7,0.0,0.0,3.0,0.0,0.0,0.0,,-1,5,6,5,0,0,0,6,0,0
https://world.openfoodfacts.org/product/5410013163602/spa-touch-of-watermelon-kiwi,5410013163602,Spa touch of watermelon kiwi – 50 cl,50 cl,Bottle,SPA,"Beverages, ,, Waters",Green Dot,,,Belgium,"eau minérale naturelle gazéifiée 99,9% (ource marie-henrete, aie naturels de pastèque et de kiwi,/ ingredienten: koolzuurhoudend naturi minerawe 99 9 % (bron: marie-henriette), natuurlijke aroma's van watermeloen en kiw cane f andere toevoegingen en oder",,,8,B,,,False,True,yes,low,low,low,low,0.0,0.0,0.0,0.0,0.0,0.0,,0.0,0.0,0.0,,,0,0,0,0,0,0,0,0,0,0
https://world.openfoodfacts.org/product/3263851869517/haricots-rouges-cuits-franprix,3263851869517,haricots rouges cuits – Franprix – 250 g,250 g,Canned,Franprix,"Plant-based foods and beverages, ,, Plant-based foods, ,, Legumes and their products, ,, Legumes, ,, Seeds, ,, Legume seeds, ,, Pulses, ,, Common beans, ,, Red beans",Nutriscore,,,France,French: Haricots rouges eau sel,,,1,B,,A,False,True,yes,low,low,low,moderate,401.0,96.0,0.7,0.1,12.0,0.5,,7.2,0.44,0.176,,,1,3,2,,0,,2,2,0,0
https://world.openfoodfacts.org/product/4009300501152/manzanilla-100-flores-pompadour,4009300501152,"Manzanilla 100% flores – Pompadour – 27,5 g","27,5 g",,Pompadour,"Beverages and beverages preparations, ,, Plant-based foods and beverages, ,, Beverages, ,, Hot beverages, ,, Plant-based beverages, ,, Beverage preparations, ,, Herbal teas, ,, Herbal tea blends","FSC, ,, FSC Mix, ,, Green Dot, ,, es:Recicla-azul",,,Spain,Spanish: Manzanilla (matricaria chamomilla).,,,2,B,1,A,False,True,yes,,,,,1.5,0.0,0.05,0.05,0.1,0.05,0.05,0.0,0.0,0.0,,,0,0,0,0,0,0,0,0,0,0
https://world.openfoodfacts.org/product/5449000224453/coca-cola-zero-sugar-coke,5449000224453,Coca-Cola Zero Sugar – Coke,,,Coke,"Beverages and beverages preparations, ,, Beverages, ,, Carbonated drinks, ,, Artificially sweetened beverages, ,, Sodas, ,, Diet beverages, ,, Colas, ,, Diet sodas, ,, Diet cola soft drink",,,,Spain,,,,,B,,,,,,low,low,low,low,4.0,1.0,0.0,0.0,0.0,0.0,,0.0,0.02,0.008,,,0,0,0,0,0,0,0,0,0,0
https://world.openfoodfacts.org/product/5010228001388/crispy-french-fries-mccain,5010228001388,Crispy French Fries – McCain – 750g,750g,"LDPE 4 - Low-density polyethylene, ,, Mixed plastic-bag",McCain,"Chips and fries, ,, Frozen foods, ,, Frozen fried potatoes, ,, Fries, ,, Frozen fries","No gluten, ,, Vegetarian, ,, Halal, ,, Kosher, ,, Assured Food Standards, ,, Halal Food Authority, ,, Sephardi Kashrut Autority, ,, With Sunflower oil",United Kingdom,United Kingdom,United Kingdom,"Potatoes (91%), Sunflower Oil (9%).",,,2,B,3,A,True,True,yes,moderate,low,low,low,748.0,179.0,5.4,0.7,28.0,0.0,2.9,2.8,0.0005,0.0002,,,1,2,1,2,0,0,0,1,0,0
https://world.openfoodfacts.org/product/5010251958192/butter-beans-morrisons,5010251958192,Butter Beans – Morrisons – 400 g,400 g,,Morrisons,"Plant-based foods and beverages, ,, Plant-based foods, ,, Fruits and vegetables based foods, ,, Legumes and their products, ,, Canned foods, ,, Legumes, ,, Seeds, ,, Vegetables based foods, ,, Canned plant-based foods, ,, Legume seeds, ,, Vegetables, ,, Canned vegetables, ,, Pulses, ,, Canned legumes, ,, Butter beans, ,, Canned butter beans",,,,United Kingdom,"Butter beans, Water, E509 calcium chloride, ascorbic acid",,,4,B,1,B,True,True,yes,low,low,low,moderate,377.0,89.0,0.5,0.1,13.0,1.1,4.6,5.9,0.3,0.12,,,-3,3,6,,0,,1,2,2,2
https://world.openfoodfacts.org/product/8007150903344/extra-virgin-olive-oil-olitalia,8007150903344,Extra virgin olive oil – Olitalia – 500 ml,500 ml,,Olitalia,"Plant-based foods and beverages, ,, Plant-based foods, ,, Fats, ,, Vegetable fats, ,, Olive tree products, ,, Vegetable oils, ,, Olive oils, ,, Extra-virgin olive oils, ,, Virgin olive oils",,Italy,,"France, ,, Italy",French: Huile d'olive extra,,,1,B,2,C,True,True,yes,high,high,low,low,3426.0,819.0,91.0,14.0,0.0,0.0,0.0,0.0,0.0,0.0,,,0,5,5,,0,,0,0,0,5
https://world.openfoodfacts.org/product/7613404311240/bifidus-migros,7613404311240,Bifidus – Migros – 150g,150g,,Migros,"Dairies, ,, Fermented foods, ,, Fermented milk products, ,, Desserts, ,, Dairy desserts, ,, Fermented dairy desserts, ,, Yogurts, ,, Bifidus yogurts",,,,"Germany, ,, Switzerland","German: Milch (CH), Milchproteine, Nahrungsfasern (Inulin, Oligofructose) 1%. Mit selektionierten Milchsäurebakterien Bifidobacterium. MIC put doux avec fibres alimentaires végétales, 3,5% de matière grasse dans la partie lactique. gedients: lait (CH), protéines du lait, fibres alimentaires (inuline, guctose) 1%. Avec ferments lactiques sélectionnés Bifidobacterium Eine abwechslungsreiche und ausgewogene Ernährung und eine gesunde Lebensweise sind wichtig für unsere Gesundheit. Bifidobacterium lactis HN019 leistet einen Beitrag zu einer normalen Verdauung, indem die Darmpassagezeit verkürzt wird. the alimentation variée et équilibrée et un mode de vie sain Hos contribue à normaliser la digestion, en réduisant st importants pour notre santé. (*) Bifidobacterium lactis transit 150g DISC Migh PAL ZOD 800",Milk,,20,B,4,A,False,True,no,moderate,moderate,low,low,278.0,67.0,3.5,2.0,3.7,3.7,1.1,4.5,0.1,0.04,,,1,2,1,0,1,1,0,1,0,0
https://world.openfoodfacts.org/product/9341650000899/almond-milk-unsweetened-vitasoy,9341650000899,almond MILK Unsweetened – Vitasoy – 1 litre,1 litre,,Vitasoy,"Beverages and beverages preparations, ,, Plant-based foods and beverages, ,, Beverages, ,, Plant-based foods, ,, Dairy substitutes, ,, Milk substitutes, ,, Nuts and their products, ,, Plant-based beverages, ,, Plant-based milk alternatives, ,, Nut-based drinks, ,, Almond-based drinks","Health Star Rating, ,, Health Star Rating 4, ,, No added sugar",,,"Australia, ,, France, ,, New Zealand","filtered water, whole almonds (min,3,8%), mineral (calcium phosphate), emulsifier (sunflower lecithin), sea salt, natural flavour, vegetable gum (gellan)",Nuts,,10,B,4,B,True,,maybe,moderate,low,low,low,105.0,25.0,2.2,0.32,0.32,0.12,1.0,0.72,0.108,0.0432,,,2,2,0,2,0,0,0,0,0,0
https://world.openfoodfacts.org/product/0046000283241/thick-n-chunky-salsa-old-el-paso,0046000283241,Thick 'n' Chunky Salsa – Old El Paso – 226 g,226 g,"Glass jar, ,, Glass-jar",Old El Paso,"Condiments, ,, Sauces, ,, Dips, ,, Groceries","Vegetarian, ,, Made in Spain",,,United Kingdom,"chopped tomatoes (64%), onions (17%), green peppers (11%), tomato paste, salt, vinegar, sugar, lemon juice concentrate, chili pepper (0.4%), dried jalapeño, garlic powder, natural flavouring, acidity regulator (citric acid), firming agent (calcium chloride), modified com starch.",,,17,B,4,,True,True,yes,low,low,low,moderate,142.0,34.0,0.5,0.0,6.4,4.2,1.5,1.3,1.19,0.476,,,1,6,5,0,1,0,5,0,0,5
https://world.openfoodfacts.org/product/3245390154408/pruneaux-d-agen-carrefour,3245390154408,Pruneaux d'Agen – Carrefour – 500 g,500 g,,"Carrefour, ,, Reflets De France","Plant-based foods and beverages, ,, Plant-based foods, ,, Fruits and vegetables based foods, ,, Fruits based foods, ,, Dried products, ,, Fruits, ,, Dried plant-based foods, ,, Dried fruits, ,, French fruits, ,, Dried prunes, ,, fr:Pruneaux d'Agen","No preservatives, ,, Green Dot, ,, PGI",Origine France,,France,French: Pruneaux d'Agen (IGP).,,,1,B,1,,True,True,yes,low,low,high,low,1025.0,242.0,0.0,0.0,54.0,34.0,7.5,1.8,0.0,0.0,,,2,12,10,3,9,0,0,,5,5
https://world.openfoodfacts.org/product/3268651004885/carola-citron-vert,3268651004885,Carola Citron Vert,,,Carola,"Beverages and beverages preparations, ,, Beverages, ,, Waters, ,, Flavored waters",,,,France,"French: Eau de source carola gazéifié 99,9%, arômes naturels de citron vert et de citron",,,4,B,4,,False,True,yes,low,low,low,low,0.0,0.0,0.0,0.0,0.0,0.0,,0.0,0.03,0.012,,,0,0,0,0,0,0,0,0,0,0
https://world.openfoodfacts.org/product/5290093000659/traditional-halloumi-cheese-alambra,5290093000659,Traditional Halloumi Cheese – Alambra – 225 g,225 g,,Alambra,"Dairies, ,, Fermented foods, ,, Fermented milk products, ,, Cheeses, ,, Meat alternatives, ,, Cypriot cheeses, ,, Grilling cheeses, ,, Halloumi",,,,"Australia, ,, Belgium, ,, France","pasteurized cow, sheep and goat's milk, salt, microbial rennet, mint",Milk,,5,B,3,D,True,True,no,high,moderate,low,moderate,1255.0,300.0,24.0,3.8,1.4,0.5,,20.0,0.6925,0.277,,,2,9,7,3,0,3,3,7,0,0
https://world.openfoodfacts.org/product/7610200026880/sardines-m-classic,7610200026880,Sardines – M-Classic – 90 g,90 g,"Paper, ,, Canned","M-Classic, ,, Migros","Seafood, ,, Fishes and their products, ,, Canned foods, ,, Fishes, ,, Fatty fishes, ,, Canned fishes, ,, Sardines, ,, Canned sardines, ,, Sardines in oil, ,, Sardines in olive oil","Sustainable, ,, Sustainable fishery, ,, Green Dot, ,, Sustainable Seafood MSC",Portugal,Portugal,Switzerland,"sardines (Sardina pilchardus), olive oil, cooking salt.",Fish,,6,B,3,D,True,False,no,moderate,moderate,low,moderate,793.0,190.0,12.0,2.5,0.5,0.5,0.5,20.0,0.86,0.344,0.0,,1,8,7,2,0,2,4,7,0,0
https://world.openfoodfacts.org/product/8412900401009/infusion-rooibos-con-vainilla-pompadour,8412900401009,Infusión Rooibos con vainilla – Pompadour – 40 g,40 g,"Paper, ,, Container",Pompadour,"Plant-based foods and beverages, ,, Beverages, ,, Hot beverages, ,, Plant-based beverages, ,, Herbal teas, ,, Rooibos","FSC, ,, FSC Mix, ,, Green Dot, ,, Made in Spain",South Africa,Spain,Spain,"Spanish: Rooibos (Aspalathus linearis), aroma de Vainilla (7%).",,,3,B,4,A,True,,maybe,low,low,low,low,3.0,1.0,0.1,0.1,0.2,0.1,0.1,0.0,0.0,0.0,,,0,0,0,0,0,0,0,0,0,0
https://world.openfoodfacts.org/product/00619400/ready-to-eat-crunchy-carrot-with-houmous-marks-spencer,00619400,Ready to eat crunchy carrot with houmous – Marks & Spencer,,,Marks & Spencer,Snacks,"Vegetarian, ,, Vegan",,,"France, ,, United Kingdom","Carrots (62%). Reduced Fat Houmous (38%). REDUCED FAT HOUMOUS contains Chickpeas Water Tahini (Sesame Seed Paste) Rapeseed Oil, Concentrated Lemon Juice, Extra Virgin Olive Oil, Salt, Garlic.",Sesame seeds,,9,B,3,,True,True,yes,moderate,low,low,moderate,489.0,117.0,7.1,1.1,9.1,4.7,2.5,3.0,0.38,0.152,,,1,4,3,1,1,1,1,1,0,2
https://world.openfoodfacts.org/product/8710438105087/golden-longs-pommes-mccain,8710438105087,Golden Longs Pommes – McCain – 600g,600g,Plastic,McCain,"Frozen foods, ,, Frozen fried potatoes, ,, Chips und Pommes Frites, ,, Gefrorene Pommes, ,, Pommes Frites, ,, Tiefkühl-Pommes, ,, Tiefkühlprodukte","Vegetarian, ,, No gluten, ,, Vegan, ,, European Vegetarian Union, ,, European Vegetarian Union Vegan, ,, Nutriscore, ,, Nutriscore Grade B",,,Germany,"German: Kartoffeln (89%), Knusperpanade (5,5%: modifizierte Stärke, Reismehl, Dextrin, Erbsenfaser, Verdickungsmittel (Xanthan), Erbsenprotein, Farbstoffe (Kurkumin, Paprikaextrakt)), Sonnenblumenöl (4,5%), Salz. N-LABEL INTERNATION V-LABEL.COM VEGAN GLUTENFREI",,,15,B,4,A,True,True,yes,moderate,low,low,moderate,675.0,161.0,4.5,0.5,26.0,0.5,3.0,2.5,0.4,0.16,,0.0,2,3,1,2,0,0,1,1,0,0
https://world.openfoodfacts.org/product/00151344/tomato-and-basil-soup-m-s,00151344,Tomato and Basil Soup – M&S – 600ml,600ml,"Pp-lid, ,, Pp-pot",Marks & Spencers,"Plant-based foods and beverages, ,, Plant-based foods, ,, Fruits and vegetables based foods, ,, Meals, ,, Soups, ,, Vegetable soups","Vegetarian, ,, Vegan",,,"France, ,, Spain, ,, United Kingdom","Tomatoes (45%), Water, Carrots, Tomato Purée, Onions, Cornflour, Sugar, Rapeseed Oil, Balsamic Vinegar, Basil, Salt, Garlic Purée, Ground Black Pepper",,,13,B,3,A,True,True,yes,low,low,low,moderate,138.0,33.0,0.8,0.1,5.0,4.1,1.0,1.0,0.491666666666667,0.196666666666667,,,1,3,2,0,1,0,2,0,0,2
https://world.openfoodfacts.org/product/5050665026209/porridge-oat-burst,5050665026209,Porridge – Oat Burst – 57 g,57 g,,Oat Burst,"Plant-based foods and beverages, ,, Plant-based foods, ,, Breakfasts, ,, Cereals and potatoes, ,, Cereals and their products, ,, Breakfast cereals, ,, Porridge, ,, Instant Porridge",,,,"Ireland, ,, United Kingdom","oat flakes (72%), skimmed milk powder, sugar, Flavourings.",Milk,,4,B,4,D,True,,no,low,low,moderate,low,424.0,101.0,1.52073732718894,0.414746543778802,17.1889400921659,5.39170506912442,,3.77880184331797,0.0449308755760369,0.0179723502304147,,,1,2,1,1,1,0,0,1,0,0
https://world.openfoodfacts.org/product/40879369/tomato-passata-freshona,40879369,Tomato Passata – Freshona – 700g,700g,Glass-bottle,Freshona,"Plant-based foods and beverages, ,, Plant-based foods, ,, Fruits and vegetables based foods, ,, Condiments, ,, Vegetables based foods, ,, Sauces, ,, Tomatoes and their products, ,, Groceries",,,,United Kingdom,"gb ie sieved tomato sata ingredients 99,9% tomatoes, acidity regulator: citric acid",,,3,B,1,,False,True,yes,low,low,low,low,125.0,30.0,0.1,0.0,4.7,4.2,2.0,1.6,0.1,0.04,,,1,1,0,0,1,0,0,0,0,0
https://world.openfoodfacts.org/product/9001372251329/power-horse-original-energy-can,9001372251329,Power horse Original – Energy can – 250ml,250ml,"Metal, ,, Recyclable Metals, ,, Aluminium, ,, Can, ,, Drink can",Energy can,"Beverages, ,, Energy drinks, ,, fr:500",fr:Fatima,,,"Morocco, ,, Tunisia",French: المعلومات الغذائية لكل 100 مل: طاقة 48 كيلو كالوري/ 203 كيلو جول، بروتين 0.0 غير دهون 0.0 غم، كربوهيدرات 11 غم، تاورين 0.4 في كافيين 32.0 ملغ، ثلاثي سترات الصونيوم 260 ملغ نیاسین 8.0 ملغ، فيتامين ب 6 2.0 ملغ، حمض البانتوب 2.0 ملغ، ریبوفلافين 0.06 ملغ، فيتامين ب 12 2.0 ميكروغ المكونات: ماء مكربن، سکروز، جلوكوز، منظمات الحرفة (حمض الستريك E330 ثلاثی سترات الصوديوم 1 تاورین (حلال)، نكهة اصطناعية (توتي - فروتی)، کفیل لون الكراميل E150b ، اينوسيتول (20 ملغ / 100مل)، . فيتامينات (نیاسین، ب6،حمض البانتوثنيك، ب12)، حنا ربيوفلافين E101 - میستر,,Nuts,31,B,,,False,True,yes,low,low,low,low,4.0,48.0,0.0,0.0,11.0,0.0,0.0,0.0,0.0,0.0,5.0,0.0,0,0,0,0,0,0,0,0,0,0
https://world.openfoodfacts.org/product/3250392791322/sainte-marguerite,3250392791322,Sainte Marguerite,,Bottle,"Marguerite, ,, Sainte marguerite","Beverages, ,, Waters, ,, Flavored waters, ,, Unsweetened flavored waters","Low or no sugar, ,, No sugar",,,France,"French: Eau minérale naturelle gazeuse (source Vernet) 99,5%, arôme naturel de citron avec autres arômes naturels",,,4,B,4,,False,True,yes,low,low,low,low,0.0,0.0,0.0,0.0,0.0,0.0,,0.0,0.08,0.032,,,0,0,0,0,0,0,0,0,0,0
https://world.openfoodfacts.org/product/8019730079400/snack-con-legumi-biologici-non-fritti-md,8019730079400,Snack con legumi biologici non fritti – MD – 100,100,it:RACCOLTA DIFFERENZIATA PLASTICA INVOLUCRO PP5 SEGUI LE REGOLE DEL TUO COMUNE calar,"MD, ,, Bio+","Snacks, ,, Salty snacks","No gluten, ,, Organic, ,, EU Organic, ,, IT-BIO-014",,,Italy,"corn 57.4%, legumes 30%, vegetable oils, pea protein, sea salt, natural olive flavor",,"Milk, Soybeans",8,B,4,,True,True,yes,moderate,moderate,low,moderate,1765.0,422.0,10.5,1.5,64.8,1.1,6.8,13.7,0.9,0.36,,,1,10,9,5,0,1,4,5,4,0
https://world.openfoodfacts.org/product/01642612/cannellini-beans-sainsbury-s,01642612,Cannellini beans – Sainsbury's,,,Sainsbury's,"Plant-based foods and beverages, ,, Plant-based foods, ,, Legumes and their products, ,, Legumes, ,, Seeds, ,, Legume seeds, ,, Pulses, ,, Common beans, ,, White beans","Organic, ,, Source of proteins, ,, High proteins, ,, Soil Association Organic",,,United Kingdom,"Organic Cannellini Beans, Water",,,2,B,1,,True,True,yes,low,low,low,low,389.0,93.0,0.9,0.2,11.1,0.5,,6.9,0.02,0.008,,,-1,3,4,,0,,0,2,0,2
https://world.openfoodfacts.org/product/4337185864056/reiswaffeln-ohne-salz-k-bio,4337185864056,Reiswaffeln ohne Salz – K-Bio – 130g,130g,Plastic,K-Bio,"Plant-based foods and beverages, ,, Plant-based foods, ,, Cereals and potatoes, ,, Seeds, ,, Cereals and their products, ,, Cereal grains, ,, Rices, ,, Puffed cereal cakes, ,, Puffed rice cakes, ,, Getreidekörner, ,, Pflanzliche-lebensmittel-und-getränke","Organic, ,, Vegetarian, ,, EU Organic, ,, Vegan, ,, EG-Öko-Verordnung, ,, European Vegetarian Union, ,, European Vegetarian Union Vegan, ,, NL-BIO-01, ,, Nutriscore, ,, Nutriscore Grade A",,,"Germany, ,, Ireland","average nutritional values energy value fat per 100 g 1625 kj/ 384 kcal 3.3 g 0.7 g 78 g 0.6 g 3.5 g 8.6 g 0.01 g rm* adult 8400 kj/ 2000 kcal 70 g 20 g 260 g 90 g 50 g 69 quantity for an average adult package contains 20 waffles à approx, 6.5 g 2000 kcal) ********* our satisfaction guarantee! *o quality is guaranteed we are satisfied or money back",Sesame seeds,"Milk, Soybeans",3,B,1,B,False,True,yes,moderate,low,low,low,1602.0,383.0,3.8,0.8,77.0,0.6,3.7,8.9,0.01,0.004,,,-2,2,4,,0,,0,3,1,0
https://world.openfoodfacts.org/product/5601252115983/olive-oil-gallo,5601252115983,Olive Oil – Gallo – 750 ml,750 ml,Glass,Gallo,"Plant-based foods and beverages, ,, Plant-based foods, ,, Fats, ,, Vegetable fats, ,, Olive tree products, ,, Vegetable oils, ,, Olive oils",,,,Poland,olive oil,,,1,B,2,D,True,True,yes,high,high,low,low,3426.0,819.0,91.0,15.0,0.0,0.0,0.0,0.0,0.0,0.0,,,1,6,5,,0,,0,0,0,5
https://world.openfoodfacts.org/product/8003170022409/riso-basmati-conad,8003170022409,Riso basmati – Conad – 500 g,500 g,,Conad,"Plant-based foods and beverages, ,, Plant-based foods, ,, Cereals and potatoes, ,, Seeds, ,, Cereals and their products, ,, Cereal grains, ,, Rices, ,, Aromatic rices, ,, Indica rices, ,, Long grain rices, ,, Basmati rices",,,,Italy,Italian: Riso lungo B Basmati,,,1,B,,E,False,True,yes,low,low,low,low,1520.9,358.0,1.1,0.3,78.0,0.2,1.0,8.6,0.01,0.004,,0.0,0,3,3,,0,,0,3,0,0
https://world.openfoodfacts.org/product/4305615662862/mandel-drink-rossmann,4305615662862,Mandel Drink – Rossmann – 1l,1l,,"Rossmann, ,, ener Bio, ,, enerBio - Rossmann","Beverages and beverages preparations, ,, Plant-based foods and beverages, ,, Beverages, ,, Dairy substitutes, ,, Milk substitutes, ,, Alimentos de origen vegetal, ,, Alimentos y bebidas de origen vegetal, ,, Bebidas, ,, Bebidas de origen vegetal, ,, Bebidas vegetales, ,, Bebidas y preparaciones de bebidas, ,, Frutos de cáscara y derivados, ,, Leche de almendras natural sin edulcorar, ,, Leches de almendras, ,, Leches de frutos de cáscara, ,, Pflanzliche Lebensmittel und Getränke, ,, Sustitutos de la leche","No gluten, ,, Organic, ,, Vegetarian, ,, EU Organic, ,, Vegan, ,, EG-Öko-Verordnung, ,, Naturland, ,, No added sugar, ,, No lactose",,,"Germany, ,, Spain","German: Wasser, 7 % Mandeln*, Meersalz. Laktosegehalt unter 0,1 g/100 ml. aus kontrolliert biologischem Anbau ** von Natur aus vegan, laktosefrei und glutenfrei Durchschnittliche pro Nährwerte 100 ml Energie 143 kJ/35 kcal Fett 3,3 g davon gesättigte Fettsäuren 0,3 g einfach ungesättigte Fettsäuren 2,2 g mehrfach ungesättigte Fettsäuren 0,8 g Kohlenhydrate <0,5 g davon Zucker Og Ballaststoffe 0,7 g Eiweiß 1,1 g Salz 0,14 g Nach dem Öffnen im Kühlschrank aufbewahren und innerhalb von 4-5 Tagen verbrauchen. Bewusst nachhaltig Unser Produkt Hergestellt mit Ökostrom Unsere Verpackung Verpackung ist recyclingfähig Trocken lagern und vor Wärme schützen.",Nuts,,8,B,,,False,True,yes,moderate,low,low,low,146.0,35.0,3.3,0.3,0.5,0.5,,1.1,0.14,0.056,,,2,2,0,2,0,0,0,0,0,0
https://world.openfoodfacts.org/product/4316268510738/las-cuarenta-original-spanisches-natives-olivenol-extre,4316268510738,Las Cuarenta Original Spanisches Natives Olivenöl Extre – 500 ml,500 ml,"Glass, ,, Green Glass",Las Cuarenta,"Plant-based foods and beverages, ,, Plant-based foods, ,, Fats, ,, Vegetable fats, ,, Olive tree products, ,, Vegetable oils, ,, Olive oils, ,, Olive oils from Spain, ,, Extra-virgin olive oils, ,, Virgin olive oils",,,,Germany,"German: Spanisches Natives Olivenöl extra, erste Güteklasse - direkt aus Oliven ausschließlich mit mechanischen Verfahren gewonnen",,,3,B,,C,False,True,yes,high,high,low,low,3382.0,823.0,91.4,12.8,0.0,0.0,,0.0,0.0,0.0,,,-1,4,5,,0,,0,0,0,5
https://world.openfoodfacts.org/product/4311501474440/joghurt-3-8-edeka,4311501474440,Joghurt 3.8 % – Edeka,,,"Edeka, ,, Edeka Bio","Dairies, ,, Fermented foods, ,, Fermented milk products, ,, Desserts, ,, Dairy desserts, ,, Fermented dairy desserts, ,, Yogurts","Organic, ,, EU Organic, ,, EG-Öko-Verordnung",,,Germany,,,,,B,,A,,,,moderate,moderate,low,low,313.0,75.0,3.8,2.5,4.4,4.4,,4.9,0.15,0.06,,,1,3,2,0,1,2,0,2,0,0
https://world.openfoodfacts.org/product/3061430009169/baby-carottes-a-croquer-sauce-ciboulette-la-ferme-a-jules,3061430009169,Baby Carottes à croquer sauce ciboulette – La Ferme à Jules – 200 g,200 g,"Plastic, ,, Bag, ,, Individual dose","La Ferme à Jules, ,, Les Crudettes","Plant-based foods and beverages, ,, Plant-based foods, ,, Meals, ,, Prepared vegetables","No preservatives, ,, Grown in France, ,, No additives",France,France,France,"French: Baby carottes lavées* (87,5%) prêtes à consommer, sauce yaourt ciboulette (12,5%) : eau, lait fermenté au lait entier (20%) ( lait entier , protéines de lait , ferments lactiques (contient du lait )), huile de colza, sucre, vinaigre d'alcool, amidon modifié de pommes de terre, ciboulette (2,5%), jaune d'oeuf , sel, moutarde (eau, graines de moutarde , vinaigre, sel), ail, épaississants : E415, E412.","Eggs, Milk, Mustard",,24,B,4,,True,True,no,low,low,low,moderate,205.0,49.0,2.46,0.24,7.16,4.53,2.71,0.8,0.3,0.12,,,2,2,0,0,1,0,1,0,0,0
https://world.openfoodfacts.org/product/3173980040018/lait-ecreme-laiterie-cooperative-vernueil-en-touraine,3173980040018,Lait écrémé – Laiterie coopérative vernueil en touraine – 1 L,1 L,"Tetra Pak, ,, Bottle, ,, fr:Brique en carton",Laiterie coopérative vernueil en touraine,"Dairies, ,, Milks, ,, Homogenized milks, ,, UHT Milks, ,, Skimmed milks, ,, UHT Skimmed milks","French milk, ,, FSC, ,, FSC Mix, ,, Green Dot, ,, Made in France, ,, Triman",,France,France,,,,,B,,C,,,,low,low,low,low,154.0,37.0,0.0,0.0,4.8,4.8,0.0,3.2,0.1,0.04,,,-1,6,7,3,3,0,0,7,0,0
https://world.openfoodfacts.org/product/3228470001106/l-or-absolu,3228470001106,L'or Absolu – 500 g (2 x 250 g),500 g (2 x 250 g),,"L'Or, ,, Maison du Café","Plant-based foods and beverages, ,, Plant-based foods, ,, Coffees, ,, Arabica coffees, ,, Ground coffees, ,, Arabica ground coffees",100% arabica,"Brazil, ,, Colombia",,France,French: CAFÉ MOULU,,,1,B,1,,True,True,yes,,,,,4.0,1.0,0.0,0.0,0.3,0.0,,0.2,0.0,0.0,,,0,0,0,0,0,0,0,0,0,0
https://world.openfoodfacts.org/product/3270160601073/paves-de-boeuf-marines-aux-3-poivres-picard,3270160601073,Pavés de bœuf marinés aux 3 poivres – Picard – 300 g,300 g,"Cardboard, ,, Frozen",Picard,"Meats and their products, ,, Beef and its products, ,, Frozen foods, ,, Meats, ,, Beef, ,, Frozen meats, ,, Frozen meat preparations","French meat, ,, French beef",France,France,France,Traces: Eggs,,Eggs,,B,,,,,,moderate,low,low,moderate,481.0,115.0,3.1,0.9,0.8,0.5,0.5,21.0,0.4425,0.177,,,1,3,2,1,0,0,2,2,0,0
https://world.openfoodfacts.org/product/3350031491429/huile-4-graines-monoprix,3350031491429,Huile 4 Graines – Monoprix – 1 l.,1 l.,"Plastic, ,, Bottle",Monoprix,"Plant-based foods and beverages, ,, Plant-based foods, ,, Fats, ,, Vegetable fats, ,, Vegetable oils",,,,France,French: Huile de colza - huile de tournesol à haute teneur en acide oléique - huile de tournesol - huile de pépins de raisin - vitamine D.,,,5,B,2,,True,True,yes,high,high,low,low,3404.0,828.0,92.0,7.4,0.0,0.0,0.0,0.0,0.0,0.0,,,2,2,0,,0,,0,0,0,0
https://world.openfoodfacts.org/product/5411788034265/galettes-de-riz-au-quinoa-lima,5411788034265,Galettes de riz au quinoa – Lima – 100g,100g,Plastic,Lima,"Snacks, ,, Sweet snacks, ,, Biscuits and cakes, ,, Pastries, ,, Waffles","Vegetarian, ,, No gluten, ,, Organic, ,, EU Organic, ,, Source of fibre, ,, Vegan, ,, BE-BIO-01, ,, BE-BIO-02, ,, Certified by Certisys, ,, AB Agriculture Biologique",,,"France, ,, Germany, ,, Netherlands","Wholegrain rice*, quinoa* 5%, sea salt. (*=organically grown)","Milk, Sesame seeds","Milk, Sesame seeds, Soybeans",2,B,,A,False,True,yes,moderate,low,low,moderate,1646.0,389.0,3.1,1.0,80.0,2.0,3.4,8.8,0.35052,0.140208,,,1,5,4,4,0,0,1,3,1,0
https://world.openfoodfacts.org/product/7613033132599/maggi-papillotes-cotes-de-porc-barbecue-28g-nestle,7613033132599,MAGGI Papillotes Côtes de Porc Barbecue 28g – Nestlé – 28 g,28 g,"Metal, ,, Recyclable Metals, ,, Aluminium, ,, Bag, ,, Box, ,, Vacuum-packed","Nestlé, ,, Maggi","Dried products, ,, Cooking helpers, ,, Dried products to be rehydrated, ,, Broths, ,, Dehydrated broths, ,, Groceries","No preservatives, ,, Green Dot, ,, No colorings, ,, No flavour enhancer, ,, No MSG, ,, Nutriscore, ,, Nutriscore Grade C, ,, Triman",,,"France, ,, Réunion","French: Aromates 18.8% (paprika 6.8%, ail 6%, gingembre, coriandre, cumin, chili, cannelle, carvi, marjolaine, raifort, basilic, poivre noir, piment de Cayenne), sel, sucre, fécule de maïs, pomme de terre, préparation à base de miel* (miel 3.2%, fécule de maïs), colorant : caramel ordinaire ; oignon 3.1%, arômes ( BLÉ ), extrait de levure, graisse de palme, jus de citron concentré. *miel destiné à l'industrie. Peut contenir: CÉLERI , ŒUFS , MOUTARDE , SOJA , LAIT .","Gluten, Milk, Mustard","Celery, Eggs, Milk, Mustard, Soybeans",30,B,4,,False,True,no,moderate,moderate,low,moderate,713.0,171.0,9.0,3.6,3.1,1.3,0.5,19.2,0.84,0.336,,,2,9,7,2,0,3,4,7,0,0
https://world.openfoodfacts.org/product/8005658008073/tagliatelle-aux-oeufs-l-italie-des-pates,8005658008073,Tagliatelle aux œufs – L'Italie des Pâtes – 250 g,250 g,"fr:1 barquette en plastique à recycler
1 film en plastique à recycler",L'Italie des Pâtes,"Plant-based foods and beverages, ,, Plant-based foods, ,, Cereals and potatoes, ,, Cereals and their products, ,, Fresh foods, ,, Pastas, ,, Noodles, ,, Egg pastas, ,, Fresh pasta, ,, Egg noodles, ,, Egg tagliatelle, ,, Tagliatelle, ,, fr:Tagliatelles fraîches","Nutriscore, ,, Nutriscore Grade A, ,, Triman, ,, fr:Eco-emballages, ,, fr:Produits-et-emballes-en-italie, ,, fr:Œufs de poules élevées au sol",,,France,"French: Semoule de BLÉ dur 70%, ŒUFS (poules élevées au sol) 23%, eau.

Allergènes présents dans l'usine : MOLLUSQUES , SOJA , MOUTARDE .","Eggs, Gluten, Molluscs, Mustard, Soybeans","Celery, Crustaceans, Fish, Milk, Molluscs, Nuts",7,B,1,,False,True,no,moderate,low,moderate,low,1227.0,266.0,3.1,1.0,48.0,11.2,,11.0,0.12,0.048,,,2,6,4,3,3,0,0,4,0,0
https://world.openfoodfacts.org/product/8437013916264/peanut-butter-atmeller-origen,8437013916264,Peanut butter – Atmeller Origen – 500 g,500 g,"Plastic, ,, Glass, ,, Paper",Atmeller Origen,"Plant-based foods and beverages, ,, Plant-based foods, ,, Legumes and their products, ,, Spreads, ,, Plant-based spreads, ,, Oilseed purees, ,, Legume butters, ,, Peanut butters",No added sugar,Spain,Spain,Spain,Spanish: 100% Cacahuetes TOSTADOS.,Peanuts,"Nuts, Almendra",1,B,1,D,True,True,yes,high,high,low,low,2431.0,581.0,49.2,9.8,5.5,1.5,,28.6,0.025,0.01,,,-2,5,7,,0,,0,7,0,0
https://world.openfoodfacts.org/product/5900909000024/ekland-raspberry-instant-tea,5900909000024,Ekland - Raspberry Instant Tea,,,,"Beverages and beverages preparations, ,, Plant-based foods and beverages, ,, Beverages, ,, Hot beverages, ,, Plant-based beverages, ,, Teas, ,, Tea-based beverages, ,, Iced teas",,,,France,"sugar, dextrose, acidity regulator-citric acid, black tea extract (0,5%), raspberry juice (0,5%) from dried raspberry juice, hibiscus extract, flavouring, vitamin",,,9,B,4,A,True,True,yes,,,,,29.0,7.0,0.0,0.0,19.0,0.0,0.0,0.0,0.0,0.0,,,0,0,0,0,0,0,0,0,0,0
https://world.openfoodfacts.org/product/5000112562439/fanta-orange-zero,5000112562439,Fanta orange zero,,,Fanta,"Beverages and beverages preparations, ,, Plant-based foods and beverages, ,, Beverages, ,, Plant-based beverages, ,, Carbonated drinks, ,, Fruit-based beverages, ,, Artificially sweetened beverages, ,, Sodas, ,, Fruit sodas, ,, Boissons, ,, Boissons et préparations de boissons, ,, Boissons gazeuses, ,, Boissons light, ,, Boissons édulcorées, ,, Sodas light",,,,"France, ,, Germany",German: Kohlensäure,,,1,B,4,,True,True,yes,low,low,low,low,12.0,3.0,0.0,0.0,0.4,0.3,,0.0,0.01,0.004,,,0,0,0,0,0,0,0,0,0,0
https://world.openfoodfacts.org/product/4316268522441/reines-rapsol-vegola,4316268522441,Reines Rapsöl – Vegola – 1l,1l,Bottle,Vegola,"Plant-based foods and beverages, ,, Plant-based foods, ,, Fats, ,, Vegetable fats, ,, Vegetable oils, ,, Rapeseed oils","Nutriscore, ,, Nutriscore Grade B",,,"Germany, ,, Ireland","German: Rapsöl, raffiniert",,,2,B,2,C,False,True,yes,high,high,low,low,3464.0,828.0,92.0,7.0,0.0,0.0,,0.0,0.0,0.0,,,2,2,0,,0,,0,0,0,0
https://world.openfoodfacts.org/product/3270160749614/anchois-en-tempura-picard,3270160749614,Anchois en tempura – Picard – 300 g,300 g,,Picard,"Seafood, ,, Fishes and their products, ,, Fishes, ,, Fatty fishes, ,, Anchovy, ,, Fish fillets","Omega-3, ,, Pasteurized, ,, High in Omega 3, ,, Nutriscore, ,, Nutriscore Grade B",,,France,"French: Filets d'anchois avec peau ( poissons ) 50% [Engraulis encrasicolus sauvage pêché en Atlantique Nord-Est (FAO 27), Atlantique Centre-Est (FAO 34),  Méditerranée (FAO 37), eau, chapelure 15% [farine de blé gluten), eau,  sel, levure], farine de blé ( gluten ), huile de tournesol, blanc d eut (liquide, pasteurisé), amidon de mais, sel, jus de citron concentre.","Fish, Gluten",,18,B,3,C,False,True,yes,moderate,moderate,low,moderate,882.0,211.0,9.7,1.5,19.0,0.5,0.5,12.0,0.7,0.28,,,2,6,4,2,0,1,3,4,0,0
https://world.openfoodfacts.org/product/8410179018416/huilde-d-olive-vierge-extra-tramier,8410179018416,Huilde d’olive vierge extra – tramier – 1.25 litre,1.25 litre,Plastic,tramier,"Plant-based foods and beverages, ,, Plant-based foods, ,, Fats, ,, Vegetable fats, ,, Olive tree products, ,, Vegetable oils, ,, Olive oils, ,, Extra-virgin olive oils, ,, Virgin olive oils",,Spain,,France,French: Huile d'olive,,,1,B,2,D,True,True,yes,high,high,low,low,3700.0,900.0,100.0,16.0,0.0,0.0,,0.0,0.0,0.0,,,1,6,5,,0,,0,0,0,5
https://world.openfoodfacts.org/product/5010046011583/sweet-corn-green-giant,5010046011583,Sweet Corn – Green Giant,,,Green Giant,"Plant-based foods and beverages, ,, Plant-based foods, ,, Fruits and vegetables based foods, ,, Vegetable-based foods and beverages, ,, Canned foods, ,, Vegetables based foods, ,, Canned plant-based foods, ,, Canned vegetables",,,,United Kingdom,,,,,B,,,,,,low,low,moderate,moderate,322.0,77.0,1.2,0.2,12.6,6.2,3.0,2.4,0.4,0.16,,,2,2,0,0,1,0,1,0,0,0
https://world.openfoodfacts.org/product/4056489249412/hey-envia,4056489249412,Hey – envia – 850 g,850 g,,envia,"Dairies, ,, Fermented foods, ,, Fermented milk products, ,, Desserts, ,, Dairy desserts, ,, Fermented dairy desserts, ,, Yogurts, ,, Saveur fraise","No colorings, ,, Nutriscore, ,, Nutriscore Grade B",,,France,"French: Lait écrémé reconstitué (Origine: Allemagne), 6,4% sucre, 6,3% lactosérum ( lait ), 2,2% crème ( lait (Origine: Allemagne)), arôme naturel, vitamine D, ferments lactique ( lait ).",Milk,,8,B,4,A,True,,no,low,low,moderate,low,254.3,61.0,0.7,0.5,10.3,10.0,0.5,2.9,0.1,0.04,,0.0,1,2,1,0,2,0,0,1,0,0
https://world.openfoodfacts.org/product/5410438045088/lait-demi-ecreme-joyvalle,5410438045088,Lait demi-écrémé – Joyvalle – 1L,1L,,Joyvalle,"Dairies, ,, Milks, ,, Homogenized milks, ,, Semi-skimmed milks, ,, UHT Milks, ,, Organic semi-skimmed milks","Green Dot, ,, Nutriscore, ,, Nutriscore Grade A",Belgium,,Belgium,French: lait demi écrémé,Milk,,1,B,1,C,True,True,no,low,low,low,low,205.0,49.0,1.5,1.0,4.9,4.9,,3.7,0.1275,0.051,,,-1,6,7,3,3,0,0,7,0,0
https://world.openfoodfacts.org/product/00550031/naturally-sweet-sweetcorn-sainsbury-s,00550031,Naturally sweet sweetcorn – Sainsbury's,,Aluminium-tin,Sainsbury's,"Plant-based foods and beverages, ,, Plant-based foods, ,, Fruits and vegetables based foods, ,, Canned foods, ,, Cereals and potatoes, ,, Seeds, ,, Vegetables based foods, ,, Canned plant-based foods, ,, Cereals and their products, ,, Canned vegetables, ,, Cereal grains, ,, Corn, ,, Canned cereals, ,, Sweet corn, ,, Canned corn, ,, Canned sweet corn","Vegetarian, ,, Vegan",,,United Kingdom,,,,,B,,A,,True,yes,low,low,moderate,low,379.0,90.0,1.73333333333333,0.266666666666667,14.4,7.86666666666667,3.2,2.66666666666667,0.0133333333333333,0.00533333333333333,,,1,3,2,,2,,0,1,1,0
https://world.openfoodfacts.org/product/0014113230230/natural-almonds-wonderful,0014113230230,Natural Almonds – Wonderful – 400 g,400 g,"Plastic, ,, Pp-polypropylene",Wonderful,"Plant-based foods and beverages, ,, Plant-based foods, ,, Snacks, ,, Nuts and their products, ,, Nuts, ,, Almonds, ,, Shelled nuts, ,, Shelled almonds, ,, Unsalted almonds",,,,"France, ,, Switzerland",Almonds (100%),"Nuts, Amandes","Nuts, Fruits-a-coque",1,B,1,E,True,True,yes,high,moderate,low,low,2447.0,585.0,49.4,3.7,9.5,3.9,,21.2,0.0,0.0,,,-5,2,7,,1,,0,7,0,0
https://world.openfoodfacts.org/product/0055872025019/partly-skimmed-milk-2-quebon,0055872025019,Partly skimmed milk 2% – Québon – 2 L,2 L,"Bottle, ,, Brick, ,, Cardboard",Québon,"Dairies, ,, Milks, ,, Semi-skimmed milks",,Canada,Canada,"Canada, ,, France","French: Lait partiellement écrémé, palmitate de rétinol, vitamine D3.",Milk,,3,B,1,C,True,,no,low,low,moderate,low,217.0,52.0,2.0,1.2,5.2,5.2,0.0,3.6,0.105,0.042,,,2,9,7,4,4,1,0,7,0,0
https://world.openfoodfacts.org/product/3266191010519/huile-vierge-de-colza-la-vie-claire,3266191010519,Huile vierge de colza – La Vie Claire – 50 cl,50 cl,"Plastic, ,, Glass, ,, Bottle",La Vie Claire,"Plant-based foods and beverages, ,, Plant-based foods, ,, Fats, ,, Vegetable fats, ,, Vegetable oils, ,, Rapeseed oils","Organic, ,, EU Organic, ,, Non-EU Agriculture, ,, EU Agriculture, ,, EU/non-EU Agriculture",,,"France, ,, Réunion",French: Huile vierge de colza,,,1,B,,A,False,True,yes,high,high,low,low,3765.0,900.0,100.0,7.0,0.0,0.0,0.0,0.0,0.0,0.0,,,2,2,0,,0,,0,0,0,0
https://world.openfoodfacts.org/product/3379145018674/soba-eaglobe,3379145018674,Soba – Eaglobe – 300g,300g,"Dry, ,, fr:Sachet plastique","EAGLOBE, ,, Paris Store","Plant-based foods and beverages, ,, Plant-based foods, ,, Cereals and potatoes, ,, Cereals and their products, ,, Pastas, ,, Noodles, ,, Dry pastas, ,, Buckwheat pasta, ,, Soba",,China,Chine,"France, ,, Germany","French: Farine de blé (84 %), Farine de sarrasin (15 %), Sel",Gluten,,3,B,3,,True,True,yes,low,low,low,moderate,1488.0,351.0,1.6,0.5,66.0,1.4,,17.0,1.0,0.4,,,2,8,6,4,0,0,4,6,0,0
https://world.openfoodfacts.org/product/3560070600090/nuggets-de-poulet-carrefour,3560070600090,Nuggets de poulet – Carrefour – 500 g / x20 environ,500 g / x20 environ,"Box, ,, Cardboard, ,, Frozen",Carrefour,"Meats and their products, ,, Meat preparations, ,, Meats, ,, Chicken and its products, ,, Poultries, ,, Chicken preparations, ,, Breaded products, ,, Chickens, ,, Poultry nuggets, ,, Breaded chicken, ,, Chicken nuggets",Made in Germany,Viande de poulet origine UE.,,"France, ,, Spain","French: Filet de poulet 42%, farines ( blé et maïs), eau, huile de colza, sel, biscotte (farine de blé , sel), fibre de pois, gluten de blé , amidon modifié de maïs, amidon de blé , poudre de lait écrémé, poivre, dextrose, poudres à lever : diphosphate disodique et carbonate acide de sodium. Viande de poulet origine UE. Pouvant contenir des traces de moutarde , oeuf , céleri et soja .","Gluten, Milk, Mustard, fr:viande-de-poulet-origine-ue","Celery, Eggs, Mustard, Soybeans",20,B,4,D,True,False,no,moderate,low,low,moderate,755.0,180.0,6.4,1.0,17.0,0.0,1.0,13.0,1.0,0.4,,,1,6,5,2,0,0,4,5,0,0
https://world.openfoodfacts.org/product/3564700768907/frites-pom-curv-marque-repere,3564700768907,Frites Pom'curv – Marque Repère – 600 g,600 g,Bag,"Marque Repère, ,, Pom'Lisse","Chips and fries, ,, Frozen foods, ,, Frozen fried potatoes, ,, Fries, ,, Frozen fries, ,, fr:Frites au four",,,,France,"French: Pommes de terre 90 % ; huile de tournesol 5 % ; farine de riz ; sel ; dextrine de pomme de terre ; poudres à lever : E450, E500 ; stabilisant : gomme xanthane ; dextrose ; extrait d'épices.",,,12,B,4,A,True,True,yes,moderate,low,low,moderate,648.0,127.0,5.1,0.6,24.0,0.5,2.0,2.1,0.4,0.16,,,2,2,0,1,0,0,1,0,0,0
https://world.openfoodfacts.org/product/4008258125007/pekannusskerne-seeberger,4008258125007,Pekannusskerne – Seeberger – 60g,60g,Paper,Seeberger,"Plant-based foods and beverages, ,, Plant-based foods, ,, Nuts and their products, ,, Nuts, ,, Shelled nuts, ,, Pecan nuts, ,, Shelled-pecan-nuts","Vegetarian, ,, Vegan, ,, Green Dot",,,"France, ,, Germany",German: Pekannusskerne,"Nuts, Peanuts","Nuts, Peanuts",1,B,,E,False,True,yes,high,high,low,low,3074.0,746.0,74.0,7.2,5.7,3.7,,11.0,0.01,0.004,,,-1,3,4,,1,,0,4,0,0
https://world.openfoodfacts.org/product/4002968053612/tonissteiner-orange-fit,4002968053612,Tonissteiner orange fit – 1 l,1 l,,Tönissteiner,"Beverages and beverages preparations, ,, Beverages, ,, Artificially sweetened beverages",No colorings,,,"Belgium, ,, France",,,,,B,,,,,,low,low,low,low,22.0,5.0,0.02,0.01,0.9,0.9,,0.07,0.05,0.02,,,1,1,0,0,1,0,0,0,0,0
https://world.openfoodfacts.org/product/4031446850108/erdnusse-gerostet-ohne-salz-xox,4031446850108,Erdnüsse geröstet ohne Salz – XOX – 1000g,1000g,"Plastic, ,, Bag",XOX,"Plant-based foods and beverages, ,, Plant-based foods, ,, Legumes and their products, ,, Legumes, ,, Nuts and their products, ,, Nuts, ,, Roasted nuts, ,, Peanuts, ,, Roasted peanuts","Vegetarian, ,, Vegan",,"Hanomagstraße 28, ,, 31867 Lauenau, ,, Deutschland",Germany,"German: Erdnüsse , Sonnenblumenöl",Peanuts,Nuts,2,B,3,D,True,True,yes,high,high,low,low,2583.0,624.0,52.0,7.8,5.3,4.0,,29.0,0.0,0.0,,,-3,4,7,,1,,0,7,0,0
https://world.openfoodfacts.org/product/8001120891846/uova-medie-fresche-coop,8001120891846,Uova medie fresche – Coop – 6 pcs,6 pcs,,Coop,"Farming products, ,, Eggs, ,, Chicken eggs, ,, Barn chicken eggs","No antibiotics, ,, Fed without GMOs, ,, Chickens raised without antibiotics",Italy,,"France, ,, Italy",Italian: 6 UOVA MEDIE FRESCHE CATEGORIA A DA ALLEVAMENTO A TERRA.,,,1,B,,A,False,True,yes,moderate,moderate,low,moderate,527.0,126.0,8.7,3.2,0.0,0.0,0.0,12.0,0.335,0.134,,,1,5,4,1,0,3,1,4,0,0
https://world.openfoodfacts.org/product/8004225044414/tacchino-arrosto-a-fette-casamodena,8004225044414,Tacchino arrosto a fette – CasaModena – 110 g,110 g,,CasaModena,"Meats and their products, ,, Meats, ,, Prepared meats, ,, Poultries, ,, Turkey and its products, ,, Cooked poultries, ,, Turkeys, ,, fr:Charcuteries cuites, ,, Poultry hams, ,, Cooked turkey breast slices, ,, Roasted turkey meat","No gluten, ,, No lactose",,,Italy,"Italian: carne di tacchino (80%), acqua, sale,aromi, amido modificato, destrosio, stabilizzanti: citrato di potassio, carragenine, antiossidante: ascorbato di sodio, conservante: nitrito di sodio.",,,13,B,4,,True,False,no,low,low,low,high,386.3,91.0,0.7,0.3,1.2,0.2,0.00629,20.0,1.5725,0.629,,0.0,1,8,7,1,0,0,7,7,0,0
https://world.openfoodfacts.org/product/3560071176259/duo-de-poivrons-marines-carrefour,3560071176259,DUO de Poivrons Marinés – Carrefour – 280 g,280 g,Bag,Carrefour,"Plant-based foods and beverages, ,, Plant-based foods, ,, Fruits and vegetables based foods, ,, Canned foods, ,, Vegetables based foods, ,, Canned plant-based foods, ,, Vegetables, ,, Canned vegetables, ,, Sweet peppers, ,, Canned peppers","Green Dot, ,, Nutriscore, ,, Nutriscore Grade A",Ce produit est fabriqué à partir des poivrons rouge et jaune originaires du Pérou.,,"France, ,, Spain","French: Poivron rouge 39%, eau, poivron jaune 26%, vinaigre, sucre, sel, acidifiant : acide citrique, affermissant : chlorure de calcium.",,,10,B,4,A,True,True,yes,low,low,moderate,moderate,126.0,30.0,0.0,0.0,5.8,5.3,2.0,0.7,1.1,0.44,0.0,,1,6,5,0,1,0,5,0,0,5
https://world.openfoodfacts.org/product/8718452136261/halfvolle-melk-jumbo,8718452136261,Halfvolle melk – Jumbo – 1000 ml,1000 ml,"Plastic, ,, Tetra Pak",JUMBO,"Dairies, ,, Milks, ,, Homogenized milks, ,, Semi-skimmed milks, ,, UHT Milks, ,, Cow milks",,,,Netherlands,"semi-skimmed milk, allergens: milk",Milk,,2,B,1,C,False,True,no,low,low,low,low,192.0,46.0,1.6,0.9,4.7,4.7,,3.2,0.0975,0.039,,,-1,6,7,3,3,0,0,7,0,0
https://world.openfoodfacts.org/product/3660088162556/ma-salade-poivrons-petit-epeautre-riz-noir-et-thon-germon-la-belle-iloise,3660088162556,"Ma salade poivrons, petit épeautre, riz noir et thon germon – LA BELLE ILOISE – 165 g",165 g,Canned,LA BELLE ILOISE,"Seafood, ,, Fishes and their products, ,, Fishes, ,, Fatty fishes, ,, Tunas, ,, Albacore, ,, Salads","Triman, ,, Without",,Quiberon,France,"French: Légumes (46%) (fenouil, poivrons rouges rissolés (10%), tomates cerises (9%), tomates mi-séchées, oignons rissolés), thon blanc germon (19%), eau, petit épeautre (7%), riz noir (7%), huile d'olive vierge extra, basilic (2%), vinaigre de vin blanc ( sulfites ), fécule de pomme de terre, sel, extrait de levure, plantes aromatiques, huile de tournesol infusée au basilic (0,18%), épices","Fish, Gluten, Sulphur dioxide and sulphites",None,19,B,3,,True,False,no,moderate,low,low,moderate,588.0,140.0,5.6,0.9,16.0,2.2,0.0,8.0,0.9,0.36,0.0,,1,5,4,1,0,0,4,3,0,1
https://world.openfoodfacts.org/product/7792180007315/paso-5-semillas-molino-canuelas,7792180007315,Paso 5 semillas – Molino Cañuelas – 300 g,300 g,,Molino Cañuelas,"Snacks, ,, Sweet snacks, ,, Biscuits and cakes, ,, Biscuits, ,, Dry biscuits",,,,Argentina,"Spanish: SERVICIO DETENC AL CONSUMIDOn ARG 0-800-333-9547 www.OINOCAHUELAS.Co GALLETIT CEON SESAMO, LINO, QUINOA, CHAWARANTO MATERIA GRASA15% HAR A DETRIGO LEY 256200. ACETE DE GIRASOL ALTO OLEICOA2UCAPSALARABE DEMA EXTRACIO DEMALTA, AUMIDON DE MAIZ SALVADO DE DESESAMO TOSTADO, CHIA LQUINOA, TRIGO PARTIDO AVEMA EUDANTES OUINICOS NSSOBA FOSFATO TMG TRIGO, SEM AMARAN AD ARROLL aiCARBONATO a USONANTE LECTNA DERIVADOS DE CONTENER LECHE n CONTIENE EBADAY CENTENO MENDRAS iHEMAE DETRIGO, HIERRO Hco ADA (13mg AMINA u rIED 63 me/ke) ACIDO FOUCO22mgho.caOFLAVINA 13me/K a VENC. 27 Os 20 L. 310819 23:3, hG",,,18,B,,C,False,True,yes,moderate,low,low,low,548.0,131.0,4.5,0.4,20.0,0.0,0.9,2.7,0.272,0.1088,,,1,2,1,1,0,0,1,1,0,0
https://world.openfoodfacts.org/product/4099200014463/bergbauern-naturjoghurt-zuruck-zum-ursprung,4099200014463,Bergbauern Naturjoghurt – Zurück zum Ursprung – 400g,400g,"Metal, ,, Plastic, ,, Paper, ,, Recyclable Metals, ,, Aluminium, ,, Cardboard, ,, Non-corrugated cardboard, ,, Pp-polypropylene",Zurück zum Ursprung,"Dairies, ,, Fermented foods, ,, Fermented milk products, ,, Desserts, ,, Dairy desserts, ,, Fermented dairy desserts, ,, Yogurts","Low or no sugar, ,, No sugar",Austria,,"Austria, ,, Germany",German: Milch .,Milk,,1,B,1,A,True,True,no,moderate,moderate,low,low,271.0,65.0,3.6,2.3,3.9,3.9,,4.2,0.13,0.052,,,2,3,1,0,1,2,0,1,0,0
https://world.openfoodfacts.org/product/5000128766708/scottish-fresh-semi-skimed-milk-co-op,5000128766708,Scottish Fresh Semi Skimed milk – Co-op,,Hdpe-bottle,Co-op,"Dairies, ,, Milks",Calcium source,,,United Kingdom,Pasteurised homogenised semi-skimmed milk.,,,1,B,,C,False,True,yes,low,low,moderate,low,209.0,50.0,1.7,1.0,5.0,5.0,0.0,3.4,0.1,0.04,,,-1,6,7,3,3,0,0,7,0,0
https://world.openfoodfacts.org/product/3800218834902/vitalis-dr-oetker,3800218834902,Vitalis – Dr. Oetker – 60 g,60 g,,Dr. Oetker,"Plant-based foods and beverages, ,, Plant-based foods, ,, Breakfasts, ,, Cereals and potatoes, ,, Cereals and their products, ,, Breakfast cereals, ,, Chocolate cereals, ,, Porridge, ,, Porridge with chocolate","Rainforest Alliance, ,, Rainforest Alliance Cocoa",,,Bulgaria,"Съставки: 51% ОВЕСЕНИ ядки, пълномаслено мляко на прах, захар, модифицирано картофено нишесте, 6,4% шоколад с 50% цели какаови парченца (захар, какаова маса, нискомаслено какао на прах, какаово масло, емулгатор слънчогледов лецитин), нискомаслено какао на прах, 2,5% семена от чия (Салвия Испаника), сол, емулгатор (COEB лецитин). Може да съдържа ЛЕШНИЦИ.",,Nuts,18,B,,B,False,True,yes,low,low,moderate,low,470.0,112.0,2.9047619047619,1.19047619047619,17.1428571428571,5.23809523809524,2.28571428571429,3.57142857142857,0.0905,0.0362,,,2,3,1,1,1,1,0,1,0,0
https://world.openfoodfacts.org/product/3800048310034/%D0%B4%D0%B7%D0%BF-%D1%8F%D0%B3%D0%BE%D0%B4%D0%B0-danone,3800048310034,ДЗП ягода – Danone – 310 g,310 g,,Danone,bg:Boissons lactées aromatisées sucrées au lait fermenté,"FSC, ,, FSC Mix, ,, Nutriscore, ,, Nutriscore Grade B",,,Bulgaria,"Краве мляко, вода, захар, аромат: ягода, оцветител: кармин, жива закваска: L. bulgaricus, Str. thermophilus.",Milk,,11,B,4,,False,False,no,low,low,moderate,low,246.0,59.0,1.3,0.8,9.9,9.8,0.0,2.1,0.06,0.024,,,2,2,0,0,2,0,0,0,0,0
https://world.openfoodfacts.org/product/3256221128277/coupelles-de-fruits-a-la-peche-x4-260g-u,3256221128277,Coupelles de fruits à la pêche x4 - 260g – U – 260 g,260 g,"Plastic, ,, Pot, ,, Cardboard",U,"Plant-based foods and beverages, ,, Plant-based foods, ,, Fruits and vegetables based foods, ,, Canned foods, ,, Desserts, ,, Canned plant-based foods, ,, Fruits based foods, ,, Canned fruits, ,, Fruits in syrup, ,, Peaches in syrup","Nutriscore, ,, Nutriscore Grade B",pêche Grèce. Sucre europe.,,France,"French: Pêches 57 %, eau, sucre, antioxydant : acide ascorbique, acidifiant : acide citrique",,,7,B,3,A,True,True,maybe,low,low,high,low,289.0,69.0,0.5,0.0,14.0,13.0,3.0,0.5,0.01,0.004,,57.0,2,3,1,0,3,0,0,0,0,1
https://world.openfoodfacts.org/product/5052319189575/200ge-tesco,5052319189575,200ge – Tesco – 200g,200g,,Tesco,"Condiments, ,, Dried products, ,, Dried products to be rehydrated, ,, Sauces, ,, Dehydrated sauces, ,, Instant gravy","Vegetarian, ,, Vegan",,,"Germany, ,, United Kingdom","Potato Starch, Palm Oil, Salt, Wheat Flour ( Wheat Flour, Calcium Carbonate, Iron, Niacin, Thiamin), Onion Powder, Barley Malt Extract, Flavourings (contains Wheat , Soya ), Dried onion, hydrolysed maize protein, emulsifier ( soya lecithins), onion oil","Gluten, Soybeans",,17,B,4,,False,True,yes,low,low,low,low,132.0,32.0,2.0,1.1,3.3,0.1,0.1,0.2,0.0008,0.00032,,,1,1,0,0,0,1,0,0,0,0
https://world.openfoodfacts.org/product/3263850585111/fines-tranches-de-pain-grille-au-ble-complet-franprix,3263850585111,Fines Tranches  de pain grillé au blé complet – Franprix – 300 g,300 g,"Cardboard, ,, Box",Franprix,"Plant-based foods and beverages, ,, Plant-based foods, ,, Cereals and potatoes, ,, Breads, ,, Toasts",Nutriscore,,,France,"French: Farine de blé 39% - farine complète de blé 38% - gluten de blé - sucre - huile de colza - graines de lin jaune 3,5%, graines de sésame 3,5% - levure - sel - agent de traitement de la farine: E300. Traces de lait , œuf et soja . Les informations en gras sont destinées aux personnes allergiques ou intolérantes.","Gluten, Sesame seeds","Eggs, Milk, Soybeans",11,B,4,A,True,True,yes,low,low,low,moderate,426.0,101.0,2.5,0.3,15.0,1.3,2.0,4.0,0.33,0.132,,0.0,1,2,1,1,0,0,1,1,0,0
https://world.openfoodfacts.org/product/8411585475022/leche-de-oveja-covap,8411585475022,Leche de oveja – Covap – 1 l,1 l,es:Tetrabrik,Covap,"Dairies, ,, Milks, ,, Semi-skimmed milks, ,, Sheep milks","FSC, ,, es:Origen España, ,, es:Recicla-amarillo",Spain,"Pozoblanco, ,, Córdoba, ,, Andalucía, ,, España","France, ,, Spain","semi-skim sheep's milk, stabilizer (e339)",Milk,,3,B,1,D,True,True,no,low,low,low,low,232.0,55.0,1.7,1.3,4.8,4.8,,5.2,0.18,0.072,,,1,8,7,4,3,1,0,7,0,0
https://world.openfoodfacts.org/product/4019300004621/quark-cherry-exquisa,4019300004621,Quark Cherry – Exquisa – 500 g,500 g,Packung(en),"Exquisa, ,, Karwendel","Dairies, ,, Fermented foods, ,, Fermented milk products, ,, Quarks, ,, de:Fruchtquark","No preservatives, ,, No colorings, ,, No dyes or preservatives","Germany, ,, Bayern",,Germany,"German: Speisequark (43 %), Joghurt aus entrahmter Milch (36%), Fruchtzubereitung Kirsche (Kirschen (11% im Endprodukt), Zucker, modifizierte Stärke, Glucose-Fructose-Sirup, färbende Frucht - und Pflanzenkonzentrate (schwarze Karotte, Traube, schwarze Johannisbeere), Aroma).",Milk,Gluten,13,B,4,,True,True,no,low,low,high,low,372.9,90.0,0.2,0.1,15.0,12.6,,6.5,0.0975,0.039,,11.5,2,4,2,1,3,0,0,2,0,0
https://world.openfoodfacts.org/product/9315090202359/almond-milk-unsweetened-australia-s-own,9315090202359,Almond milk unsweetened – Australia's Own,,,Australia's Own,"Plant-based foods and beverages, ,, Beverages, ,, Dairies, ,, Plant-based foods, ,, Dairy substitutes, ,, Milk substitutes, ,, Nuts and their products, ,, Plant-based beverages, ,, Milks, ,, Plant-based milk alternatives, ,, Nut-based drinks, ,, Almond-based drinks","Australian made, ,, Health Star Rating, ,, Health Star Rating 4",,,Australia,"Filtered Australian Water, Organic Almonds (3%), Organic Sunflower Oil, Salt.",Nuts,,4,B,3,B,True,True,yes,moderate,low,low,low,82.0,19.0,1.72,0.12,0.36,0.12,,0.6,0.1,0.04,,,1,1,0,1,0,0,0,0,0,0
https://world.openfoodfacts.org/product/3250390238669/11-vitamines-paturages,3250390238669,11 vitamines – Paturages – 1 L,1 L,"Plastic, ,, Bottle",Paturages,"Dairies, ,, Milks (liquid and powder), ,, Milks, ,, Semi-skimmed milks","Distributor labels, ,, fr:Sélection Intermarché, ,, Enriched-wih-vitamins",,,France,,,,,B,,D,,,,low,low,low,low,167.0,40.0,1.0,0.7,4.8,4.8,0.0,3.2,0.1,0.04,,,-1,6,7,3,3,0,0,7,0,0
https://world.openfoodfacts.org/product/3474608410108/sprats-fumes-de-riga-graines-de-moutarde-fimco,3474608410108,Sprats fumés de Riga graines de moutarde – Fimco – 160 g (112 g égoutté),160 g (112 g égoutté),"Canned, ,, fr:Boîte en métal, ,, fr:Film en plastique","Fimco, ,, Parallèles","Seafood, ,, Fishes and their products, ,, Canned foods, ,, Fishes, ,, Fatty fishes, ,, Meals, ,, Canned fishes, ,, Meals with fish, ,, Smoked fishes, ,, European sprat, ,, fr:Sprats en conserve, ,, fr:Sprats fumés, ,, fr:Sprats fumés en conserve","Sustainable, ,, Sustainable fishery, ,, Sustainable Seafood MSC, ,, fr:MSC-C-54234","Atlantic Ocean, ,, North-East Atlantic Ocean, ,, fr:FAO 27 III d",Lettonie,France,"French: Sprats fumés (Sprattus sprattus) 75%, huile de colza 23,2%, graines de moutarde 1,1%, sel.","Fish, Mustard, Fish",,5,B,3,A,True,False,no,moderate,moderate,low,moderate,919.0,221.0,16.0,2.9,0.1,0.1,,20.0,0.9,0.36,,,1,8,7,2,0,2,4,7,0,0
https://world.openfoodfacts.org/product/3596710340491/saumon-rose-du-pacifique-sauce-a-l-oseille-et-ses-torsades-auchan,3596710340491,Saumon rose du Pacifique sauce à l'oseille et ses torsades – Auchan – 0.3 kg,0.3 kg,"Plastic, ,, Protective gas, ,, Seal, ,, Tray, ,, fr:Assiette micro-ondable, ,, fr:Etui carton à recycler, ,, fr:Film plastique","Auchan, ,, Auchan Production, ,, Groupe Auchan, ,, L'oiseau","Seafood, ,, Fishes and their products, ,, Fishes, ,, Meals, ,, Fatty fishes, ,, Meals with fish, ,, Salmons, ,, Meals with salmon, ,, Meal kits, ,, Microwave meals, ,, Salmon with sorrel, ,, fr:Plats préparés à réchauffer au bain-marie","In braille, ,, Nutriscore, ,, Nutriscore Grade A, ,, Nutriscore Grade B, ,, Triman, ,, fr:Info-Tri Point Vert",,"Compagnie Générale de Produits Alimentaires Peny - CGPA [Filiale Union Fermière Morbihannaise - UFM (Filiale Groupe CECAB)] - Pont Hellec - 29380 Saint-Thurien, ,, Finistère, ,, Bretagne, ,, France","France, ,, World","French: Eau, portion de morceaux de filets de saumon rose du Pacifique ( POISSON ) 26%, spécialitéscéréalières précuites 18% (eau, semoule de BLÉ dur, OEUFS , poudre de blancD' OEUFS , huile detournesol, vinaigre d'alcool), carottes 6%, crème (contient LAIT ) 2,4% ,échalotes,oseille 1,9%, amidon modifié de maïs, sel, huile de colza, beurre (contient LAIT ), fibres decitron, protéines de LAIT ,arôme de poisson (contient POISSON ),vin blanc, curcuma en poudre, arôme naturel de laurier, arôme naturel de thym. Pourcentages exprimés sur le total de la recette. Traces éventuelles de soja , fruits à coque , moutarde , sulfites , mollusques .","Eggs, Fish, Gluten, Milk, Sulphur dioxide and sulphites","Crustaceans, Molluscs, Mustard, Nuts, Soybeans, Sulphur dioxide and sulphites",24,B,4,E,True,True,no,low,low,low,moderate,313.0,75.0,2.7,1.3,3.9,0.6,0.9,8.2,0.86,0.344,,,2,5,3,0,0,1,4,3,0,0
https://world.openfoodfacts.org/product/8003740121709/macaroni-arrighi,8003740121709,Macaroni – Arrighi – 500 g,500 g,,"Arrighi, ,, Pasta Berruto","Plant-based foods and beverages, ,, Plant-based foods, ,, Cereals and potatoes, ,, Cereals and their products, ,, Pastas, ,, Cereal pastas, ,, Dry pastas, ,, Durum wheat pasta, ,, Durum wheat macaroni","Organic, ,, Made in Italy",,,France,French: semoule de blé dur (D) BIO TEIGWAREN AUS HARTWEIZEIGRIESS. Hergestellt in Italien. lutaten: Hartweizeng[iel) aus untrolliert biologischer,Gluten,,7,B,1,A,False,True,yes,low,low,low,low,1456.0,348.0,1.1,0.1,71.0,3.5,3.0,12.0,0.01,0.004,,,1,5,4,4,1,0,0,4,0,0
https://world.openfoodfacts.org/product/8008698004067/capelli-d-angelo-schar,8008698004067,Capelli d'Angelo – Schär – 250 g,250 g,,Schär,"Plant-based foods and beverages, ,, Plant-based foods, ,, Pastas, ,, Glutenfree-pasta, ,, ru:Вермишель","Vegetarian, ,, No gluten, ,, Crossed Grain Trademark, ,, Vegan, ,, FSC, ,, FSC Mix, ,, Green Dot, ,, No lactose, ,, No wheat",,,"France, ,, Germany, ,, Morocco","maize flour , rice flour , millet flour 20% , emulsifier: mono - and diglycerides of fatty acids . May contain traces of soya . LACTOSE -FREE (lactose<70ppm)",Milk,Soybeans,4,B,1,,True,True,yes,low,low,low,low,1522.0,359.0,2.3,0.4,75.0,0.3,2.0,8.2,0.0,0.0,,,1,4,3,4,0,0,0,3,0,0
https://world.openfoodfacts.org/product/8422767061148/oda-a-nuestra-tierra-aceite-de-oliva-virgen-extra-hojiblanca,8422767061148,Oda a nuestra tierra aceite de oliva virgen extra – Hojiblanca,,,Hojiblanca,"Plant-based foods and beverages, ,, Plant-based foods, ,, Fats, ,, Vegetable fats, ,, Olive tree products, ,, Vegetable oils, ,, Olive oils, ,, Extra-virgin olive oils, ,, Virgin olive oils",,,,"France, ,, Spain",,,,,B,2,D,,,,high,high,low,low,3443.0,823.0,91.0,14.0,0.0,0.0,,0.0,0.0,0.0,,,0,5,5,,0,,0,0,0,5
https://world.openfoodfacts.org/product/7501017004423/frijoles-negros-refritos-la-costena,7501017004423,Frijoles Negros Refritos – La Costeña – 580 g,580 g,,La Costeña,"Plant-based foods and beverages, ,, Plant-based foods, ,, Legumes and their products, ,, Canned foods, ,, Legumes, ,, Meats and their products, ,, Seeds, ,, Canned plant-based foods, ,, Legume seeds, ,, Meals, ,, Pulses, ,, Common beans, ,, Meals with meat, ,, Prepared vegetables, ,, Canned legumes, ,, Pork meals, ,, Canned meals, ,, Black beans, ,, Canned common beans, ,, Refried beans","No preservatives, ,, Made in Mexico, ,, es:Empresa Socialmente Responsable",Mexico,"Ecatepec, ,, México","Bolivia, ,, France, ,, Mexico, ,, Spain","Spanish: Agua, frijol negro 21%, aceite de soja, cebolla, sal yodada, grasa de origen animal, chile jalapeño, ajo, potenciador de sabor (E621).","Soybeans, es:glutamato-monosodico","Celery, Eggs, Gluten, Milk, Soybeans",10,B,4,A,,False,no,moderate,low,low,moderate,358.0,86.0,6.0,0.0,10.0,0.0,6.0,4.0,1.09,0.436,,,1,5,4,,0,,5,1,3,0
https://world.openfoodfacts.org/product/8002795001875/latte-alta-digeribilita-senza-lattosio-sterilgarda,8002795001875,Latte alta digeribilità senza lattosio – Sterilgarda – 1 L,1 L,,Sterilgarda,"Dairies, ,, Milks, ,, Homogenized milks, ,, UHT Milks, ,, High digestible milk, ,, Lactose-free milk",No lactose,,,Italy,milk (1-1.2% fat) microfiltered uht long-life lactose-free,Milk,,3,B,1,D,,True,no,low,low,moderate,low,179.0,43.0,1.1,0.8,5.0,5.0,,3.3,0.0,0.0,,,-1,6,7,3,3,0,0,7,0,0
https://world.openfoodfacts.org/product/4337185593086/pain-vegan-k-favourites,4337185593086,pain vegan – K Favourites – 540g,540g,Plastic,"K Favourites, ,, favourites","Plant-based foods and beverages, ,, Plant-based foods, ,, Cereals and potatoes, ,, Breads, ,, Bakery products, ,, German bakery products, ,, Bread rolls","Vegetarian, ,, Vegan, ,, European Vegetarian Union, ,, European Vegetarian Union Vegan, ,, Nutriscore, ,, Nutriscore Grade A",,"22869 Schenefeld, ,, Deutschland","Germany, ,, United States","German: Weizenmehl , Trinkwasser, Weizenvollkornmehl (11 %), Sonnenblumenkerne (5 %), Leinsamen (4 %), Haferflocken (3 %), Roggenmehl , Malzextrakt ( Gerstenmalz , Trinkwasser), Weizenhalmfaser, Speisesalz, Hefe, Weizeneiweiß, Verdickungsmittel: Guarkernmehl, Weizenmalzmehl , Emulgator: Mono - und Diacetylweinsäureester von Mono - und Diglyceriden von Speisefettsäuren, Säureregulator: Natriumacetate.",Gluten,Sesame seeds,21,B,4,,,True,yes,moderate,low,low,moderate,1103.0,262.0,5.2,0.7,42.0,3.2,6.1,9.1,1.0,0.4,,0.0,1,7,6,3,0,0,4,3,3,0
https://world.openfoodfacts.org/product/20820299/%C5%9Bwie%C5%BCe-mleko-2-pilos,20820299,Świeże mleko 2% – Pilos – 1 l,1 l,"Plastic, ,, Pet-polyethylene-terephthalate","Lidl, ,, Pilos","Dairies, ,, Milks, ,, Self-skimmed milks","Made in Poland, ,, Produkt polski",Poland,"PL 62-600, ,, Koło, ,, Polska",Poland,"fresh pasteurised milk, fat content 2,0 %",Milk,,1,B,1,C,True,True,no,low,low,low,low,205.0,49.0,2.0,1.2,4.7,4.7,,3.0,0.0975,0.039,,,1,7,6,3,3,1,0,6,0,0
https://world.openfoodfacts.org/product/3292590878320/parmentier-de-canard-thiriet,3292590878320,Parmentier de canard – Thiriet – 350 g,350 g,"Frozen, ,, fr:Barquette carton, ,, fr:Film plastique, ,, fr:Étui carton",Thiriet,"Meats and their products, ,, Frozen foods, ,, Meals, ,, Meals with meat, ,, Poultry meals, ,, Duck dishes, ,, Shepherd's pie with duck",Triman,fr:Viande canard France,,France,"French: Purée de pomme de terre cuisinée 62,6% (purée de pomme de terre (pomme de terre, eau), eau, lait entier en poudre ( lait ), emmental ( lait ), crème fraîche liquide ( lait ) 1,8%, sel, poivre blanc), effiloché de canard maigre confit 21,6% (viande de manchon de canard (origine : France), viande de cuisse de canard (origine : France), gras de canard, graisse de canard, sel), eau, oignon 3,9%, extrait de poulet (eau, os et viande de poulet (origine : France)), champignon de Paris 1,7%, chapelure 1,4% (farine de blé ( gluten ( blé )), levure, sel), graisse de canard, sel, Madère, farine de riz, persil, poivre blanc","Gluten, Milk",fr:fragments-d-os-exceptionnellement,34,B,4,D,,False,no,moderate,moderate,low,moderate,488.0,116.0,4.7,2.0,9.1,1.3,1.0,8.9,0.8,0.32,,,2,5,3,1,0,1,3,3,0,0
https://world.openfoodfacts.org/product/5020580400101/basmati-rice-laila,5020580400101,Basmati rice – Laila – 1kg,1kg,"Plastic, ,, Pp-polypropylene",Laila,"Plant-based foods and beverages, ,, Plant-based foods, ,, Cereals and potatoes, ,, Seeds, ,, Cereals and their products, ,, Cereal grains, ,, Rices, ,, Aromatic rices, ,, Indica rices, ,, Long grain rices, ,, Basmati rices",Vegetarian,Punjab,United Kingdom,"France, ,, United Kingdom",100% Pure Basmati Rice.,,,1,B,1,,True,True,yes,low,low,low,low,1575.0,376.0,0.833333333333333,0.166666666666667,83.3333333333333,0.166666666666667,,8.16666666666667,0.166666666666667,0.0666666666666667,,,-1,2,3,,0,,0,3,0,0
https://world.openfoodfacts.org/product/5030343836894/extra-virgin-olive-oil,5030343836894,Extra virgin olive oil – 500 ml,500 ml,,,"Plant-based foods and beverages, ,, Plant-based foods, ,, Fats, ,, Vegetable fats, ,, Olive tree products, ,, Vegetable oils, ,, Olive oils, ,, Extra-virgin olive oils, ,, Virgin olive oils",,,,United Kingdom,100% Koroneiki Extra Virgin Olive Oil (Superior Category Olive Oil Obtained Directly From Olives And Solely By Mechanical Means).,,,2,B,,E,False,True,yes,high,high,low,low,3447.0,824.0,91.6,14.0,0.0,0.0,,0.0,0.0,0.0,,,0,5,5,,0,,0,0,0,5
https://world.openfoodfacts.org/product/5000169525524/fairtrade-bananas-waitrose,5000169525524,Fairtrade Bananas – Waitrose,,,Waitrose,"Plant-based foods and beverages, ,, Plant-based foods, ,, Fruits and vegetables based foods, ,, Fruits based foods, ,, Fruits, ,, Tropical fruits, ,, Bananas","Fair trade, ,, Organic, ,, EU Organic, ,, Fairtrade International, ,, GB-ORG-05, ,, Soil Association Organic",Peru,,United Kingdom,bananas,Banana,,1,B,1,A,True,True,yes,low,low,high,low,447.0,106.0,0.5,0.1,23.2,20.9,2.6,1.2,0.0,0.0,,,2,7,5,1,6,0,0,0,0,5
https://world.openfoodfacts.org/product/4056489640158/delikatess-hahnchenbrust-klassik-dulano,4056489640158,Delikatess Hähnchenbrust Klassik – Dulano – 150 g,150 g,Plastic,Dulano,"Meats and their products, ,, Meats, ,, Prepared meats, ,, fr:Charcuteries cuites, ,, Poultry hams, ,, Cooked chicken breast slices",No gluten,,,Germany,"German: Hähnchenbrustfleisch, Nitritpökelsalz Natriumnitrit), Dextrose, Săureregulatoren: Kaliumlactat, Kaliumacetate; Stabilisator: Diphosphate; Gewürze, Antioxidationsmittel: Natriumascorbat; Rapsöl. Kann Spuren von Senf und Sellerie enthalten. Dieses Produkt ist laktosefrei und von Natur aus glutenfrei.",,"Celery, Mustard",13,B,4,E,True,False,no,low,low,low,high,444.0,69.0,2.0,0.8,1.5,1.0,,20.0,1.6,0.64,,0.0,1,8,7,1,0,0,7,7,0,0
https://world.openfoodfacts.org/product/5059697739521/thai-salmon-and-cod-fishcake-tesco-finest,5059697739521,Thai salmon and cod fishcake – Tesco finest – 290g,290g,,Tesco finest,Fish cake,,,,United Kingdom,"Salmon fish 21%, Cod fish 20%, Potato, Wheat flour ( wheat flour, calcium carbonate, iron, niacin, thiamin), Rapeseed oil, Dried potato, Spring onion, Red pepper, Wheat starch, Ginger purée, Lime juice, Durum wheat semolina, Lime zest, Coriander, Desiccated coconut, Garlic purée, Sugar, Lemongrass, Salt, Chilli, Wheat gluten, Anchovy fish , Yeast, Parsley, Chilli flakes, Garlic powder, Dried red chilli, Shallot, Galangal, Shrimp crustacean , Sunflower oil, Makrut lime peel, Colour (paprika extract), Black pepper extract, Pepper","Crustaceans, Fish, Gluten",Minor-bones,41,B,4,,True,True,yes,moderate,low,low,moderate,776.4,185.0,8.0,1.499,17.4,1.6,1.4,10.2,0.4225,0.169,,12.6433702462894,1,5,4,2,0,1,2,4,0,0
https://world.openfoodfacts.org/product/3272770016117/bresso-100-pflanzlich-kirschtomaten-chili,3272770016117,Bresso 100% Pflanzlich - Kirschtomaten & Chili – 140g,140g,Pot,"Bresso, ,, Savencia","Plant-based foods and beverages, ,, Plant-based foods, ,, Spreads, ,, Plant-based spreads","Vegetarian, ,, Vegan, ,, 100% vegetable, ,, European Vegetarian Union, ,, European Vegetarian Union Vegan",Chili aus Südfrankreich.,,Germany,"German: Wasser, 13% Mandelpüree, Rapsöl, Tomatenpüreekonzentrat, Kartoffelstärke, 3,9% Kirschtomaten, Inulin, getrocknete Tomaten, Basilikum, Karottenkonzentrat, Chili, Cayennepfeffer, rote Beetekonzentrat, Pfeffer, Basilikumöl, Zitronensaftkonzentrat, Zucker, Speisesalz, Stickstoff zum Aufschlagen.

Kann Spuren von Milch und weiteren Schalenfrüchten enthalten.",Nuts,"Milk, Nuts",19,B,4,,True,True,yes,moderate,low,low,moderate,967.0,233.0,17.0,1.2,12.0,2.6,5.7,5.2,1.0,0.4,,,2,7,5,2,0,1,4,2,3,0
https://world.openfoodfacts.org/product/29296002/sesame-bagels-m-s-food,29296002,Sesame Bagels – M&S Food – 450g,450g,,M&S Food,"Plant-based foods and beverages, ,, Plant-based foods, ,, Cereals and potatoes, ,, Breads, ,, Special breads, ,, Sesame bagels",,,,United Kingdom,"Wheatflour contains Gluten (with Wheatflour, Calcium Carbonate, Iron, Niacin, Thiamin), Water, Sesame Seeds (9%), Muscovado Sugar, Dried Fermented Wheatflour (contains Gluten ), Wheat Gluten, Corn Grits, Rye Flour (contains Gluten ), Barley Malt Flour (contains Gluten ), Salt, Wheat Fibre (contains Gluten ), Barley Malt Extract (contains Gluten ), Yeast (Yeast, Vitamin D Yeast), Wholegrain Wheatflour (contains Gluten ), Flour Treatment Agent (Ascorbic Acid), Wheatflakes (contain Gluten).","Gluten, Sesame seeds",,18,B,4,,True,True,yes,moderate,low,low,moderate,1153.33333333333,275.0,3.22222222222222,0.555555555555556,50.0,4.66666666666667,3.33333333333333,11.1111111111111,0.7,0.28,,,2,7,5,3,1,0,3,4,1,0
https://world.openfoodfacts.org/product/4019300004652/quarkgenuss-heidelbeere-exquisa,4019300004652,Quarkgenuss - Heidelbeere – Exquisa – 500 g,500 g,de:Stück,"Exquisa, ,, Karwendel","Dairies, ,, Fermented foods, ,, Fermented milk products, ,, Quarks, ,, Fruchtquark",,,,Germany,"German: Speisequark , Joghurt aus entrahmter Milch, Fruchtzubereitung Heidelbeere (Zucker, Heidelbeeren, Heidelbeersaft aus Heidelbeersaftkonzentrat, modifizierte Stärke, färbendes Frucht - und Pflanzenkonzentrat (Holundersaft), Aroma)",Milk,,11,B,4,,True,True,no,low,low,moderate,low,334.0,80.0,0.2,0.1,12.0,11.6,,7.0,0.0975,0.039,,,1,3,2,0,3,0,0,2,0,0
https://world.openfoodfacts.org/product/3273120027456/couscous-1-2-complet-happy-bio,3273120027456,Couscous 1/2 complet – Happy Bio – 500 g,500 g,fr:Sachet plastique et étiquette,Happy Bio,"Plant-based foods and beverages, ,, Plant-based foods, ,, Cereals and potatoes, ,, Cereals and their products, ,, Cereal semolinas, ,, Wheat semolinas, ,, Durum wheat semolinas, ,, Durum wheat semolinas for couscous, ,, fr:Céréales à cuire","Organic, ,, EU Organic, ,, Source of fibre, ,, FR-BIO-01, ,, Nutriscore, ,, Nutriscore Grade A, ,, AB Agriculture Biologique",France,,France,"French: Semoule de BLÉ dur semi-complète*. 
*Produit issu de l'agriculture biologique.","Gluten, Mustard","Nuts, Sesame seeds, Soybeans",1,B,1,A,True,True,yes,low,low,low,low,1494.0,356.0,1.5,0.3,71.0,0.8,1.9,6.3,0.01,0.004,,,2,4,2,4,0,0,0,2,0,0
https://world.openfoodfacts.org/product/0048121255053/bagels-thomas,0048121255053,Bagels – THOMAS',,,THOMAS',"Plant-based foods and beverages, ,, Plant-based foods, ,, Cereals and potatoes, ,, Cereals and their products, ,, Breads, ,, Special breads, ,, Bagel breads","Vegetarian, ,, Vegan",,,"France, ,, United States","Whole wheat flour, water, whole wheat, sugar, wheat gluten, yeast, wheat bran, cornmeal, salt, calcium propionate and sorbic acid (to preserve freshness), mono - and diglycerides, datem, cellulose gum, citric acid, xanthan gum, maltodextrin, cornstarch, algin, soy lecithin .","Gluten, Soybeans",,21,,4,B,,True,yes,low,low,moderate,moderate,1189.47368421053,263.0,1.05263157894737,0.16908052230835,52.6315789473684,6.31578947368421,7.36842105263158,11.5789473684211,0.815789473684211,0.368421052631579,,0.0,,,,,,,,,,
https://world.openfoodfacts.org/product/0096619998616/organic-soy-vanilla-kirkland,0096619998616,Organic Soy Vanilla – Kirkland – 946 ml,946 ml,"Composite-carton, ,, Tetra Brik Aseptic",Kirkland,"Plant-based foods and beverages, ,, Beverages, ,, Plant-based foods, ,, Legumes and their products, ,, Dairy substitutes, ,, Milk substitutes, ,, Plant-based beverages, ,, Plant-based milk alternatives, ,, Legume-based drinks, ,, Soy-based drinks, ,, Vanilla soy-based drinks","Organic, ,, USDA Organic",,,"France, ,, United States","Organic Soy Base (Filtered Water, Whole Organic Soybeans), Organic Sugar, Calcium Carbonate, Sea Salt, Organic Vanilla Flavor, Carrageenan, Vitamin A Palmitate, Vitamin D2, Ribofavin (B2), Vitamin B12. Contains : Soy",Soybeans,,13,B,4,B,True,,maybe,low,low,moderate,low,174.0,41.0,1.45833333333333,0.208333333333333,3.75,2.5,0.416666666666667,2.91666666666667,0.0989583333333333,0.0395833333333333,,,-1,5,6,3,2,0,0,6,0,0
https://world.openfoodfacts.org/product/3250391172368/pointes-d-asperges-blanches-212ml-saint-eloi,3250391172368,Pointes d'asperges blanches - 212ml – Saint eloi – 190 g,190 g,Canned,Saint eloi,fr:Autres produits,"Distributor labels, ,, Nutriscore, ,, Nutriscore Grade A, ,, fr:Sélection Intermarché",,,France,"French: Asperges blanches, eau, sel, acidifiant : acide citrique.",,,5,B,3,,True,True,yes,low,low,low,moderate,92.0,20.0,0.0,0.0,3.2,1.6,2.1,1.2,0.66,0.264,,,1,3,2,0,0,0,3,0,0,2
https://world.openfoodfacts.org/product/3256220275774/gratin-d-aubergines-450g-u,3256220275774,Gratin d'aubergines 450g – U – 450 g,450 g,"Plastic, ,, Cardboard, ,, Film, ,, Frozen",U,"Plant-based foods and beverages, ,, Plant-based foods, ,, Fruits and vegetables based foods, ,, Vegetables based foods, ,, Frozen foods, ,, Meals, ,, Frozen plant-based foods, ,, Frozen vegetables, ,, Gratins, ,, Vegetable gratins, ,, Eggplant Gratin","No preservatives, ,, Cooked in France, ,, Natural flavors, ,, No colorings, ,, Nutriscore, ,, Nutriscore Grade A",,France,France,"French: Aubergine préfrite 36% (aubergine 29%, huile de tournesol), eau, tomate pelées concassée au jus (tomate pelée concassée, jus de tomates, acidifiant : acide citrique), préparation à base de tomates concentrée avec pépins et peaux (tomates, acidifiant : acide citrique), MOZZARELLA 2%, EMMENTAL 2%, FROMAGE râpé, oignons, purée de tomates double concentrée, sucre, amidon de riz, ail, sel, basilic, fond aromatisé en poudre (arômes naturels, fécule de pomme de terre, dextrose, sel, chicorée soluble, tomate, ail) , huile d'olive vierge extra, arôme naturel de poivre, épaississants : gomme xanthane et gomme guar. Traces éventuelles de crustacés , soja , graine de sésame , fruits à coque , oeufs , céleri , moutarde , poissons et céréales contenant du gluten .",Milk,"Celery, Crustaceans, Eggs, Fish, Gluten, Mustard, Nuts, Sesame seeds, Soybeans",35,B,4,A,True,,no,moderate,moderate,low,moderate,511.0,123.0,9.2,2.0,4.8,4.5,4.1,3.4,0.63,0.252,,63.0013541666667,2,6,4,1,1,1,3,1,1,2
https://world.openfoodfacts.org/product/3350031642869/riz-long-blanc-bio-monoprix,3350031642869,Riz long blanc Bio Monoprix – 500 g,500 g,"Bag, ,, Discard, ,, fr:Sachet plastique","Monoprix, ,, Monoprix Bio","Plant-based foods and beverages, ,, Plant-based foods, ,, Cereals and potatoes, ,, Seeds, ,, Cereals and their products, ,, Cereal grains, ,, Rices, ,, Long grain rices, ,, fr:Riz long blanc, ,, fr:Riz long blanc Bio","Organic, ,, Certified by Ecocert, ,, EU Organic, ,, Non-EU Agriculture, ,, IT-BIO-007, ,, AB Agriculture Biologique",Pakistan,,France,French: Riz long grain de qualité supérieure issu de l'agriculture biologique.,,,1,B,1,D,True,True,yes,low,low,low,low,1474.0,347.0,0.6,0.1,78.0,0.0,,7.4,0.0,0.0,,,-1,2,3,,0,,0,3,0,0
https://world.openfoodfacts.org/product/3452010003415/huile-d-olive-domaine-du-bois-dore,3452010003415,Huile d olive – Domaine du Bois Doré – 1L,1L,,Domaine du Bois Doré,"Plant-based foods and beverages, ,, Plant-based foods, ,, Fats, ,, Vegetable fats, ,, Olive tree products, ,, Vegetable oils, ,, Olive oils, ,, Olive oil blends",,,,France,,,,,B,2,D,,,,high,high,low,low,3700.0,900.0,100.0,14.0,0.0,0.0,,0.0,0.0,0.0,,,0,5,5,,0,,0,0,0,5
https://world.openfoodfacts.org/product/4002720002117/kaffee-auslese-klassisch-mild-melitta,4002720002117,Kaffee Auslese Klassisch-Mild – Melitta – 500g,500g,de:Produkt,Melitta,"Beverages and beverages preparations, ,, Beverages, ,, de:Gemahlener Kaffee, ,, de:Kaffeepulver",Green Dot,,,Germany,German: Gemahlener Röstkaffee.,,,1,B,1,,True,True,yes,,,,,,,,,,,,,,,,,-2,10,12,10,0,0,0,7,5,0
https://world.openfoodfacts.org/product/5000157024947/freshly-made-spaghetti-delicious-pasta-with-a-juicy-tomato-sauce-heinz,5000157024947,Freshly made spaghetti delicious pasta with a juicy tomato sauce – Heinz,,,Heinz,"Plant-based foods and beverages, ,, Plant-based foods, ,, Pastas",,,,"France, ,, United Kingdom","spaghetti (49%, water, durum wheat semolina, wheat flour (contains calcium, iron, niacin, thiamin)), tomatoes (43%), sugar, modified cornflour, salt, 6acid - citric acid, herb extract, garlic salt, spice extract allergens: see ingredients",Gluten,,18,B,4,,True,True,yes,low,low,low,moderate,230.0,55.0,0.2,0.05,11.85,3.9,0.55,1.65,0.34375,0.1375,,,1,2,1,0,1,0,1,0,0,1
https://world.openfoodfacts.org/product/5391520182129/stone-baked-thin-chicken-with-a-herb-dressing-goodfella-s,5391520182129,Stone Baked Thin Chicken with a Herb Dressing – Goodfella's – 365g,365g,,Goodfella's,"Frozen foods, ,, Meals, ,, Pizzas pies and quiches, ,, Pizzas, ,, Frozen pizzas and pies, ,, Frozen ready-made meals, ,, Frozen pizzas",Green Dot,,,"Ireland, ,, United Kingdom","Wheat Flour, Water, Cheese Blend 17% (Mozzarella Cheese ( Milk ), Cheddar Cheese ( Milk )), Chicken 13% (Chicken Breast, Salt, Cornflour), Tomato Purée, Herb Dressing 2% (Rapeseed Oil, Palm Oil, Parsley Infused Rapeseed Oil (Rapeseed Oil, Parsley), Parsley, Acidified Garlic Purée (Garlic Purée, Acidity Regulator (Citric Acid)), Thyme, Marjoram, Sage, Black Pepper), Yeast, Rapeseed Oil, Salt, Cornflour, Garlic Purée, Oregano, Basil, Sugar, Black Pepper, Marjoram, Parsley, Thyme, Sage.","Chicken, Gluten, Milk",,38,B,3,,False,False,no,moderate,moderate,low,moderate,910.0,217.0,7.69230769230769,1.65,25.2747252747253,0.713736263736264,0.934065934065934,10.989010989011,0.4075,0.163,,,1,5,4,2,0,1,2,4,0,0
https://world.openfoodfacts.org/product/5601045108222/7-up,5601045108222,7 Up – 330 ml,330 ml,,7 Up,"pt:Refrigerante, ,, pt:Refrigerante com Aromas Naturais","No preservatives, ,, Green Dot, ,, Natural flavors, ,, No colorings, ,, pt:100% Reciclagem, ,, pt:ecoponto-amarelo",,,"France, ,, Portugal","French: Água gaseificada, açúcar, acidificantes (ácido cítrico, ácido málico), aroma natural de lima e limão com outros aromas naturais, regulador de acidez (citrato de sódio), edulcorantes (acessulfame K, sucralose).",,,11,B,4,,False,True,yes,low,low,low,low,82.0,19.0,0.0,0.0,4.7,4.7,,0.1,0.04,0.016,,,1,1,0,0,1,0,0,0,0,0
https://world.openfoodfacts.org/product/6111032000372/lait-frais-pasteurise-centrale-laitiere,6111032000372,Lait Frais Pasteurise – Centrale Laitière – 1 L,1 L,"Brick, ,, Cardboard, ,, Fresh","Centrale Laitière, ,, Danone","Dairies, ,, Milks, ,, Fresh milks",,,,"France, ,, Morocco",French: LAIT frais pasteurisé.,Milk,,1,B,1,C,True,True,no,moderate,moderate,low,low,246.0,59.0,3.0,2.04,4.8,0.0,,3.0,0.0,0.0,,,1,7,6,5,0,2,0,6,0,0
https://world.openfoodfacts.org/product/9310043008941/rye-bread-burgen,9310043008941,Rye Bread – Bürgen – 700g,700g,Bag,Bürgen,"Plant-based foods and beverages, ,, Plant-based foods, ,, Cereals and potatoes, ,, Seeds, ,, Cereals and their products, ,, Cereal grains, ,, Breads, ,, Secale, ,, Rye, ,, Rye breads","Health Star Rating, ,, Health Star Rating 4, ,, Made in Australia from at least 74% Australian ingredients",Australia,Australia,"Australia, ,, France","Water, Wheat Flour , Kibbled Rye and/or Triticale (16%), Wheat Gluten, Wholemeal Rye Flour (5%), Canola Oil, Corn Starch, Baker's Yeast, Barley Malt Flour (1%), Vinegar, iodised Salt, Cultured Whey, Vitamins (Thiamin, Folate).","Gluten, Milk",,16,B,4,A,True,True,no,moderate,low,low,moderate,1040.0,249.0,4.3,0.4,29.4,1.2,6.4,8.8,1.1675,0.467,,0.0,-2,5,7,,0,,5,3,4,0
https://world.openfoodfacts.org/product/6132119200034/jumpy-nuts-fit-and-strong,6132119200034,Jumpy Nuts – FIT AND STRONG – 700 g,700 g,,FIT AND STRONG,"Plant-based foods and beverages, ,, Plant-based foods, ,, Legumes and their products, ,, Spreads, ,, Nuts and their products, ,, Plant-based spreads, ,, Oilseed purees, ,, Legume butters, ,, Nut butters, ,, Peanut butters",,,,Algeria,French: 100% cacahuète. *Informations pour personnes allergiques aux arachides :Contient des cacahuètes .,Peanuts,,1,B,1,C,True,True,yes,high,high,moderate,moderate,2541.8,585.0,40.0,7.7,24.7,6.0,6.0,26.0,0.3,0.12,,,-4,6,10,,1,,1,7,3,0
https://world.openfoodfacts.org/product/5903264000555/wielkopolski-olej-rzepakowy-t%C5%82oczony-tylko-raz-rafinowany-oel-polska,5903264000555,"Wielkopolski olej rzepakowy tłoczony tylko raz, rafinowany. – OEL Polska – 1 l",1 l,"Plastic, ,, Pet-polyethylene-terephthalate, ,, pl:2 PE- nakrętka",OEL Polska,"Plant-based foods and beverages, ,, Plant-based foods, ,, Fats, ,, Vegetable fats, ,, Vegetable oils, ,, Rapeseed oils","pl:ISCC, ,, pl:Superbrands 2018 polska marka",Poland,,Poland,refined rapeseed oil 100%,,,1,B,2,C,True,True,yes,high,high,low,low,3700.0,900.0,100.0,7.0,0.0,0.0,,0.0,0.0,0.0,,,2,2,0,,0,,0,0,0,0
https://world.openfoodfacts.org/product/01804386/porridge-original-sainsbury-s,01804386,Porridge (original) – Sainsbury's – 10 x 27 g,10 x 27 g,,Sainsbury's,"Plant-based foods and beverages, ,, Plant-based foods, ,, Breakfasts, ,, Cereals and potatoes, ,, Cereals and their products, ,, Breakfast cereals, ,, Porridge",No added sugar,,,United Kingdom,Rolled oat flakes,,,1,A,1,C,True,True,yes,moderate,low,low,low,1469.0,370.0,8.0,1.2,58.0,1.0,10.2,11.0,0.0,0.0,,0.0,-4,5,9,4,0,1,0,4,5,0
https://world.openfoodfacts.org/product/10001400/pistachio-nuts-tesco,10001400,Pistachio Nuts – Tesco,,,Tesco,"Plant-based foods and beverages, ,, Plant-based foods, ,, Snacks, ,, Salty snacks, ,, Nuts and their products, ,, Nuts, ,, Pistachios, ,, Salted nuts, ,, Salted pistachios",,,,"France, ,, United Kingdom",roasted pistachio nuts in shells.,Nuts,,1,B,3,E,True,True,yes,high,high,moderate,low,2430.0,581.0,46.4,5.9,10.2,7.2,,24.9,0.1,0.04,,,-3,4,7,,2,,0,7,0,0
https://world.openfoodfacts.org/product/7624841036788/bio-tortilla-chips-bbq-paprika-naturaplan,7624841036788,Bio Tortilla Chips BBQ Paprika – Naturaplan – 150g,150g,,Naturaplan,"Snacks, ,, Salty snacks, ,, Appetizers, ,, Chips and fries, ,, Crisps, ,, Corn chips","No gluten, ,, Organic, ,, Vegetarian, ,, Vegan, ,, Bio Suisse",,,"Germany, ,, Switzerland","French: maïs, huile de tournesol oléique, sucre de canne brut, paprika, oignons, maltodextrine, sel de cuisine, sel de cuisine fumé, extrait de levure, poivre.",,,10,B,4,B,True,True,yes,moderate,moderate,low,moderate,1950.0,466.0,19.0,1.5,62.0,2.5,6.9,8.2,0.57,0.228,,,1,8,7,5,0,1,2,3,4,0
https://world.openfoodfacts.org/product/8480010197396/almohadillas-crujientes-eroski,8480010197396,Almohadillas crujientes – Eroski – 375 g,375 g,,Eroski,"Plant-based foods and beverages, ,, Plant-based foods, ,, Breakfasts, ,, Cereals and potatoes, ,, Cereals and their products, ,, Breakfast cereals, ,, Extruded cereals","Nutriscore, ,, Nutriscore Grade B",,,Spain,"Spanish: Harina de avena integral (71%), harina de arroz, azúcar, extracto de malta de cebada, sal",Gluten,,5,B,3,E,True,True,yes,moderate,low,moderate,moderate,1673.0,400.0,5.4,1.2,72.0,12.0,8.1,12.0,0.6,0.24,,,1,10,9,4,3,1,2,4,5,0
https://world.openfoodfacts.org/product/5024271111970/dell-ugo-fresh-spinach-gnocchi,5024271111970,Dell' Ugo Fresh Spinach Gnocchi – 450g,450g,Other plastic-bag,Dell Ugo,"Plant-based foods and beverages, ,, Plant-based foods, ,, Cereals and potatoes, ,, Pastas, ,, Potatoes and their products, ,, Gnocchi, ,, Potato gnocchi",,,,United Kingdom,,,,,B,,A,,,,low,low,low,moderate,569.0,134.0,0.6,0.1,26.0,3.8,3.2,5.0,0.45,0.18,,,1,4,3,1,1,0,2,2,1,0
https://world.openfoodfacts.org/product/3564706618466/sardines-marque-repere,3564706618466,Sardines – Marque Repère,,,"Marque Repère, ,, Pêche Océan","Seafood, ,, Fishes and their products, ,, Canned foods, ,, Fishes, ,, Fatty fishes, ,, Canned fishes, ,, Sardines, ,, Canned sardines, ,, Sardines in oil, ,, Sardines in olive oil","Organic, ,, EU Organic, ,, MA-BIO-102, ,, Nutriscore",,,France,,,,,B,,D,,,,moderate,moderate,low,moderate,815.0,195.0,11.0,2.2,0.5,0.5,0.0,24.0,0.94,0.376,,,1,8,7,2,0,2,4,7,0,0
https://world.openfoodfacts.org/product/4088600288963/long-grain-rice-aldi,4088600288963,Long Grain Rice – Aldi – 1 kg,1 kg,,Aldi,"Plant-based foods and beverages, ,, Plant-based foods, ,, Cereals and potatoes, ,, Seeds, ,, Cereals and their products, ,, Cereal grains, ,, Rices, ,, Long grain rices",,,,United Kingdom,PARBOILED LONG GRAIN RICE DIRECTIONS FOR USE,,,1,B,,,False,True,yes,low,low,low,low,1634.0,390.0,1.06666666666667,0.266666666666667,86.9333333333333,0.0,1.73333333333333,7.46666666666667,0.04,0.016,,,0,3,3,,0,,0,3,0,0
https://world.openfoodfacts.org/product/4056489420286/succo-ananas-senza-zuccheri-aggiunti-solevita,4056489420286,Succo ananas senza zuccheri aggiunti – Solevita – 1 l,1 l,Tetra Pak,Solevita,"Beverages and beverages preparations, ,, Plant-based foods and beverages, ,, Beverages, ,, Plant-based beverages, ,, Fruit-based beverages, ,, Juices and nectars, ,, Fruit juices, ,, Pineapple juices","FSC, ,, FSC Mix, ,, No added sugar",,,Italy,"Italian: 65% succo di ananas e limone da concentrato (64% ananas, 1% limone), acqua, fibra di agrumi, antiossidante: acido ascorbico; aromi naturali.",,,9,B,4,D,True,,maybe,low,low,high,low,129.0,30.0,0.5,0.1,7.2,6.7,0.0,0.5,0.01,0.004,,,1,7,6,2,5,0,0,0,0,6
https://world.openfoodfacts.org/product/4088600436326/relax-sleep-diplomat-aldi,4088600436326,"Relax Sleep – Diplomat ALDI – 40g, 20 bags","40g, 20 bags",,Diplomat ALDI,"Plant-based foods and beverages, ,, Beverages, ,, Hot beverages, ,, Plant-based beverages, ,, Herbal teas","Vitamin B3 source, ,, Biodegradable",,,United Kingdom,"passion flower (31%), camomile (21%), apple (14%), flavouring, cinnamon, cardamom, cloves, niacin (vitamin b3) granules (1,5%), best before end: see top of pack",Apple,,12,B,4,A,False,True,yes,low,low,low,low,4.0,1.0,0.0,0.0,0.0,0.0,0.0,0.0,0.03,0.012,,,0,0,0,0,0,0,0,0,0,0
https://world.openfoodfacts.org/product/5000157154248/chicken-broth-heinz,5000157154248,Chicken Broth – Heinz – 400g,400g,,Heinz,"Canned foods, ,, Meals, ,, Soups, ,, Canned meals, ,, Canned soups",,,,United Kingdom,,,,,B,,,,,,low,low,low,moderate,142.0,34.0,0.3,0.1,6.3,0.0,1.1,1.6,0.59,0.236,,,2,2,0,0,0,0,2,0,0,0
https://world.openfoodfacts.org/product/4056489346739/yogurt-intero-bianco-lidl,4056489346739,Yogurt Intero Bianco – Lidl – 150gr,150gr,,Lidl,"Dairies, ,, Fermented foods, ,, Fermented milk products, ,, Desserts, ,, Dairy desserts, ,, Fermented dairy desserts, ,, Yogurts, ,, Plain fermented dairy desserts, ,, Plain yogurts",,,,"Italy, ,, Malta",,,,,B,,B,,,,moderate,moderate,low,low,263.0,63.0,3.7,2.6,3.8,3.8,,3.6,0.13,0.052,,,2,3,1,0,1,2,0,1,0,0
https://world.openfoodfacts.org/product/3254560030169/riz-long-grain-incollable-cuisson-rapide-10-min-sachet-cuisson-auchan,3254560030169,Riz long grain incollable cuisson rapide 10 min sachet cuisson – Auchan – 0.5 kg,0.5 kg,"Box, ,, Cardboard",Auchan,"Plant-based foods and beverages, ,, Plant-based foods, ,, Cereals and potatoes, ,, Seeds, ,, Cereals and their products, ,, Cereal grains, ,, Rices, ,, Long grain rices","In braille, ,, Nutriscore, ,, Nutriscore Grade A",,,"France, ,, World",French: 100% riz long grain étuvé (Origine : UE ou Amérique du Sud - voir sur le côté de l'étui),,,1,B,1,E,True,True,yes,low,low,low,low,1509.0,355.0,0.8,0.2,79.0,0.5,1.5,7.3,0.02,0.008,,,0,3,3,,0,,0,3,0,0
https://world.openfoodfacts.org/product/5034033000206/vit-hit-boost,5034033000206,Vit hit boost – 500ml,500ml,,Vit Hit,"Beverages and beverages preparations, ,, Beverages, ,, Artificially sweetened beverages, ,, Sweetened beverages",,,,Belgium,"French: eau, jus de mûre à base de concentré, jus de raisin blanc à base de concentré, jus de cassis à base de concentré, jus de framboise à base de concentré, arôme, acide citrique, acide ascorbique, acide folique, biotine, vitamine B12, édulcorant",,,12,B,4,,True,,maybe,low,low,low,low,11.0,2.0,0.01,0.001,0.3,0.2,0.01,0.03,0.003,0.0012,,,-2,0,2,0,0,0,0,0,0,2
https://world.openfoodfacts.org/product/7790742340306/almendra-sin-azucar-la-serenisima,7790742340306,Almendra sin Azúcar – La  Serenísima – 1 l,1 l,"Composite material, ,, Tetra Pak, ,, Brick, ,, Tetra Brik Aseptic",La  Serenísima,"Beverages and beverages preparations, ,, Plant-based foods and beverages, ,, Beverages, ,, Plant-based foods, ,, Dairy substitutes, ,, Milk substitutes, ,, Nuts and their products, ,, Plant-based beverages, ,, Specific products, ,, Plant-based milk alternatives, ,, Products for specific diets, ,, Nut-based drinks, ,, Products without gluten, ,, Unsweetened beverages, ,, Almond-based drinks, ,, Flavoured Drinks, ,, Unsweetened plain almond-based drinks","Low or no sugar, ,, Vegetarian, ,, No gluten, ,, Crossed Grain Trademark, ,, No preservatives, ,, Vegan, ,, Do not freeze, ,, FSC, ,, FSC Mix, ,, No colorings, ,, No dyes or preservatives, ,, No lactose, ,, No sugar, ,, Zinc source, ,, es:Sin TACC, ,, No HFCS",Unknown,"General Rodríguez, ,, Buenos Aires, ,, Argentina","Argentina, ,, Bolivia, ,, Paraguay","Spanish: Base de almendra (agua, almendra ), calcio, sal, zinc, vitaminas (A, B2, B12, D2, E), estabilizantes (goma gellán, goma xántica), aromatizante natural almendra, emulsionante (lecitina de girasol), regulador de acidez (bicarbonato de sodio).",Nuts,Peanuts,21,B,4,B,True,True,yes,low,low,low,moderate,54.5,13.0,1.1,0.0,0.25,0.0,0.1,0.55,0.16,0.064,,,1,1,0,1,0,0,0,0,0,0
https://world.openfoodfacts.org/product/4056489712893/olive-oil-lidl,4056489712893,Olive oil – Lidl – 190 ml,190 ml,,Lidl,"Plant-based foods and beverages, ,, Plant-based foods, ,, Fats, ,, Vegetable fats, ,, Olive tree products, ,, Vegetable oils, ,, Olive oils",,,,United Kingdom,"53% Extra Virgin Olive Oil, Water, Emulsifier: Lecithins; Acidity Regulator: Citric Acid; Thickener: Xanthan Gum; Preservative: Potassium Sorbate; Flavouring.",Milk,,11,B,4,D,True,,maybe,high,high,low,low,1941.0,464.0,50.9,6.5,1.4,0.1,,0.1,0.02,0.008,,,-2,3,5,,0,,0,0,0,5
https://world.openfoodfacts.org/product/3450970006576/ravioli-a-la-sauce-tomate-eco,3450970006576,Ravioli à la sauce tomate – Eco+ – 800 g,800 g,"Metal, ,, Box, ,, Canned",Eco+,"Plant-based foods and beverages, ,, Plant-based foods, ,, Canned foods, ,, Cereals and potatoes, ,, Meals, ,, Meats and their products, ,, Cereals and their products, ,, Pasta dishes, ,, Pastas, ,, Stuffed pastas, ,, Meals with meat, ,, Pasta stuffed with meat, ,, Ravioli, ,, Beef dishes, ,, Meat ravioli, ,, Canned meals, ,, Stuffed pastas in sauce, ,, Beef ravioli, ,, Bolognese Raviolis, ,, Canned raviolis","Made in France, ,, Nutriscore, ,, Nutriscore Grade B",,"Raynal et Roquelaure Provence - R&R (Filiale Cofigeo) - Chemin de Piolenc - 84850 Camaret-sur-Aigues, ,, Vaucluse, ,, Provence-Alpes-Côte d'Azur, ,, France",France,"French: SAUCE TOMATE 73,1 % : eau, purée de tomate mi-réduite 10 %, légumes 3,4 % (carotte, oignon), amidon transformé de maïs, sel, sucre, huile de tournesol, arôme naturel (dont céleri ).
PÂTE 19,3 % : semoule de blé dur, eau.
FARCE 7,6 % : viande bovine 4 %, chapelure (farine de blé , sel), semoule de blé dur, légumes (carottes, oignon), sel, plante aromatique, arômes (dont gluten , céleri ), huile de tournesol.","Celery, Gluten","Eggs, Milk",30,B,4,C,True,False,no,low,low,low,moderate,317.0,76.0,1.3,0.5,12.2,2.6,1.3,3.0,0.75,0.3,,,2,3,1,0,0,0,3,1,0,0
https://world.openfoodfacts.org/product/3410280023069/ananas-en-morceaux-au-sirop-leger-boite-3-4-top-budget,3410280023069,Ananas en Morceaux au sirop léger - boîte 3/4 – Top budget – 565 g,565 g,Canned,Top budget,"Plant-based foods and beverages, ,, Plant-based foods, ,, Fruits and vegetables based foods, ,, Canned foods, ,, Desserts, ,, Canned plant-based foods, ,, Fruits based foods, ,, Canned fruits, ,, Fruits in syrup, ,, Pineapple in syrup, ,, fr:Fruits au sirop leger",,Thailand,,France,"French: Ananas, eau, sucre, acidifiant : acide citrique.",,,5,B,3,B,True,True,yes,low,low,high,low,280.0,73.0,0.0,0.0,16.0,14.0,1.0,0.0,0.0,0.0,,,1,3,2,0,3,0,0,0,0,2
https://world.openfoodfacts.org/product/3760136681821/quinoa-aux-legumes-verts-moi-en-mieux,3760136681821,Quinoa aux légumes verts – Moi en mieux,,,Moi en mieux,"Plant-based foods and beverages, ,, Plant-based foods, ,, Cereals and potatoes, ,, Seeds, ,, Cereals and their products, ,, Cereal grains, ,, Quinoa, ,, Aliments-d'origine-végétale, ,, Aliments-et-boissons-à-base-de-végétaux, ,, Céréales-en-grains, ,, Céréales-et-dérivés, ,, Céréales-et-pommes-de-terre, ,, Plats-préparés","Organic, ,, Vegetarian, ,, Certified by Ecocert, ,, EU Organic, ,, Vegan, ,, No colorings, ,, AB Agriculture Biologique",,,France,"French: NE LUNYIENI PAS AUTUUR TKAUIIIUNNEL. NGRÉDIENTS QUINOA"" CUIT 672 (OUINOA"" 281, EAU, SEL, CURCUMA'), HARICOT VERT"" I1Z, PETIT POIS"" 9.82,. HUILE D'OLIVE"", ÉPINARD 2,5, SEL, CIBOULETTE"", PERSIL' 0.41, CORIANDRE"" 0.12, POIVRE"" BLANC. PEUT CONTENIR DES TRACES DE CÉLERI , MOUTARDE , FRUITS A COQUE , SÉSAME ET SOJA . *PRODUIT ISSU DE L'AGRICULTURE BI0LOGIQUE CERTIFIÉ PAR ECOCERT CONSERVATION Entre 0'C et 4""C, aprės l'ouverture 1 journée entre O et 4C. PENSEZ AU TRI ! CONSIGNES POUVANT VARIER",Celery,"Celery, Mustard, Nuts, Sesame seeds, Soybeans",18,B,,D,False,True,yes,moderate,low,low,moderate,510.0,122.0,8.2,1.3,9.5,0.1,1.16,2.5,0.5,0.2,,,2,3,1,,0,,2,1,0,0
https://world.openfoodfacts.org/product/4009300502302/manzanilla-con-anis-pompadour,4009300502302,Manzanilla con anís – Pompadour – 33.75 g,33.75 g,,Pompadour,"Beverages and beverages preparations, ,, Beverage preparations, ,, Herbal teas, ,, Herbal teas in tea bags","FSC, ,, FSC Mix, ,, Green Dot",,,"France, ,, Spain","Spanish: Manzanilla (matricaria chamomilla), anís verde (pimpinella anisum), aroma de anís verde.",,,5,B,,A,False,True,yes,,,,,3.0,1.0,0.1,0.1,0.2,0.1,0.1,0.0,0.0,0.0,,,0,0,0,0,0,0,0,0,0,0
https://world.openfoodfacts.org/product/5400141167726/yoghurt-entier-volle-yoghurt-everyday,5400141167726,Yoghurt entier Volle yoghurt – Everyday – 1l,1l,Elopak,Everyday,"Dairies, ,, Fermented foods, ,, Fermented milk products, ,, Desserts, ,, Dairy desserts, ,, Fermented dairy desserts, ,, Yogurts",,,Colruyt,Belgium,,,,,B,,B,,,,moderate,moderate,low,low,246.0,59.0,3.0,1.8,4.6,0.0,0.0,3.3,0.1275,0.051,,,1,2,1,0,1,1,0,1,0,0
https://world.openfoodfacts.org/product/6281100081036/sliced-bread-white-lusine,6281100081036,SLICED BREAD WHITE – lusine – 600g,600g,,lusine,"Plant-based foods and beverages, ,, Plant-based foods, ,, Cereals and potatoes, ,, Breads",,,,Saudi Arabia,"Wheat Flour , Water, Sugar, Wheat Gluten, Salt, Vegetable Oil (Palm), Yeast, Emulsifiers (Vegetable Oil Origin E471, E472e), Full Fat Soya Flour, Preservative (E282), Flour Treatment Agent (E300). Contains: Wheat Gluten, Soya and traces of milk . May Contain: Traces of Barley & Oats. STORE IN A COOL & DRY PLACE","Gluten, Milk, Soybeans",,15,B,4,,False,True,yes,moderate,low,low,moderate,1103.33333333333,263.0,3.33333333333333,0.0,50.0,0.0,3.33333333333333,10.0,1.0,0.4,,,2,7,5,3,0,0,4,4,1,0
https://world.openfoodfacts.org/product/3580281450024/riz-de-camargue-demi-complet-grain-de-frais,3580281450024,Riz de camargue demi complet – grain de frais – 500g,500g,Bag,grain de frais,"Plant-based foods and beverages, ,, Plant-based foods, ,, Cereals and potatoes, ,, Seeds, ,, Cereals and their products, ,, Frozen foods, ,, Cereal grains, ,, Rices, ,, Camargue rices, ,, Semi-milled rices","Organic, ,, EU Organic, ,, FR-BIO-01, ,, Green Dot, ,, PGI, ,, AB Agriculture Biologique, ,, Triman, ,, fr:IGP RIZ DE CAMARGUE",France,Saint priest,France,"French: Riz* demi-complet.
* Ingrédients issus de l'agriculture biologique",,,1,B,1,D,True,True,yes,low,low,low,low,1464.0,350.0,2.0,0.6,75.0,0.6,,6.8,0.0,0.0,,,2,4,2,,0,,0,2,0,0
https://world.openfoodfacts.org/product/8425205013877/garbanzo-pedrosillano-extra-gourmet-pedro-luis,8425205013877,GARBANZO Pedrosillano Extra Gourmet – Pedro Luis – 500 g,500 g,,Pedro Luis,"Plant-based foods and beverages, ,, Plant-based foods, ,, Legumes and their products, ,, Canned foods, ,, Legumes, ,, Seeds, ,, Canned plant-based foods, ,, Legume seeds, ,, Pulses, ,, Chickpeas, ,, Canned legumes, ,, Desi chickpeas, ,, Pedrosillano chickpeas",Green Dot,,,Spain,"Spanish: Garbanzos pedrosillanos, agua y sal marina.",,,3,B,3,A,True,True,yes,low,low,low,moderate,324.3,85.0,1.0,0.2,11.7,0.5,4.062975,5.2,0.9,0.36,,85.4196505299341,-2,6,8,,0,,4,2,1,5
https://world.openfoodfacts.org/product/6111021010221/confiture,6111021010221,Confiture,,,,"Plant-based foods and beverages, ,, Plant-based foods, ,, Breakfasts, ,, Spreads, ,, Plant-based spreads, ,, Sweet spreads, ,, Fruit and vegetable preserves, ,, Jams, ,, Berry jams",,,,Morocco,,,,,B,,B,,,,low,low,moderate,low,694.0,166.0,0.0,0.0,41.0,6.0,,1.0,0.0,0.0,,,2,3,1,2,1,0,0,0,0,1
https://world.openfoodfacts.org/product/5601228212012/oriente,5601228212012,Oriente – 1 kg,1 kg,,,"Plant-based foods and beverages, ,, Plant-based foods, ,, Cereals and potatoes, ,, Seeds, ,, Cereals and their products, ,, Cereal grains, ,, Rices",,Portugal,,Morocco,,,,,B,,E,,,,low,low,low,low,669.0,160.0,0.5,0.0,35.0,0.2,,3.0,0.0,0.0,,,-1,0,1,,0,,0,1,0,0
https://world.openfoodfacts.org/product/4056489291053/dinkel-nudeln-combino,4056489291053,Dinkel Nudeln – Combino – 500g,500g,Plastic,"Combino, ,, bioland","Plant-based foods and beverages, ,, Plant-based foods, ,, Cereals and potatoes, ,, Seeds, ,, Cereals and their products, ,, Cereal grains, ,, Pastas, ,, Cereal pastas, ,, Noodles, ,, Dry pastas, ,, Durum wheat pasta, ,, Wheats, ,, Spelts","Organic, ,, Bioland, ,, Nutriscore, ,, Nutriscore Grade A",,,Germany,German: Dinkelmehl' Type 630 (Weizenart). 'aus kontrolliert ökologischem Anbau.,,"Eggs, Soybeans",2,B,1,A,True,True,yes,low,low,low,low,1526.9,360.0,1.5,0.3,74.0,3.1,3.3,11.0,0.01,0.004,,0.0,-3,2,5,,0,,0,4,1,0
https://world.openfoodfacts.org/product/8718300873522/krokante-schnitzel-als-kip-vivera,8718300873522,Krokante Schnitzel als Kip – Vivera – 200 gram,200 gram,,Vivera,"Meat alternatives, ,, Meat analogues, ,, Vegetarische-schnitzel, ,, Vleesvervangers","Vegetarian, ,, Source of proteins, ,, Vegan, ,, Certified B Corporation, ,, High proteins, ,, Nutriscore, ,, Nutriscore Grade C",,,Belgium,"65% hydrated vegetable protein (water, 14% soy protein, 2% wheat protein), corn flakes (corn, sugar, salt, barley malt extract), vegetable oils (sunflower, rapeseed in varying proportions), water, starch (contains wheat ), vinegar, thickener (methylcellulose), wheat flour , natural flavourings, reduced sodium salt, herbs and spices, potato fibre, salt, meat powder, garlic powder, iron, vitamin b12","Gluten, Soybeans","Gluten, Milk",24,B,4,,True,True,yes,moderate,low,low,moderate,994.0,238.0,13.0,1.0,17.0,0.2,3.4,11.0,1.2,0.48,,,2,7,5,2,0,0,5,4,1,0
https://world.openfoodfacts.org/product/8410660049998/olive-oil-la-espanola,8410660049998,Olive Oil – La Española – 750 ml,750 ml,,La Española,"Plant-based foods and beverages, ,, Plant-based foods, ,, Fats, ,, Vegetable fats, ,, Olive tree products, ,, Vegetable oils, ,, Olive oils",,,,United Kingdom,"Refined olive oil, extra virgin olive oil.",,,2,B,2,E,True,True,yes,high,high,low,low,3439.0,822.0,91.4,12.8,0.0,0.0,0.0,0.0,0.0,0.0,,,-1,4,5,,0,,0,0,0,5
https://world.openfoodfacts.org/product/4088600324722/vegetable-oil-solesta,4088600324722,Vegetable oil – Solesta – 1 L,1 L,,"Aldi, ,, Solesta","Plant-based foods and beverages, ,, Plant-based foods, ,, Fats, ,, Vegetable fats, ,, Vegetable oils, ,, Rapeseed oils",,,,United Kingdom,,,,,B,2,C,,,,high,high,low,low,3464.0,828.0,92.0,6.5,0.5,0.5,0.5,0.5,0.01,0.004,,,2,2,0,,0,,0,0,0,0
https://world.openfoodfacts.org/product/5941883200260/malai-nobil-oltina,5941883200260,Malai Nobil – Oltina – 1kg,1kg,,Oltina,"Plant-based foods and beverages, ,, Plant-based foods, ,, Cereals and potatoes, ,, Cereals and their products, ,, Cereal semolinas",,,,Romania,,,,,B,,,,,,low,low,low,low,1517.0,358.0,1.5,0.3,75.0,0.3,,8.0,0.05,0.02,,,1,4,3,4,0,0,0,3,0,0
https://world.openfoodfacts.org/product/4004790103251/bio-tofu-gehacktes-berief,4004790103251,Bio Tofu Gehacktes – Berief – 180g,180g,"Plastic, ,, Cardboard, ,, Paperboard",Berief,"Plant-based foods and beverages, ,, Plant-based foods, ,, Legumes and their products, ,, Meat alternatives, ,, Tofu","Vegetarian, ,, Organic, ,, EU Organic, ,, Vegan, ,, DE-ÖKO-006, ,, EcoVeg, ,, FSC, ,, FSC Mix, ,, Made in Germany, ,, Nutriscore, ,, Nutriscore Grade C",,Deutschland,Germany,"German: Frittierter Tofu 93% ( Sojabohnen *, Trinkwasser, Sonnenblumenöl*), Gerstenmalz extrakt*, Meersalz, geräucherter Tofu 1% ( Sofabohnen *, Trinkwasser,  Buchenholzrauch), Pfeffer*. *aus kontrolliert biologischem Anbau Sojabohnen aus Europa","Gluten, Soybeans, de:sofabohnen",,12,B,3,A,True,True,yes,moderate,moderate,low,moderate,1111.0,267.0,18.0,2.9,1.5,0.8,0.373675,21.0,0.93,0.372,,62.3583333333333,2,9,7,3,0,2,4,7,0,0
https://world.openfoodfacts.org/product/4337256369954/weichweizen-griess-griess-ja,4337256369954,Weichweizen Griess Grieß – ja! – 1pcs,1pcs,,ja!,"Plant-based foods and beverages, ,, Plant-based foods, ,, Cereals and potatoes, ,, Seeds, ,, Cereals and their products, ,, Cereal grains, ,, Cereal semolinas, ,, Wheat semolinas, ,, Wheats, ,, Common wheats, ,, Soft wheat semolinas","Nutriscore, ,, Nutriscore Grade A",,,Germany,German: Weichweizengrieß,,,1,B,,A,False,True,yes,low,low,low,low,1381.1,333.0,0.8,0.1,69.0,0.8,,10.5,0.01,0.004,,0.0,-3,1,4,,0,,0,4,0,0
https://world.openfoodfacts.org/product/4056489575580/fabada-asturiana-lidl,4056489575580,Fabada Asturiana – Lidl,,,"Kania, ,, Lidl","Canned foods, ,, Meals, ,, Canned meals",,,,Spain,"Spanish: 50% alubias blancas, agua, 4,4% panceta curada (panceta de cerdo, sal), 4,4% morcilla curada (tocino de cerdo, cebolla, sangre de cerdo, pimentón, harina de arroz, sal, envoltura de colágeno 4,4% chorizo (magro y tocino de cerdo, pimentón, sal, ajo, envoltura de colágeno), manteca de cerdo, sal, pimentón dulce. Conservación:",,,23,B,3,,,False,no,moderate,moderate,low,moderate,578.0,141.0,8.5,3.0,9.0,0.4,4.3,6.5,0.83,0.332,,,2,7,5,1,0,2,4,2,2,1
https://world.openfoodfacts.org/product/26098074/pommes-rissolees-mr-frites,26098074,Pommes rissolées – Mr frites – 1 kg,1 kg,Frozen,Mr frites,"Plant-based foods and beverages, ,, Plant-based foods, ,, Cereals and potatoes, ,, Frozen foods, ,, Prepared potatoes, ,, Fried potato cubes, ,, Frozen fried potatoes, ,, Potatoes, ,, Frozen fried potato cubes, ,, Frozen cooked pre-fried potato cubes, ,, Frozen-pre-fried-potato-cubes",,,,France,,,,,B,,B,,,,moderate,low,low,low,502.0,120.0,3.3,0.4,19.0,0.7,,2.2,0.1,0.04,,,1,1,0,1,0,0,0,0,0,0
https://world.openfoodfacts.org/product/3100080044684/giraudet-soupe-lentille-corail-curry-bio-50cl,3100080044684,Giraudet Soupe Lentille Corail Curry Bio 50Cl – 50 cl,50 cl,"Metal, ,, Glass, ,, Bottle, ,, Fresh, ,, Lid, ,, fr:Bouteille en verre, ,, fr:Couvercle en métal",Giraudet,"Plant-based foods and beverages, ,, Plant-based foods, ,, Fruits and vegetables based foods, ,, Meals, ,, Soups, ,, Reheatable soups, ,, Vegetable soups, ,, Cold soups, ,, Reheatable vegetable soups, ,, Lentil soups","Organic, ,, Vegetarian, ,, Certified by Ecocert, ,, EU Organic, ,, Non-EU Agriculture, ,, Vegan, ,, Cooked in France, ,, EU Agriculture, ,, EU/non-EU Agriculture, ,, FR-BIO-10, ,, Green Dot",European Union and Non European Union,Bourg-en-Bresse,France,"French: EAU, LENTILLES CORAIL* 18%, PURÉE DE TOMATES*, OIGNONS*, HUILE D'OLIVE VIERGE EXTRA*, SEL MARIN, AIL*, CURRY* 0,2% 

* BIOLOGIQUE",,"Celery, Crustaceans, Eggs, Fish, Gluten, Lupin, Milk, Molluscs, Mustard, Nuts, Peanuts, Sesame seeds, Soybeans, Sulphur dioxide and sulphites",8,B,3,A,True,True,yes,low,low,low,moderate,326.0,78.0,2.2,0.3,10.7,0.8,,4.5,0.6,0.24,,,1,2,1,0,0,0,2,1,0,0
https://world.openfoodfacts.org/product/3263670041453/thon-blanc-a-l-huile-d-olive-1-phare-d-eckmuhl,3263670041453,Thon Blanc à L'huile D'olive 1 – Phare d'Eckmuhl – 104 g,104 g,fr:Couvercle en métal,Phare d'Eckmuhl,"Seafood, ,, Fishes and their products, ,, Canned foods, ,, Fishes, ,, Fatty fishes, ,, Canned fishes, ,, Tunas, ,, Canned tunas, ,, Tunas in oil, ,, Tuna in olive oil, ,, Albacore","Sustainable, ,, Organic, ,, Sustainable fishery, ,, EU Organic, ,, FR-BIO-10, ,, Sustainable Seafood MSC",,France,France,"French: Thon blanc, huile d'olive vierge extra (34%), sel.",Fish,,3,B,3,D,True,False,no,moderate,moderate,low,moderate,924.0,221.0,13.0,2.4,0.0,0.0,0.0,26.0,0.975,0.39,,,1,8,7,2,0,2,4,7,0,0
https://world.openfoodfacts.org/product/3263850571312/franprix-boisson-soja-nature-bio,3263850571312,Franprix boisson soja nature bio – 1 L,1 L,Cardboard,Franprix,"Beverages and beverages preparations, ,, Plant-based foods and beverages, ,, Beverages, ,, Plant-based foods, ,, Legumes and their products, ,, Dairy substitutes, ,, Milk substitutes, ,, Plant-based beverages, ,, Plant-based milk alternatives, ,, Legume-based drinks, ,, Soy-based drinks, ,, Unsweetened plain soy-based drinks","Organic, ,, EU Organic, ,, No GMOs, ,, fr:Soja Français, ,, FR-BIO-01, ,, French soy without GMOs, ,, AB Agriculture Biologique",,,"France, ,, Spain","French: Jus de soja (eau - graines de soja 6,7%)",Soybeans,,3,B,1,A,True,True,yes,moderate,low,low,low,139.0,33.0,1.8,0.3,0.8,0.4,0.5,3.2,0.0,0.0,,,-5,2,7,2,0,0,0,7,0,0
https://world.openfoodfacts.org/product/3266191012322/pates-completes-penne-la-vie-claire,3266191012322,Pâtes Complètes Penne – La Vie Claire – 500 g,500 g,"Plastic, ,, Bag",La Vie Claire,"Plant-based foods and beverages, ,, Plant-based foods, ,, Cereals and potatoes, ,, Cereals and their products, ,, Pastas, ,, Penne, ,, Penne rigate","Organic, ,, EU Organic, ,, FR-BIO-01, ,, AB Agriculture Biologique",,,France,,,,,B,,,,,,low,low,moderate,low,1439.0,344.0,2.7,0.58,64.5,5.0,,11.2,0.0,0.0,,,1,5,4,4,1,0,0,4,0,0
https://world.openfoodfacts.org/product/3275461006428/jambon-nature-sans-couenne-a-poeler-petitgas,3275461006428,Jambon nature sans couenne à poeler – Petitgas – 320 g,320 g,"Tray, ,, fr:Etui en carton, ,, fr:Film en plastique",Petitgas,"Meats and their products, ,, Meats, ,, Prepared meats, ,, Hams, ,, White hams","Low or no salt, ,, Low salt, ,, French meat, ,, Reduced salt, ,, 25% less salt, ,, French pork",,,France,"pore ham:, water, glucose syrup, salt, acidifier: e326, stabilizers: e450 e451, flavourings, antioxidant: e301, preservative: e250, origin: a, france, b, eu, see letter on the lot, cooked ham choice",,,19,B,4,E,False,False,no,low,low,low,high,405.0,97.0,1.2,0.4,1.5,1.5,,20.5,1.7,0.68,,,2,9,7,1,0,0,8,7,0,0
https://world.openfoodfacts.org/product/3505130005057/huile-d-olive-non-filtree-robert,3505130005057,"Huile d'olive ""non filtrée"" – Robert",,,Robert,"Plant-based foods and beverages, ,, Plant-based foods, ,, Fats, ,, Vegetable fats, ,, Olive tree products, ,, Vegetable oils, ,, Olive oils, ,, Extra-virgin olive oils, ,, Virgin olive oils",,,,France,French: PRODUIT NATUREL OLIVE VIERGE EXTRA EXTRACTION A FROID DEPUIS 1880,,,1,B,,D,False,True,yes,high,high,low,low,3447.0,824.0,91.5,12.6,0.0,0.0,,0.0,0.0,0.0,,,-1,4,5,,0,,0,0,0,5
https://world.openfoodfacts.org/product/5400112388532/guacamole-doux-delhaize,5400112388532,Guacamole Doux – Delhaize – 200 g,200 g,,Delhaize,"Plant-based foods and beverages, ,, Plant-based foods, ,, Condiments, ,, Spreads, ,, Plant-based spreads, ,, Sauces, ,, Dips, ,, Guacamoles, ,, Groceries",,,,Belgium,"avocado hass 95.5%, onion, salt, lime juice coriander, antioxidant (ascorbic acid), thickener (xanthan gum) garlic powder",,,10,B,4,C,True,True,yes,moderate,moderate,low,moderate,757.0,181.0,16.0,2.1,7.1,1.8,4.2,1.9,0.83,0.332,,,1,8,7,2,0,2,4,0,2,5
https://world.openfoodfacts.org/product/8001120904270/001120904270-coop,8001120904270,001120904270 – Coop,,,Coop,"Dairies, ,, Fermented foods, ,, Fermented milk products, ,, Desserts, ,, Dairy desserts, ,, Fermented dairy desserts, ,, Yogurts, ,, Plain fermented dairy desserts, ,, Plain yogurts, ,, Cow milk yogurts",,,,Italy,YOGURT INTERO BIANCO NATURALE,,,1,B,,B,False,True,yes,moderate,moderate,low,low,313.0,75.0,4.2,2.9,5.5,4.4,,3.7,0.1,0.04,,,2,3,1,0,1,2,0,1,0,0
https://world.openfoodfacts.org/product/8410707001286/exotico-nectar-de-mango-sin-azucares-anadidos-brik-juver,8410707001286,Exótico néctar de mango sin azúcares añadidos brik – Juver,,,Juver,"Beverages and beverages preparations, ,, Plant-based foods and beverages, ,, Beverages, ,, Plant-based beverages, ,, Fruit-based beverages, ,, Juices and nectars, ,, Fruit nectars, ,, Fruit juices, ,, Mango nectars",No added sugar,,,"France, ,, Spain",,,,,B,,C,,,,low,low,moderate,low,96.0,23.0,0.1,0.0,5.0,4.5,0.5,0.3,0.01,0.004,,,-1,5,6,2,3,0,0,0,0,6
https://world.openfoodfacts.org/product/5054268103923/tesco-basil-pesto-and-semi-dried-tomato-pasta,5054268103923,Tesco basil pesto and semi-dried tomato pasta – 225g,225g,,Tesco,"Meals, ,, Pasta dishes",,,,"France, ,, United Kingdom","Cooked Pasta [Water, Durum Wheat Semolina], Basil Pesto [Medium Fat Hard Cheese ( Milk ), Basil, Sunflower Oil, Extra Virgin Olive Oil, Salt, Garlic Purée, Acidity Regulator (Citric Acid), Antioxidant (Ascorbic Acid)], Marinated Semi Dried Tomatoes (8%) [Tomato, Sunflower Oil, Salt, Garlic, Oreganol, Spinach, Rapeseed Oil, Spirit Vinegar, Basil, Pecorino Medium Fat Hard Cheese ( Milk ), Sugar, Malt Vinegar ( Barley ), White Wine Vinegar, Cornflour, Mustard Seeds, Salt, Mustard Flour, Black Pepper, Parsley, Garlic Purée, Tarragon Oil, Thyme, Clove, Nutmeg, Ground Pimento, Ground Turmeric.","Gluten, Milk, Mustard",,42,B,3,,True,True,no,moderate,moderate,low,low,783.0,187.0,7.6,2.1,22.7,3.1,2.4,6.1,0.00108,0.000432,,,2,4,2,2,0,2,0,2,0,0
https://world.openfoodfacts.org/product/0602652257230/dark-chocolate-nuts-sea-salt-kind,0602652257230,Dark Chocolate Nuts & Sea Salt – KIND – 20 g,20 g,,KIND,"Snacks, ,, Sweet snacks, ,, Cocoa and its products, ,, Bars, ,, Chocolates",No gluten,,,"France, ,, United States","Almonds , peanuts , chicory root fiber, honey, palm kernel oil, sugar, glucose syrup, rice flour, unsweetened chocolate, alkalized cocoa, sea salt, soy lecithin , natural flavor, cocoa butter","Nuts, Peanuts, Soybeans",,14,B,4,,False,,no,high,low,low,moderate,1882.0,450.0,35.0,0.0,40.0,0.0,0.0,17.5,0.875,0.35,0.0,,2,9,7,5,0,0,4,7,0,0
https://world.openfoodfacts.org/product/8414606606092/pan-de-molde-100-integral-tradipan,8414606606092,Pan de molde 100% integral – Tradipan,,,Tradipan,"Plant-based foods and beverages, ,, Plant-based foods, ,, Cereals and potatoes, ,, Cereals and their products, ,, Breads, ,, Sliced breads, ,, Wholemeal breads, ,, Wholemeal sliced breads","Green Dot, ,, No lactose",,,Spain,"Spanish: Harina de trigo integral (59,6%), agua, levadura, aceite de girasol, azúcar, masa madre de trigo, gluten de trigo , sal y vinagre de vino.",Gluten,,9,B,4,B,True,True,maybe,moderate,low,low,moderate,1092.0,261.0,3.1,0.5,44.2,3.0,5.9,11.0,1.2,0.48,,,1,8,7,3,0,0,5,4,3,0
https://world.openfoodfacts.org/product/8595229918967/super-mysli-k%C5%99upave-s-jahodami-emco,8595229918967,Super mysli křupavé s jahodami – Emco – 500 g,500 g,,Emco,"Plant-based foods and beverages, ,, Plant-based foods, ,, Breakfasts, ,, Cereals and potatoes, ,, Cereals and their products, ,, Breakfast cereals, ,, Cereals with fruits, ,, Flakes, ,, Mueslis, ,, Cereal flakes, ,, Mueslis with fruits",,,,Czech Republic,"ovesné vločky 51 %, vláknina z kořene čekanky 22%, pšeničná mouka, řepkový olej, kukuřično-pšeničná křupka (kukuřičná krupice, pšeničná mouka, pšeničná krupice, kukuřičná mouka), kukuřično-pšeničný extrudát (kukuřice, jahody 1,5%, přírodní aroma, antioxidanty (askorbylpalmitát, pšenice, jedlá sůl), strouhaný kokos 2%, mrazem sušené přirodní extrakt s vysokým obsahem tokoferolů). Vyrobek může obsahovat arašídy, sóju, mléko a ořechy. Skladujte v suchu a chraňte před teplem.",Gluten,"Milk, Soybeans",19,B,4,B,,True,yes,moderate,moderate,moderate,low,1770.0,360.0,11.0,2.4,67.0,6.6,4.8,11.0,0.05,0.02,,,2,8,6,5,1,2,0,4,2,0
https://world.openfoodfacts.org/product/4056489115274/poitrine-de-poulet-lidl,4056489115274,Poitrine de poulet – Lidl – 200g,200g,,Lidl,"Meats and their products, ,, Prepared meats, ,, Chicken and its products, ,, Prepared poultry meats, ,, fr:Charcuteries cuites, ,, Poultry hams, ,, Prepared chicken meats, ,, Cooked chicken breast slices",Made in Germany,,,"Germany, ,, Switzerland",,,,,B,,,,,,low,low,low,high,484.0,114.0,2.0,0.6,2.0,1.0,0.0,22.0,1.8,0.72,,,2,9,7,1,0,0,8,7,0,0
https://world.openfoodfacts.org/product/9006548353005/land-frischkase-natur-schardinger,9006548353005,Land frischkäse Natur – Schärdinger – 200g,200g,,Schärdinger,"Dairies, ,, Fermented foods, ,, Fermented milk products, ,, Cheeses, ,, Spreads, ,, Salted spreads, ,, Cheese spreads, ,, Cottage cheeses",,,,"Austria, ,, Germany","German: Cottage Cheese, Salz.",,,2,B,3,D,False,True,yes,moderate,moderate,low,moderate,405.0,97.0,4.5,2.9,3.0,0.0,,11.0,0.6,0.24,,,1,5,4,1,0,2,2,4,0,0
https://world.openfoodfacts.org/product/3770004509928/marcel-bio-soupe-panais-pomme-noisette-bio-48cl,3770004509928,Marcel Bio Soupe Panais Pomme Noisette Bio 48cl – 48 cl,48 cl,Glass,Marcel Bio,"Plant-based foods and beverages, ,, Plant-based foods, ,, Fruits and vegetables based foods, ,, Meals, ,, Soups, ,, Vegetable soups, ,, Soups (prepared) (Shelf Stable)","Vegetarian, ,, Organic, ,, Certified by Ecocert, ,, EU Organic, ,, Non-EU Agriculture, ,, Vegan, ,, EU Agriculture, ,, EU/non-EU Agriculture, ,, FR-BIO-01",,,France,"French: Eau, panais*(30,5%), pomme de terre*, pomme*(4%), poudre de noisette*(2,8%), huile d'olive extra vierge*, ail*, oignon*, sel.
*Ingrédients issus de l'agriculture biologique",Nuts,,9,B,3,A,True,True,yes,moderate,low,low,moderate,311.0,75.0,4.7,0.5,6.2,2.2,1.6,1.1,0.6,0.24,,,2,2,0,0,0,0,2,0,0,0
https://world.openfoodfacts.org/product/6181100223026/dinor-sania,6181100223026,Dinor – sania – 1.5L,1.5L,,sania,"Plant-based foods and beverages, ,, Plant-based foods, ,, Fats, ,, Vegetable fats, ,, Vegetable oils, ,, Palm oils",,,,Côte d'Ivoire,"French: Huile de palme raffinée, Vitamine A.",,,2,B,2,D,False,True,yes,high,low,low,low,3765.0,900.0,100.0,0.0,0.0,0.0,0.0,0.0,0.0,0.0,,,0,0,0,,0,,0,0,0,0
https://world.openfoodfacts.org/product/7310865866424/mild-yoghurt-arla,7310865866424,Mild yoghurt – ARLA,,,Arla,"Dairies, ,, Fermented foods, ,, Fermented milk products, ,, Desserts, ,, Dairy desserts, ,, Fermented dairy desserts, ,, Yogurts",FSC,,,Sweden,,,,,B,,B,,,,moderate,moderate,low,low,242.0,58.0,3.0,1.9,3.7,3.7,,3.5,0.0875,0.035,,,1,2,1,0,1,1,0,1,0,0
https://world.openfoodfacts.org/product/5900334014443/strawberry-apple-banana-carrot-tymbark,5900334014443,Strawberry Apple Banana Carrot – Tymbark – 120 g,120 g,Plastic,Tymbark,"Plant-based foods and beverages, ,, Beverages, ,, Plant-based beverages, ,, Fruit-based beverages, ,, Juices and nectars, ,, Fruit juices, ,, Multifruit juices",No added sugar,,"PL 43-100, ,, Tychy, ,, Polska",Poland,"Polish: przeciery z: jabłek (34%), bananów (30%) i truskawek (27%), soki z zagęszczonych soków z: marchwi (5%) i jabłek (4%), witamina E.",,,8,B,4,E,True,True,yes,low,low,low,low,261.0,58.0,0.416666666666667,0.0,14.1666666666667,0.0,0.0,0.833333333333333,0.0,0.0,0.0,,-1,5,6,5,0,0,0,0,0,6
https://world.openfoodfacts.org/product/8414100387510/schweppes-zero-citrus,8414100387510,Schweppes Zero Citrus – 330ml,330ml,,Schweppes,"Beverages and beverages preparations, ,, Beverages, ,, Carbonated drinks, ,, Artificially sweetened beverages, ,, Sodas, ,, Sweetened beverages",Green Dot,,,Spain,"Spanish: Agua, dióxido de carbono, extractos de naranja, acidulante ácido citrico, edulcorantes Pacesulfamo Ky sucralose, conservador: sorbato potásico, aromas maturales de citricos con otros aromas naturales, estabilitzantes: octenilsuccinato sódico de almidón y ésteres glicéridos de colofonia de madera, antioxidante: ácido ascórbico. 4 14 100 Ingredientes: água, dióxido de carbono, extratos de laranja, acidificante ácido citrico, edulcorantes acesulfame Ke sucralose, conservante: sorbato de potássio, aromas maturais de citricos com outros aromas naturals, estabilizadores: octenilsuccinato de amido sódico e ésteres de glicerol de colofónia, antioxidante: ácido ascórbico.",,,28,B,4,,True,True,yes,low,low,low,low,8.0,2.0,0.0,0.0,0.2,0.1,,0.0,0.01,0.004,0.0,,0,0,0,0,0,0,0,0,0,0
https://world.openfoodfacts.org/product/8002670169041/latte-parzialmente-scremato-uht-a-lunga-conservazione-granarolo,8002670169041,Latte parzialmente scremato uht a lunga conservazione – Granarolo – 500ml,500ml,,Granarolo,"Dairies, ,, Desserts, ,, Milks, ,, Homogenized milks, ,, Semi-skimmed milks, ,, UHT Milks",,Italy,,"France, ,, Germany, ,, Italy",Italian: Latte,Milk,,1,B,1,C,True,True,no,low,low,moderate,low,202.0,48.0,1.6,1.0,5.0,5.0,0.0,3.4,0.1,0.04,,0.0,-1,6,7,3,3,0,0,7,0,0
https://world.openfoodfacts.org/product/8003160050238/lenticchie-conad,8003160050238,Lenticchie – Conad,,,Conad,"Plant-based foods and beverages, ,, Plant-based foods, ,, Legumes and their products, ,, Canned foods, ,, Legumes, ,, Seeds, ,, Canned plant-based foods, ,, Legume seeds, ,, Pulses, ,, Lentils, ,, Canned legumes, ,, Green lentils, ,, Canned lentils",,,,Italy,"Italian: Lenticchie secche reidratate, acqua, concentrato di pomodoro, sale.",,,4,B,3,A,True,,maybe,low,low,low,low,238.0,57.0,0.3,0.1,8.5,0.6,,3.7,0.0,0.0,,,-2,4,6,,0,,0,1,0,5
https://world.openfoodfacts.org/product/7610227932720/plant-based-filet-poulet-art-the-green-mountain,7610227932720,Plant-based Filet (Poulet-art) – The Green Mountain – 280 g,280 g,,The Green Mountain,"Meat alternatives, ,, Meat analogues","Vegetarian, ,, Source of proteins, ,, Vegan, ,, European Vegetarian Union, ,, European Vegetarian Union Vegan, ,, High proteins, ,, Made in Swiss, ,, Unfrozen",,,Switzerland,"French: Eau, protéines végétales 20% ( blé , soja , petits pois), huile de colza, arôme, épaississants (méthylcellulose, gomme xanthane), inuline, vinaigre d'alcool, épices, jus de citron concentré, ketchup (purée de tomates concentrée, eau, vinaigre de vin blanc, sirop de glucose, sucre de canne brut, fécule de maïs, sel de cuisine iodé), curry, sel de cuisine, jus de betterave concentré colorant, vitamine B12.","Gluten, Soybeans",,26,B,4,,True,True,yes,moderate,low,low,high,660.0,157.0,10.7142857142857,0.714285714285714,5.21428571428571,0.5,4.78571428571429,12.1428571428571,1.75535714285714,0.702142857142857,,,2,9,7,1,0,0,8,5,2,0
https://world.openfoodfacts.org/product/8402001000911/leche-fibra-baja-en-grasa-hacendado,8402001000911,Leche fibra baja en grasa – Hacendado – 1 litro,1 litro,,Hacendado,"Dairies, ,, Milks (liquid and powder), ,, Milks, ,, Semi-skimmed milks",Green Dot,Spain,,Spain,"Spanish: Leche parcialmente desnatada, 
fibra vegetal soluble (inulina) 4%.",Milk,,3,B,4,C,True,True,no,low,low,low,low,214.0,51.0,1.3,0.9,4.8,4.8,4.0,3.0,0.13,0.052,,,0,7,7,4,3,0,0,6,1,0
https://world.openfoodfacts.org/product/5601228248837/vaporizado,5601228248837,Vaporizado,,,,"Plant-based foods and beverages, ,, Plant-based foods, ,, Cereals and potatoes, ,, Seeds, ,, Cereals and their products, ,, Cereal grains, ,, Rices, ,, Parboiled rices",Green Dot,,,"France, ,, Morocco",,,,,B,,,,,,low,low,low,low,1451.0,347.0,0.9,0.2,77.0,0.1,1.2,7.1,0.0,0.0,,,1,3,2,,0,,0,2,0,0
https://world.openfoodfacts.org/product/00496384/crayfish-mango-rice-salad-marks-spencer,00496384,Crayfish mango rice salad – Marks & Spencer – 360 g,360 g,,Marks & Spencer,"Meals, ,, Prepared salads, ,, Salads",,,,United Kingdom,"Turmeric Rice (20%), Quinoa, Crayfish (13%), Coconut and Chilli Dressing (11%), Cooked Rice (10%), Carrots, Mango (7%), Peppers Rocket. Rapeseed Oil, Lemon Juice, White Wine Vinegar, Coriander, Cracked Black Pepper. COCONUT AND CHILLI DRESSING contains Water, Coconut Cream, Lime Juice, Sugar, Rapeseed Oil, Lemongrass, Salt. Ginger Purée, Cornflour, Lime Leaves, Chilli Infused Sunflower Oil, Red Chilli Purée, White Wine Vinegar, Pasteurised Egg Yolk, Turmeric Vinegar - Dried Mustard, Concentrated Lemon Juice, Ground Allspice.","Crustaceans, Eggs, Mustard",,33,B,3,,True,False,no,moderate,low,low,moderate,506.0,121.0,4.5,0.8,14.5,1.8,1.8,4.6,0.4,0.16,,,1,2,1,1,0,0,1,1,0,0
https://world.openfoodfacts.org/product/8411320334027/atun-claro-en-aceite-de-oliva-conservas-ortiz,8411320334027,Atun claro en aceite de oliva – Conservas Ortiz – 112 g,112 g,Can,Conservas Ortiz,"Seafood, ,, Fishes and their products, ,, Canned foods, ,, Fishes, ,, Fatty fishes, ,, Canned fishes, ,, Tunas, ,, Canned tunas, ,, Tunas in oil, ,, Tuna in olive oil, ,, es:Atún claro en aceite de oliva",,Spain,,"France, ,, Mexico, ,, United Kingdom","Spanish: Atún aleta amarilla-solido, aceite de oliva y sal.",,,3,B,3,E,False,True,yes,moderate,moderate,,moderate,993.0,237.0,14.9,2.5,0.0,,,24.4,1.1,0.44,,,2,9,7,2,0,2,5,7,0,0
https://world.openfoodfacts.org/product/3564700006320/frites-classiques-marque-repere,3564700006320,Frites classiques – Marque Repère – 2.5 kg,2.5 kg,Bag,"Marque Repère, ,, Pom'Lisse","Chips and fries, ,, Frozen foods, ,, Frozen fried potatoes, ,, Fries, ,, Frozen fries",,,,France,"potatoes 95%, sunflower oil 4%, dextrose",,,3,B,4,A,True,True,yes,moderate,low,low,low,497.0,123.0,3.7,0.4,22.0,0.5,2.1,2.3,0.11,0.044,,,1,1,0,1,0,0,0,0,0,0
https://world.openfoodfacts.org/product/20382186/jogurt-3-7-pilos,20382186,Jogurt 3.7% – Pilos – 150 g,150 g,Plastic,"Hollandia, ,, Pilos","Dairies, ,, Fermented foods, ,, Fermented milk products, ,, Desserts, ,, Dairy desserts, ,, Fermented dairy desserts, ,, Yogurts",,Czech Republic,Česko,Czech Republic,"Czech: Slozeni: mléko, mléčná bílkovina, jogurtová kultura, kultura Bifidobacterium BB12 a Lactobacillus acidophilus LA5.",Milk,,4,B,,A,False,True,yes,moderate,moderate,low,low,278.0,67.0,3.7,2.6,4.4,4.4,,3.9,0.00025,0.0001,,0.0,2,3,1,0,1,2,0,1,0,0
https://world.openfoodfacts.org/product/3374270030324/plain-yoghurt-ferme-des-peupliers,3374270030324,Plain yoghurt – Ferme des Peupliers – 125g,125g,"Glass, ,, Pot, ,, fr:Pot en verre",Ferme des Peupliers,"Dairies, ,, Fermented foods, ,, Fermented milk products, ,, Desserts, ,, Dairy desserts, ,, Fermented dairy desserts, ,, Yogurts, ,, Plain fermented dairy desserts, ,, Plain yogurts, ,, Cow milk yogurts, ,, Whole milk yogurts","Fed without GMOs, ,, No GMOs, ,, fr:Concours général agricole, ,, fr:Médaille d'or du Concours général agricole, ,, fr:Médaille d'or du concours général agricole 2019","France, ,, Normandy, ,, fr:Flipou","France, ,, Flipou, ,, Normandie",France,"Milk Normandy origin from animals fed without GMO (<0.9%) (contains milk ), skimmed milk powder, lactic culture",Milk,,3,B,3,A,True,True,no,moderate,moderate,low,low,269.7,64.0,3.2,2.1,4.8,4.8,0.0,4.1,0.01,0.004,,0.0,2,3,1,0,1,2,0,1,0,0
https://world.openfoodfacts.org/product/0096619516735/organic-whole-cashews-kirkland-signature,0096619516735,organic whole cashews – Kirkland signature – 1130 g,1130 g,"Bag, ,, Box",Kirkland signature,"Plant-based foods and beverages, ,, Plant-based foods, ,, Nuts and their products, ,, Nuts, ,, Cashew nuts","Organic, ,, USDA Organic",,,"France, ,, Spain, ,, United States","organic cashews (steam pasteurized), contains : cashews",Nuts,,2,B,1,E,False,True,yes,high,high,moderate,low,2409.0,576.0,42.8,7.1,28.5,7.1,,17.8,0.03,0.012,,,-1,6,7,,2,,0,7,0,0
https://world.openfoodfacts.org/product/00952811/raisin-rosemary-crisps-trader-joe-s,00952811,Raisin Rosemary Crisps – Trader Joe's – 150g,150g,Paper,Trader Joe's,"Snacks, ,, Salty snacks, ,, Appetizers, ,, Biscuits and crackers, ,, Crackers (Appetizers)",,Product of Canada,,United States,"CULTURED LOW FAT BUTTERMILK (LOWFAT MILK, SALT, CULTURE), UNBLEACHED WHEAT FLOUR, CANE SUGAR, SUNFLOWER SEEDS, RAISINS, FLAX SEED, MILLET, BAKING SODA, SEA SALT, DRIED ROSEMARY, BLACK PEPPER. CONTAINS MILK , WHEAT . MAY CONTAIN TRACES OF EGGS , PEANUTS , TREE NUTS , SOY .","Gluten, Milk","Eggs, Nuts, Peanuts, Soybeans",14,B,3,A,True,,no,moderate,low,moderate,low,675.0459375,300.0,3.86189375,0.6812046875,25.147396875,13.3333333333333,4.663890625,6.2006546875,0.21492490625,,,3.15625,1,5,4,2,2,0,1,2,2,0
https://world.openfoodfacts.org/product/00997362/tomato-basil-spaghetti-marks-and-spencer,00997362,Tomato & Basil Spaghetti – Marks and Spencer – 400 g,400 g,"Carton, ,, Frais, ,, Plastique, ,, Card-sleeve, ,, Pet-tray, ,, Pp film-film",Marks & Spencers,"Meals, ,, Pasta dishes, ,, Refrigerated foods, ,, Refrigerated meals, ,, Microwave meals",Green Dot,,Royaume-Uni,"France, ,, United Kingdom","French: Pâtes cuites (42 %) (eau, semoule de blé dur (contient gluten )), tomates (38 %), concentré de tomate cerise, huile de colza, fromage parmesan ( lait ) (2 %), huile de tournesol infusée au basilic, huile d'olive vierge extra, sucre, vinaigre de vin rouge, purée d'ail, fécule de maïs, sel, basilic, persil, stabilisant : pectine, poivre noir grossièrement moulu.","Gluten, Milk",,19,B,4,,True,True,yes,moderate,low,low,moderate,472.0,113.0,3.7,1.2,15.8,2.0,1.0,3.7,0.54,0.216,,,2,4,2,1,0,1,2,1,0,1
https://world.openfoodfacts.org/product/3256222113715/pommes-de-terre-entieres-boite-530g-u,3256222113715,Pommes de terre entières - Boîte 530g – U – 530 g,530 g,Box,U,"Plant-based foods and beverages, ,, Plant-based foods, ,, Fruits and vegetables based foods, ,, Canned foods, ,, Cereals and potatoes, ,, Vegetables based foods, ,, Canned plant-based foods, ,, Canned vegetables, ,, Prepared potatoes, ,, Potatoes, ,, Canned potatoes","Nutriscore, ,, Nutriscore Grade B, ,, Transformed in France",,,France,"French: Pommes de terre (France), eau, sel, antioxydant : acide ascorbique",,,5,B,3,A,True,True,yes,low,low,low,moderate,253.0,60.0,0.5,0.1,12.0,0.7,2.2,1.5,0.56,0.224,,0.0,2,2,0,0,0,0,2,0,0,0
https://world.openfoodfacts.org/product/3336590103362/25cl-huile-d-avocat-bio-cauvin,3336590103362,25CL Huile D'avocat Bio Cauvin,,,Cauvin,"Plant-based foods and beverages, ,, Plant-based foods, ,, Fats, ,, Vegetable fats, ,, Vegetable oils, ,, Fruit and fruit seed oils, ,, Avocado oils","Organic, ,, EU Organic, ,, Green Dot",,,France,,,,,B,2,E,,,,high,high,low,low,3765.0,900.0,100.0,17.0,0.0,0.0,0.0,0.0,0.0,0.0,,,2,7,5,,0,,0,,0,5
https://world.openfoodfacts.org/product/3350033041523/eau-saveur-citron-citron-vert-monoprix,3350033041523,"Eau saveur citron citron vert – Monoprix – 1,5 l","1,5 l","Glass, ,, Bottle",Monoprix,"Beverages and beverages preparations, ,, Beverages, ,, Frozen foods, ,, Waters, ,, Flavored waters, ,, Flavored spring waters, ,, Unsweetened flavored waters",Natural flavors,,,France,"French: Eau de source (99,7%) - acidifiant : acide citrique - arôme naturel de citron-citron vert - arôme naturel de citron.",,,6,B,4,A,True,True,yes,low,low,low,low,0.0,0.0,0.0,0.0,0.0,0.0,,0.0,0.06,0.024,,,0,0,0,0,0,0,0,0,0,0
https://world.openfoodfacts.org/product/3380390030403/sarrasin-primeal,3380390030403,Sarrasin – Priméal – 500 g,500 g,"Plastic, ,, Bag",Priméal,"Plant-based foods and beverages, ,, Plant-based foods, ,, Cereals and potatoes, ,, Seeds, ,, Cereals and their products, ,, Cereal grains, ,, Buckwheat","Organic, ,, EU Organic, ,, EU Agriculture, ,, FR-BIO-01",,,France,buckwheat,,,1,B,1,A,True,True,yes,moderate,low,low,low,1436.0,339.0,3.0,0.6,64.0,0.8,5.6,11.3,0.0,0.0,,,-5,2,7,,0,,0,4,3,0
https://world.openfoodfacts.org/product/3493836040383/tajine-poulet-citron-la-reserve-de-champlat,3493836040383,Tajine poulet citron – La Réserve De Champlat – 340 g,340 g,,La Réserve De Champlat,"Meals, ,, Meats and their products, ,, Meals with meat, ,, Poultry meals, ,, Meals with chicken, ,, Tajine, ,, Chicken tajine","Organic, ,, EU Organic, ,, Non-EU Agriculture, ,, EU Agriculture, ,, EU/non-EU Agriculture, ,, FR-BIO-01, ,, No additives, ,, AB Agriculture Biologique",91% origine France. poulet France,France,France,"French: Courgettes*, poulet  (20%), carottes, oignons, tomates*, eau, raisins secs, abricots secs, sel, citrons confits* (0,5%) (citron*, sel), ail*, épices*, huile d'olive vierge extra.""",None,"Celery, Nuts, Sesame seeds, Soybeans",15,B,3,C,True,False,no,low,low,moderate,moderate,316.0,75.0,2.0,0.3,8.1,6.3,1.3,5.5,0.86,0.344,,,1,5,4,0,1,0,4,2,0,2
https://world.openfoodfacts.org/product/3560070684120/pommes-de-terre-entieres-simpl,3560070684120,Pommes de terre entières – Simpl – 800 g,800 g,Canned,"Simpl, ,, produits blancs","Plant-based foods and beverages, ,, Plant-based foods, ,, Fruits and vegetables based foods, ,, Canned foods, ,, Cereals and potatoes, ,, Vegetables based foods, ,, Canned plant-based foods, ,, Canned vegetables, ,, Prepared potatoes, ,, Potatoes, ,, Canned potatoes","Made in Belgium, ,, Nutriscore, ,, Nutriscore Grade B",,Pays-Bas,France,"French: Pommes de terre, eau, sel, antioxydant : acide ascorbique.",,,5,B,3,A,True,True,yes,low,low,low,moderate,261.0,62.0,0.0,0.0,13.0,0.5,1.5,1.4,0.5,0.2,,,2,2,0,0,0,0,2,0,0,0
https://world.openfoodfacts.org/product/3663362000964/petites-carottes-primeale,3663362000964,Petites carottes – Priméale – 500 g,500 g,"Plastic, ,, Bag",Priméale,"Plant-based foods and beverages, ,, Plant-based foods, ,, Fruits and vegetables based foods, ,, Vegetables based foods, ,, Vegetables, ,, Fresh foods, ,, Fresh plant-based foods, ,, Carrots, ,, Fresh vegetables, ,, Fresh carrots","Green Dot, ,, Haute Valeur Environnementale, ,, fr:Origine France",France,France,France,French: Carottes Landes de Gascogne.,,,1,B,,,False,True,yes,low,low,low,low,162.0,39.0,0.5,0.1,6.8,4.7,,0.9,0.17,0.068,,,1,1,0,0,1,0,0,0,0,0
https://world.openfoodfacts.org/product/4316268546638/cashews-geroestet-ungesalzen-clarkys,4316268546638,Cashews geroestet ungesalzen – Clarkys – 150g,150g,Canned,Clarkys,"Plant-based foods and beverages, ,, Plant-based foods, ,, Nuts and their products, ,, Nuts, ,, Bulk, ,, Cashew nuts, ,, Roasted nuts, ,, Roasted cashew nuts",,,,Germany,"German: 95% Cashewkerne , Sonnenblumenöl.",Nuts,"Nuts, Peanuts",2,B,3,E,True,True,yes,high,high,moderate,low,2593.0,625.0,50.6,9.3,21.9,5.9,3.8,18.7,0.03,0.012,,,-3,5,8,,1,,0,7,1,0
https://world.openfoodfacts.org/product/5410106010127/riz-complet-bosto,5410106010127,Riz complet – Bosto – 8x125 grammes,8x125 grammes,Pack,Bosto,"Plant-based foods and beverages, ,, Plant-based foods, ,, Cereals and potatoes, ,, Seeds, ,, Cereals and their products, ,, Cereal grains, ,, Rices, ,, Brown rices","Nutriscore, ,, Nutriscore Grade A",,,"Belgium, ,, France, ,, Germany",brown rice,,,1,B,1,,True,True,yes,low,low,low,low,1460.0,349.0,2.2,0.7,72.0,0.5,4.4,8.0,0.02,0.008,,,-1,4,5,,0,,0,3,2,0
https://world.openfoodfacts.org/product/8410500017446/danacol-natural-0-danone,8410500017446,Danacol Natural 0% – Danone – 1400 g (100 g x 14),1400 g (100 g x 14),,Danone,"Beverages and beverages preparations, ,, Beverages, ,, Dairies, ,, Fermented foods, ,, Fermented milk products, ,, Desserts, ,, Dairy desserts, ,, Dairy drinks, ,, Fermented dairy desserts, ,, Fermented drinks, ,, Fermented milk drinks, ,, Yogurts, ,, Yogurt drinks",,,,"France, ,, Spain",,,,,B,,E,,,,low,low,moderate,low,169.9,40.0,1.1,0.1,4.4,4.1,,3.2,0.13,0.052,,,-1,6,7,3,3,0,0,7,0,0
https://world.openfoodfacts.org/product/8410344111317/aceitunas-benefit-serpis,8410344111317,Aceitunas benefit – Serpis,,,Serpis,"Plant-based foods and beverages, ,, Plant-based foods, ,, Pickles, ,, Olive tree products, ,, Plant-based pickles, ,, Olives, ,, Green olives, ,, Stuffed olives, ,, Green stuffed olives, ,, Green olives stuffed of anchovies",,,,"France, ,, Spain","French: 7 300 g contenido neto contenido 130 g e neto escurrido Informacién nutricional Valores medios por 100g Valor energético 59418 Kj 1144,",,,1,B,,A,False,True,yes,moderate,moderate,low,moderate,605.0,144.0,15.0,2.5,0.0,0.0,20.0,1.4,1.0,0.4,,,2,7,5,1,0,2,4,0,5,0
https://world.openfoodfacts.org/product/8717677035083/coconut-water-healthy-people,8717677035083,Coconut water – Healthy People – 1000 ml,1000 ml,,Healthy People,"Plant-based foods and beverages, ,, Beverages, ,, Plant-based beverages, ,, Coconut waters","No gluten, ,, Vegetarian, ,, Vegan",,,"France, ,, Netherlands","Coconut water from concentrate 99.9%, natural aroma, vitamin C.",,,3,B,4,E,True,True,yes,low,low,moderate,moderate,78.0,19.0,0.0,0.0,4.4,4.0,,0.2,0.169,0.0676,,,-2,4,6,1,3,0,0,0,0,6
https://world.openfoodfacts.org/product/24011013/aceite-de-oliva-virgen-extra-olearia,24011013,Aceite de oliva virgen extra – Olearia,,,Olearia,"Plant-based foods and beverages, ,, Plant-based foods, ,, Fats, ,, Vegetable fats, ,, Olive tree products, ,, Vegetable oils, ,, Olive oils, ,, Virgin olive oils",,,,Spain,,,,,B,2,E,,,,high,high,low,low,3443.0,823.0,91.5,11.9,0.0,0.0,,0.0,0.0,0.0,,,-1,4,5,,0,,0,0,0,5
https://world.openfoodfacts.org/product/7896066301778/43-integral-premium-wickbold,7896066301778,43% Integral Premium – Wickbold – 550 g,550 g,Plastic,Wickbold,"Plant-based foods and beverages, ,, Plant-based foods, ,, Cereals and potatoes, ,, Breads",Contains gluten,,,Brazil,"Portuguese: Farinha de trigo integral , farinha de trigo enriquecida com ferro e acido folico, gluten , fibra de trigo, açúcar, óleo de soja, sal sal hipossódico e conservadores propionato de calcio e sorbato de potássio ALERGICOS: CONTÉM DERIVADOS DE SOJA É DERIVADOS DE TRIGO. PODE CONTER AMENDOA, AMENDOIM , AVEIA , AVELAS CASTANHA-DE-CAJU, CASTANHA-DO-PARA CENTEIO, CEVADA , ÉSPELTA , FARRO, FREEKEH LEITE MACADAMIAS, NOZES , OVOS , PECĀS, PISTACHES E TRITICALE. CONTÉM GLUTEN .","Eggs, Gluten, Nuts, Soybeans","Eggs, Gluten, Nuts, Peanuts",21,B,4,,False,True,no,moderate,low,low,moderate,1062.6,240.0,3.2,0.6,42.0,4.4,5.4,11.0,0.825,0.33,,0.0,1,8,7,3,1,0,4,4,3,0
https://world.openfoodfacts.org/product/8435382813870/copos-de-avena-hiper-dino,8435382813870,Copos de avena – Hiper Dino,,,Hiper Dino,"Plant-based foods and beverages, ,, Plant-based foods, ,, Breakfasts, ,, Cereals and potatoes, ,, Cereals and their products, ,, Breakfast cereals, ,, Flakes, ,, Cereal flakes, ,, Rolled flakes, ,, Rolled oats","Source of fibre, ,, High fibres",,,Spain,,,,,B,,B,,,,moderate,low,low,low,1539.0,368.0,7.5,1.2,58.0,1.0,,11.0,0.03,0.012,,,1,5,4,4,0,1,0,4,0,0
https://world.openfoodfacts.org/product/3350033648180/haricots-rouges-monoprix,3350033648180,Haricots rouges – Monoprix,,fr:Opercule en métal,Monoprix,"Plant-based foods and beverages, ,, Plant-based foods, ,, Legumes and their products, ,, Canned foods, ,, Legumes, ,, Seeds, ,, Canned plant-based foods, ,, Legume seeds, ,, Pulses, ,, Common beans, ,, Canned legumes, ,, Red beans, ,, Canned common beans, ,, Canned red kidney beans",,,,France,,,,,B,,A,,,,low,low,low,moderate,447.0,107.0,0.7,0.1,14.0,1.5,,8.0,0.68,0.272,,,1,4,3,,0,,3,3,0,0
https://world.openfoodfacts.org/product/8431876272741/tomate-frito-bio-carrefour-bio,8431876272741,Tomate frito bio – Carrefour BIO – 300g,300g,,"Carrefour BIO, ,, Carrefour","Condiments, ,, Sauces, ,, Meal sauces, ,, Tomato sauces, ,, Fried tomato sauces, ,, Groceries","No gluten, ,, Organic, ,, EU Organic, ,, ES-ECO-016-CL, ,, Made in Spain, ,, New recipe, ,, Nutriscore, ,, Nutriscore Grade A",,,Spain,"Spanish: Tomate* (58,4%) y tomate concentrado*(34%), aceite de oliva virgen extra*(4%), azúcar* y sal. *Procedentes de agricultura ecológica","None, es:ausencia",None,6,B,3,A,True,True,yes,moderate,low,moderate,moderate,321.0,77.0,4.2,0.6,7.6,6.9,1.6,1.4,1.0,0.4,,,1,6,5,0,2,0,4,0,0,5
https://world.openfoodfacts.org/product/3266191011486/muesli-exquis-la-vie-claire,3266191011486,Muesli Exquis – La Vie Claire – 375 g,375 g,,La Vie Claire,"Plant-based foods and beverages, ,, Plant-based foods, ,, Breakfasts, ,, Cereals and potatoes, ,, Cereals and their products, ,, Breakfast cereals, ,, Mueslis","Organic, ,, EU Organic, ,, FR-BIO-01, ,, Made in France, ,, AB Agriculture Biologique",,,France,"French: Flocons d'AVOINE complets* 58%, figues séchées hachées* 12,5% (figues*, farine de riz*), cranberries séchées hachées* 7% (cranberries*, sucre de canne*, huile de tournesol*), pétales de BLE *, NOIX DE CAJOU * 5%, NOIX DU BRÉSIL * 4%, NOISETTES grillées hachées* 4%, NOIX DE PÉCAN * 3%. *Ingrédients agricoles issus de l'Agriculture Biologique Traces possibles d'autres céréales Contenant du gluten , d'autres fruits à coque , de lait , de graines de sésame , de soja , d' arachide , de moutarde et de lupin .","Gluten, Lupin, Milk, Mustard, Nuts, Peanuts, Sesame seeds","Gluten, Lupin, Milk, Mustard, Nuts, Peanuts, Sesame seeds, Soybeans",21,B,3,A,True,True,no,moderate,moderate,moderate,low,1719.0,411.0,16.0,2.4,52.0,12.0,9.1,11.0,0.04,0.016,,,1,10,9,5,3,2,0,4,5,0
https://world.openfoodfacts.org/product/5601009110629/grao-pingo-doce,5601009110629,Grão – Pingo Doce – 400 g (540 g),400 g (540 g),,Pingo Doce,"Plant-based foods and beverages, ,, Plant-based foods, ,, Legumes and their products, ,, Canned foods, ,, Legumes, ,, Seeds, ,, Canned plant-based foods, ,, Legume seeds, ,, Pulses, ,, Chickpeas, ,, Canned legumes, ,, Canned chickpeas","No gluten, ,, Nutriscore, ,, Nutriscore Grade A, ,, pt:Ecoponto verde",,,Portugal,"Portuguese: Grão de bico, sal e antioxidantes (E385 e metabissulfito de sódio).",pt:metabissulfito,"Lupin, Soybeans",5,B,3,B,True,True,yes,low,low,low,moderate,492.0,117.0,2.5,0.7,14.0,0.7,6.4,6.5,0.63,0.252,,,-2,7,9,,0,,3,,4,5
https://world.openfoodfacts.org/product/5060120285157/soya-drink-organic-rude-health,5060120285157,Soya Drink Organic – Rude health – 1 Litre,1 Litre,Tetra Pak,Rude health,"Plant-based foods and beverages, ,, Beverages, ,, Plant-based foods, ,, Legumes and their products, ,, Dairy substitutes, ,, Milk substitutes, ,, Plant-based beverages, ,, Plant-based milk alternatives, ,, Legume-based drinks, ,, Soy-based drinks","Organic, ,, Vegetarian, ,, EU Organic, ,, Vegan, ,, EU Agriculture, ,, FSC, ,, FSC Mix, ,, IT-BIO-007, ,, Vegetarian Society Approved, ,, Vegetarian Society Approved Vegan",,,United Kingdom,"Water, Organic soya beans 11.5%, Organic rice syrup, Sea salt",Soybeans,,4,B,3,A,True,True,yes,low,low,low,low,176.0,42.0,1.4,0.2,4.0,2.0,0.7,3.0,0.1,0.04,,,-2,4,6,3,1,0,0,6,0,0
https://world.openfoodfacts.org/product/8480017224354/atun-en-aceite-de-girasol-dia,8480017224354,Atún en aceite de girasol – Dia – Peso neto: 420 g (6 x 70 g),Peso neto: 420 g (6 x 70 g),Metal carton aluminio,Dia,"Seafood, ,, Fishes and their products, ,, Canned foods, ,, Fishes, ,, Fatty fishes, ,, Canned fishes, ,, Tunas, ,, Canned tunas, ,, Tunas in oil, ,, Tunas in sunflower oil","Source of proteins, ,, FSC, ,, FSC Mix",,,Spain,"Spanish: Atún ( pescado ) (Katsuwonus pelamis /Thunnus sp), aceite de girasol, sal.",Fish,,5,B,3,E,False,False,no,moderate,moderate,low,moderate,1041.0,251.0,19.6,2.3,0.0,0.0,,18.6,1.0,0.4,,,2,9,7,3,0,2,4,7,0,0
https://world.openfoodfacts.org/product/3256228581563/riz-paella-sachet-micro-ondable-2-250g-u,3256228581563,"Riz paëlla sachet micro-ondable 2', 250g – U – 250 g",250 g,,U,"Meals, ,, Meals with meat, ,, Poultry meals, ,, fr:Céréales préparées, ,, Meals with chicken, ,, Prepared rices","French meat, ,, No artificial flavors, ,, Nutriscore, ,, Nutriscore Grade B",Italy,,France,"French: Riz long grain cuit 77%, chorizo 6% [viande de boeuf (origine: France), viande de porc (origine: France), gras de porc, épices et plantes aromatiques, sel], poivrons rouges, jus de citron, viande de poulet traitée en salaison et cuite 3% [haut de cuisse de poulet (origine: France), eau, sel], petits pois 3%, arôme naturel, épices, huile d'olive vierge extra, épaississant: gomme guar, sel, safran 0,01%.",,,21,B,4,D,,False,no,low,low,low,moderate,688.0,163.0,1.8,0.6,31.0,0.8,1.8,5.0,0.6,0.24,,12.3,2,4,2,2,0,0,2,2,0,0
https://world.openfoodfacts.org/product/3560071307349/corn-flakes-carrefour,3560071307349,Corn flakes – Carrefour – 500 g,500 g,,Carrefour,"Plant-based foods and beverages, ,, Plant-based foods, ,, Breakfasts, ,, Cereals and potatoes, ,, Cereals and their products, ,, Breakfast cereals, ,, Flakes, ,, Cereal flakes, ,, Extruded cereals, ,, Extruded flakes, ,, Corn flakes","Green Dot, ,, Nutriscore, ,, Nutriscore Grade B",,,"French Polynesia, ,, Morocco",,,,,B,,E,,,,low,low,moderate,low,1598.0,382.0,1.2,0.2,83.0,7.4,3.3,8.0,0.15,0.06,,,2,6,4,4,2,0,0,3,1,0
https://world.openfoodfacts.org/product/4056489240860/savoury-chicken-flavour-microwave-rice-taste-of,4056489240860,Savoury Chicken Flavour Microwave Rice – Taste of – 250 g,250 g,,Taste of,"Plant-based foods and beverages, ,, Plant-based foods, ,, Cereals and potatoes, ,, Seeds, ,, Cereals and their products, ,, Meals, ,, Cereal grains, ,, Rice dishes, ,, Rices","Vegetarian, ,, Vegan",,,United Kingdom,"86% cooked long grain rice (water, long grain rice), 3% sweetcorn, 3% red pepper, 3% carrots, chicken seasoning (maltodextrin, dried yeast extract, flavouring, dried onion, yeast extract, dried garlic, salt, white pepper, dried sage), sunflower oil, dried onion, yeast extract, stabiliser: guar gum, dried garlic, salt, ground black pepper, lidl typical values energy fat",,,25,B,4,D,True,True,yes,low,low,low,moderate,602.0,144.0,1.44,0.24,29.28,0.32,1.92,2.64,0.365,0.146,,,2,3,1,,0,,1,1,0,0
https://world.openfoodfacts.org/product/3660992019021/sardines-a-l-huile-de-tournesol-prix-mini,3660992019021,Sardines à l'huile de tournesol – Prix Mini – 120 g (égoutté : 84 g),120 g (égoutté : 84 g),,Prix Mini,"Seafood, ,, Fishes and their products, ,, Canned foods, ,, Fishes, ,, Fatty fishes, ,, Canned fishes, ,, Sardines, ,, Canned sardines, ,, Sardines in oil, ,, Sardines in sunflower oil","Nutriscore, ,, Nutriscore Grade C",,,France,,,,,B,,E,,,,moderate,moderate,low,moderate,795.0,190.0,10.0,2.2,0.0,0.0,0.0,25.0,1.0,0.4,,,1,8,7,2,0,2,4,7,0,0
https://world.openfoodfacts.org/product/5000169547731/brown-basmati-rice-waitrose,5000169547731,Brown Basmati Rice – Waitrose – 250,250,,Waitrose,"Plant-based foods and beverages, ,, Plant-based foods, ,, Fruits and vegetables based foods, ,, Cereals and potatoes, ,, Seeds, ,, Vegetables based foods, ,, Cereals and their products, ,, Vegetables, ,, Cereal grains, ,, Rices, ,, Aromatic rices, ,, Indica rices, ,, Long grain rices, ,, Vegetables from Spain, ,, Basmati rices, ,, Rice","Vegetarian, ,, Vegan",,,United Kingdom,"cooked brown basmati rice, sunflower oil, salt",,,3,B,3,,True,True,yes,low,low,low,low,640.0,153.0,1.7,0.3,30.2,0.5,1.7,3.2,0.1675,0.067,,,1,2,1,,0,,0,1,0,0
https://world.openfoodfacts.org/product/5601312305002/queijo-fresco-60-gordura-continente,5601312305002,"Queijo Fresco -60% Gordura* – Continente – 250 g (4 x 62,5 g)","250 g (4 x 62,5 g)","Plastic, ,, Metal, ,, Pot, ,, Recyclable Metals, ,, Aluminium, ,, Cardboard, ,, pt:Selo","Continente, ,, Continente Equilíbrio, ,, Equilíbrio","Dairies, ,, Fermented foods, ,, Fermented milk products, ,, Cheeses, ,, Cow cheeses, ,, Fresh cheeses, ,, Portuguese cheeses, ,, pt:Queijos frescos de longa duração","Low or no fat, ,, Low fat, ,, Reduced fat, ,, 60% less fat, ,, High in calcium, ,, ISO 9001, ,, pt:Fundação Portuguesa de Cardiologia, ,, pt:Ecoponto amarelo, ,, pt:Ecoponto azul",Origem do leite: Portugal,Portugal,Portugal,"Portuguese: Leite de vaca pasteurizado (Origem: Portugal), sal, coalho e conservante (sorbato de potássio).",Milk,None,6,B,3,D,True,True,no,moderate,moderate,low,moderate,422.0,101.0,4.0,3.0,4.9,3.2,0.5,11.0,0.65,0.26,,,2,6,4,1,0,2,3,4,0,0
https://world.openfoodfacts.org/product/8017596126016/burger-soia-amo-essere,8017596126016,Burger soia – Amo Essere – 2 x 100 g,2 x 100 g,,"Amo Essere, ,, Eurospin","Meat alternatives, ,, Vegetarian patties",,,,Italy,"Italian: Proteine vegetali idratate 70% (acqua, proteine di SOIA 12 %, proteine di FRUMENTO 8%), amido di patata, cipolla rossa, oli vegetali (girasole e colza in proporzione variabile), proteíne dell' UOVO da allevamento all'aperto, aceto, fibre di FRUMENTO , aromi naturali, destrosio, aroma, sale, cipolla in polvere, acqua, piante aromatiche e spezie, aglio in polvere, pomodoro in polvere, maltodestrine, ferro, vitamina B12 Può contenere tracce di LATTE .","Eggs, Gluten, Soybeans",Milk,24,B,4,B,True,True,yes,moderate,low,low,moderate,681.0,163.0,4.5,0.5,11.0,2.6,4.0,18.0,1.5,0.6,,,1,9,8,2,0,0,7,7,1,0
https://world.openfoodfacts.org/product/10254899/walnut-halves-bradburys,10254899,walnut halves – Bradburys – 200g,200g,,Bradburys,"Plant-based foods and beverages, ,, Plant-based foods, ,, Nuts and their products, ,, Nuts, ,, Shelled nuts, ,, Walnuts, ,, Walnut kernels",,,,United Kingdom,Walnuts .,Nuts,"Nuts, Peanuts, Sesame seeds",1,B,1,E,True,True,yes,high,high,low,low,2869.0,696.0,68.5,7.5,3.3,2.6,3.5,14.7,0.02,0.008,,0.0,-4,3,7,,0,,0,6,1,0
https://world.openfoodfacts.org/product/8431876223774/huile-d-olive-vierge-carrefour,8431876223774,Huile d olive vierge – Carrefour,,,Carrefour,"Plant-based foods and beverages, ,, Plant-based foods, ,, Fats, ,, Vegetable fats, ,, Olive tree products, ,, Vegetable oils, ,, Olive oils, ,, Extra-virgin olive oils, ,, Virgin olive oils",Organic,,,"France, ,, Spain","French: Aceite de Oliva Virgen Ingredientes 100% Aceite de Oliva Virgen. Conservación Almacenar en lugar fresco, seco y alejado de la luz. Nutrición Valores medios por 100 g",None,None,4,B,,E,False,True,yes,high,high,low,low,3700.0,900.0,100.0,16.0,0.0,0.0,0.0,0.0,0.0,0.0,,,1,6,5,,0,,0,0,0,5
https://world.openfoodfacts.org/product/8938507849131/coconut-water-coco-xim,8938507849131,Coconut Water – Coco Xim – 1L,1L,"Multilayer-composite, ,, Tetra Pak",Coco Xim,"Beverages and beverages preparations, ,, Plant-based foods and beverages, ,, Beverages, ,, Plant-based beverages, ,, Coconut waters","No gluten, ,, Halal, ,, Kosher, ,, No artificial preservatives, ,, No GMOs, ,, No preservatives, ,, FSC, ,, FSC Mix, ,, Green Dot, ,, Kashrut division of the London Beth Din, ,, No added sugar, ,, No artificial colors, ,, No artificial colours and preservatives, ,, No cholesterol, ,, Non GMO project",,Vietnam,"France, ,, Norway",100% Coconut water CONTAINS: COCONUT,Coconut,,2,B,1,D,True,True,yes,low,low,moderate,low,68.0,16.0,0.0,0.0,4.0,3.0,,0.0,0.0975,0.039,,,-3,3,6,1,2,0,0,0,0,6
https://world.openfoodfacts.org/product/6408432087851/valio-eila-laktosfri-mellanmjolkdryck,6408432087851,Valio Eila laktosfri mellanmjölkdryck – 1.5 l,1.5 l,Paper and plastic,"Valio, ,, Valio Eila, ,, Valio Oy","Beverages, ,, Dairies, ,, Dairy drinks, ,, Milks, ,, Semi-skimmed milks, ,, Pasteurised milks, ,, Lactose-free milk","FSC, ,, FSC Mix, ,, No lactose, ,, Fsc-c014047",,Finland,Sweden,"Swedish: Mellanmjölk , D-vitamin, laktas - och proteasenzym.",Milk,,4,B,1,D,True,True,no,moderate,moderate,moderate,low,163.0,39.0,1.5,0.9,3.1,3.1,,3.3,0.0975,0.039,,,-2,5,7,3,2,0,0,7,0,0
https://world.openfoodfacts.org/product/5603722517655/iogurte-meio-gordo-aromatizado-com-sabor-a-morango-ou-banana-ou-ananas-mimosa,5603722517655,Iogurte Meio-Gordo Aromatizado com Sabor a Morango ou Banana ou Ananás – Mimosa – 960 g (8 x 120 g),960 g (8 x 120 g),,Mimosa,"Dairies, ,, Fermented foods, ,, Fermented milk products, ,, Desserts, ,, Dairy desserts, ,, Fermented dairy desserts, ,, Yogurts, ,, Flavoured fermented dairy desserts, ,, Sweetened yogurts, ,, Flavoured yogurts","No gluten, ,, Green Dot, ,, pt:Ecoponto azul",Origem do leite: Portugal,Portugal,Portugal,"Portuguese: Leite pasteurizado, leitelho . açúcar, leite pasteurizado magro, leite em pó magro, fermentos lácteos e aromas.",Milk,None,7,B,4,B,True,,no,low,low,moderate,low,305.0,72.0,1.5,1.0,10.0,10.0,,3.7,0.13,0.052,,,1,2,1,0,2,0,0,1,0,0
https://world.openfoodfacts.org/product/5400141469592/boisson-au-soja-bio-boni,5400141469592,Boisson au soja bio – Boni – 1l,1l,,Boni,"Beverages and beverages preparations, ,, Plant-based foods and beverages, ,, Beverages, ,, Plant-based foods, ,, Legumes and their products, ,, Dairy substitutes, ,, Milk substitutes, ,, Plant-based beverages, ,, Fruit-based beverages, ,, Plant-based milk alternatives, ,, Legume-based drinks, ,, Fruit and plant-milk beverages, ,, Soy-based drinks, ,, Fruit and soy beverages","Vegetarian, ,, Vegan, ,, Eco-Score, ,, Eco-Score A, ,, No added sugar, ,, No lactose, ,, Nutriscore, ,, Nutriscore Grade A",,,"Belgium, ,, Luxembourg","Dutch: Water, 9,8 % gepelde SOJAbonen*,appelenconcentraat*, algen (Lithothamnium calcareum),zeezout",Soybeans,,6,B,3,B,True,True,yes,low,low,low,low,82.0,19.0,1.0,0.15,0.8,0.4,0.25,1.8,0.025,0.01,,,-1,1,2,1,0,0,0,2,0,0
https://world.openfoodfacts.org/product/3445020001502/huile-omega-bio-planete,3445020001502,Huile Omega + – Bio Planete – 1 L,1 L,,Bio Planete,"Plant-based foods and beverages, ,, Plant-based foods, ,, Fats, ,, Vegetable fats, ,, Vegetable oils, ,, Mixed vegetable oils","Vegetarian, ,, Organic, ,, EU Organic, ,, Omega-3, ,, Vegan, ,, FR-BIO-01, ,, High in Omega 3, ,, The Vegan Society, ,, AB Agriculture Biologique",,,France,"French: Huile de tournesol oléique désodorisée (50%), huile de colza vierge (25%), huile d'olive vierge extra (10%), huile de cameline vierge (10%), huile de sésame vierge (5%)",Sesame seeds,,5,B,2,A,True,True,yes,high,high,low,low,3426.0,819.0,91.0,8.3,0.0,0.0,,0.0,0.0,0.0,,,2,2,0,,0,,0,0,0,0
https://world.openfoodfacts.org/product/3760053600028/yaourt-fermier-nature-ferme-des-tilleuls,3760053600028,Yaourt fermier nature – Ferme des Tilleuls,,,Ferme des Tilleuls,"Dairies, ,, Fermented foods, ,, Fermented milk products, ,, Desserts, ,, Dairy desserts, ,, Fermented dairy desserts, ,, Plain fermented dairy desserts, ,, Fat free plain fermented dairy desserts","Green Dot, ,, fr:Bleu Blanc Cœur",,,France,"French: Lait entier , ferments lactiques Fer Valeurs Nutrionnelles",Milk,,2,B,1,A,False,True,no,moderate,moderate,moderate,low,326.9,66.0,3.2,1.9,5.6,5.6,,3.8,0.1,0.04,,,1,2,1,0,1,1,0,1,0,0
https://world.openfoodfacts.org/product/3760103144434/riz-thai-rouge-complet-autour-du-riz,3760103144434,Riz thaï rouge complet – Autour du riz – 500 g,500 g,"Plastic, ,, Bag",Autour du riz,"Plant-based foods and beverages, ,, Plant-based foods, ,, Cereals and potatoes, ,, Seeds, ,, Cereals and their products, ,, Cereal grains, ,, Rices, ,, Aromatic rices, ,, Indica rices, ,, Long grain rices, ,, Brown rices, ,, Jasmine rice, ,, Brown Jasmine rices, ,, Red rices","Vegetarian, ,, Fair trade, ,, Organic, ,, EU Organic, ,, Vegan, ,, FR-BIO-10, ,, Green Dot, ,, IT-BIO-009, ,, AB Agriculture Biologique",Thailand,,France,100% pre-cooked complete red thai rice,,"Gluten, Nuts, Peanuts, Sesame seeds, Soybeans",1,B,,D,False,True,yes,moderate,low,low,low,1463.0,346.0,3.3,1.0,66.9,0.5,8.7,7.9,0.0,0.0,,,-4,4,8,,0,,0,3,5,0
https://world.openfoodfacts.org/product/8033576191829/olio-extravergine-di-oliva-dante,8033576191829,Olio extravergine di oliva – Dante,,,Dante,"Plant-based foods and beverages, ,, Plant-based foods, ,, Fats, ,, Vegetable fats, ,, Olive tree products, ,, Vegetable oils, ,, Olive oils, ,, Extra-virgin olive oils, ,, Virgin olive oils",,,,"France, ,, Italy",,,,,B,2,E,,,,high,high,low,low,3439.0,822.0,91.3,13.3,0.0,0.0,0.0,0.0,0.0,0.0,,,0,5,5,,0,,0,0,0,5
https://world.openfoodfacts.org/product/8411320382967/ortiz-atun-claro-en-aceite-oliva,8411320382967,Ortiz Atún Claro En Aceite Oliva – 1pcs,1pcs,,Ortiz,"Seafood, ,, Fishes and their products, ,, Canned foods, ,, Fishes, ,, Fatty fishes, ,, Canned fishes, ,, Tunas, ,, Canned tunas, ,, Tunas in oil, ,, Tuna in olive oil, ,, es:Atún claro en aceite de oliva",,,,"France, ,, Germany, ,, Spain, ,, United States","Tuna , olive oil and sea salt.",Fish,,3,B,3,E,True,False,no,moderate,moderate,low,moderate,755.0,180.0,8.5,1.6,0.0,0.0,0.0,26.0,1.3,0.52,,,2,9,7,2,0,1,6,7,0,0
https://world.openfoodfacts.org/product/8436020510021/ajo-negro-sociedad-agroalimentaria-pedroneras,8436020510021,Ajo negro – Sociedad Agroalimentaria Pedroñeras – 85g,85g,"Plastic, ,, Pp-polypropylene",Sociedad Agroalimentaria Pedroñeras,"Plant-based foods and beverages, ,, Plant-based foods, ,, Fruits and vegetables based foods, ,, Vegetable-based foods and beverages, ,, Condiments, ,, Vegetables based foods, ,, Culinary plants, ,, Garlic and their products, ,, Garlic, ,, Groceries","Natural product, ,, 100% natural",,Spain,"France, ,, Spain",Spanish: Ajo Morado. Producto 100% natural.,,,1,B,,A,False,True,yes,low,low,high,low,895.0,211.0,0.22,0.1,41.29,18.1,4.5,8.77,0.053,0.0212,,,2,7,5,2,5,0,0,3,2,0
https://world.openfoodfacts.org/product/3263851869715/pois-chiches-cuits-franprix,3263851869715,pois chiches cuits – Franprix,,,Franprix,"Plant-based foods and beverages, ,, Plant-based foods, ,, Legumes and their products, ,, Canned foods, ,, Legumes, ,, Seeds, ,, Canned plant-based foods, ,, Legume seeds, ,, Pulses, ,, Chickpeas, ,, Prepared vegetables, ,, Canned legumes, ,, Cooked vegetables, ,, Canned chickpeas, ,, Cooked chick peas",,,,France,,,,,B,,A,,,,low,low,low,moderate,384.0,92.0,1.5,0.2,12.0,0.0,3.9,5.6,0.4,0.16,,,-1,2,3,,0,,1,2,1,0
https://world.openfoodfacts.org/product/5050854476891/red-pepper-houmous-asda,5050854476891,Red pepper houmous – Asda,,,Asda,"Plant-based foods and beverages, ,, Plant-based foods, ,, Condiments, ,, Spreads, ,, Plant-based spreads, ,, Salted spreads, ,, Sauces, ,, Dips, ,, Hummus","Vegetarian, ,, Vegan",,,United Kingdom,"Cooked Chickpeas (50%) [Chickpeas, Water], Red Peppers (17%), Rapeseed Oil, Water, Sesame Seed Paste (6%), Concentrated Lemon Juice, SunBlush® Red Pepper Tapenade (4%) [SunBlush® Red Peppers, Rapeseed Oil, Tomato Concentrate, Olive Oil, Concentrated Lemon Juice, Salt, Garlic, Sugar], Garlic Purée, Salt, Preservative (Potassium Sorbate).",Sesame seeds,,21,B,3,B,True,True,yes,moderate,moderate,low,moderate,999.0,239.0,17.0,1.7,13.0,1.8,4.1,6.9,0.6775,0.271,,,1,6,5,2,0,1,3,2,1,2
https://world.openfoodfacts.org/product/8414807542069/pistacho-crudo-natural-consum,8414807542069,Pistacho crudo natural – Consum – 150 g,150 g,,Consum,"Plant-based foods and beverages, ,, Plant-based foods, ,, Nuts and their products, ,, Nuts, ,, Pistachios, ,, Roasted pistachios","No gluten, ,, Green Dot, ,, Iron source",United States,,Spain,Spanish: Pistachos con cáscara.,Nuts,"Nuts, Peanuts",1,B,1,E,True,True,yes,high,high,moderate,low,2523.0,609.0,51.0,12.0,11.0,6.8,8.6,23.0,0.01,0.004,,,2,7,5,,1,,0,,5,0
https://world.openfoodfacts.org/product/8712566203475/zuppa-tradizionale-unilever,8712566203475,zuppa tradizionale – Unilever – 500 ml,500 ml,Tetra Pak,"Unilever, ,, Knorr","Plant-based foods and beverages, ,, Plant-based foods, ,, Fruits and vegetables based foods, ,, Canned foods, ,, Meals, ,, Soups, ,, Vegetable soups, ,, Canned meals, ,, Canned soups, ,, Canned vegetable soups","Vegetarian, ,, No preservatives, ,, European Vegetarian Union, ,, FSC, ,, FSC Mix, ,, No colorings, ,, No flavour enhancer, ,, No MSG",,"5, ,, Av. Jean Précheur, ,, 67120 Duppigheim, ,, francia",Italy,"Italian: Acqua, legumi 7,3% (ceci 3,2%, fagioli 3,2%, lenticchie 0,9%), ORZO 3%, GRANO ( farro ) 2,1%, cipolle 2,8%, carote 2,8%, pomodoro, amido di patata, olio d'oliva, sale, estratto di lievito, fruttosio, aromi, rosmarino, salvia, alloro, aglio in polvere, pepe, aceto, estratto di vino bianco",Gluten,"Celery, Eggs, Milk, Mustard, Sesame seeds, Soybeans",24,B,4,A,True,True,yes,low,low,low,moderate,241.0,56.0,1.3,0.2,8.1,0.9,1.9,2.5,0.8,0.32,0.0,,2,3,1,0,0,0,3,1,0,0
https://world.openfoodfacts.org/product/20047108/rapskernol-fresh-easy,20047108,Rapskernöl – Fresh & Easy – 0.5l,0.5l,,"Fresh & easy, ,, Vita d'Or","Plant-based foods and beverages, ,, Plant-based foods, ,, Fats, ,, Vegetable fats, ,, Vegetable oils, ,, Rapeseed oils, ,, Null",,,,"Germany, ,, United States","ENRICHED FLOUR (BLEACHED WHEAT FLOUR, NIACIN, REDUCED IRON, THIAMIN MONONITRATE, RIBOFLAVIN, FOLIC ACID), PALM OIL MARGARINE (PALM OIL, SOYBEAN OIL, WATER, SALT, BETA CAROTENE [FOR COLOR], VITAMIN A PALMITATE ADDED), SUGAR, BROWN SUGAR, EGGS , NATURAL VANI","Eggs, Gluten, Soybeans",,19,B,4,D,False,True,no,high,high,low,low,3464.0,828.0,92.0,6.5,0.0,0.0,0.0,0.0,0.0,0.0,,,2,2,0,,0,,0,0,0,0
https://world.openfoodfacts.org/product/5015285811468/chickpea-bean-tagine-free-and-easy,5015285811468,Chickpea & Bean Tagine – Free and Easy,,Can,Free and Easy,"Plant-based foods and beverages, ,, Plant-based foods, ,, Canned foods, ,, Cereals and potatoes, ,, Meals, ,, Cereals and their products, ,, Meat alternatives, ,, Soups, ,, Meat analogues, ,, Groats, ,, Canned meals, ,, Canned soups","Organic, ,, Non-EU Agriculture, ,, No milk, ,, Soil Association Organic",,,United Kingdom,"Water, Chickpeas* (15%). Haricot Beans* (15%), Tomato Purée Onions* (14%), Red Peppers* (2%), Raisins* (includes coating of Rapeseed Oil* or Sunflower Oil*), Red Lentils*, Sunflower Of*, Curry Powder* (1%) (Turmeric*, Coriander*, Chilli*, Sea Salt, Onion Powder*, Fenugreek*, Garlic*, Cumin*, Ginger*, Fennel* Black Pepper*), Sea Salt, Cinnamon* (0.03%), Paprika* (0.03%), Cumin*
*Organically grown and processed.",,,26,B,3,,True,True,yes,low,low,low,moderate,343.0,82.0,2.0999999046326,0.30000001192093,13.300000190735,3.2999999523163,,3.9000000953674,0.54000002145767,0.216,,,2,3,1,1,0,0,2,1,0,0
https://world.openfoodfacts.org/product/20062057/mleko-%C5%9Bwie%C5%BCe-bez-laktozy-2-t%C5%82uszczu-pilos,20062057,Mleko świeże bez laktozy 2% tłuszczu – Pilos – 1 l,1 l,"Plastic, ,, Pet-polyethylene-terephthalate",Pilos,"Dairies, ,, Milks (liquid and powder), ,, Milks, ,, Lactose-free milk","Made in Poland, ,, No lactose, ,, Produkt polski",Poland,,Poland,Lactose-free skimmed milk,Milk,,1,B,1,C,True,True,no,low,low,low,low,205.0,49.0,2.0,1.2,4.7,4.7,,3.0,0.1,0.04,,,1,7,6,3,3,1,0,6,0,0
https://world.openfoodfacts.org/product/4047247006149/karottensaft-rio-d-oro,4047247006149,Karottensaft – Rio d'oro – 0.33l,0.33l,,"Rio d'oro, ,, Rio d'oro Aldi","Beverages and beverages preparations, ,, Beverages, ,, Gemüse basierte Getränke, ,, Gemüse basierte Lebensmittel und Getränke, ,, Gemüsesäfte, ,, Getränke, ,, Getränke und Getränkezubereitungen, ,, Karottensäfte, ,, Pflanzliche Getränke, ,, Pflanzliche Lebensmittel und Getränke, ,, Säfte und Nektare",,,,Germany,"German: 99,9 % Karottensaft, Zitronensaftkonzentrat.",,,2,B,1,,True,True,yes,low,low,high,low,133.0,32.0,0.5,0.1,6.4,6.4,,0.6,0.11,0.044,,,1,7,6,2,5,0,0,0,0,6
https://world.openfoodfacts.org/product/0860439001067/classic-root-beer-olipop,0860439001067,Classic Root Beer – OLIPOP – 12 Fl oz,12 Fl oz,,OLIPOP,"Beverages, ,, Carbonated drinks, ,, Sodas, ,, Non-alcoholic beverages, ,, Non-alcoholic beers, ,, Root beers","No gluten, ,, Vegetarian, ,, No GMOs, ,, Vegan, ,, Certified gluten-free, ,, Green Dot, ,, Non GMO project, ,, Plant powered","United States, ,, California",,"United States, ,, World","Carbonated Water, OLISMART (Cassava Root Fiber, Chicory Root Inulin, Jerusalem Artichoke Inulin, Nopal Cactus*, Marshmallow Root*, Calendula Flower*, Kudzu Root*), Cassava Root Syrup, Apple Juice Concentrate, Natural Root Beer Flavor, Lemon Juice, Burdock Root, Stevia Leaf, Himalayan Pink Salt, Natural Vanilla Flavor, Sweet Birch* *Extract Manufactured for OLIPOP Inc. Oakland, CA 94610 www.drinkolipop.com 8 AMP) 21067 60439 00106 Contains 3% Julce",,,20,C,4,,False,True,yes,low,,low,low,106.478873239437,9.0,0.0,,5.07042253521127,0.563380281690141,2.53521126760563,0.0,0.0176056338028169,0.00704225352112676,,7.21153846153847,3,3,0,2,1,0,0,0,0,0
https://world.openfoodfacts.org/product/8410128777104/leche-semidesnatada-pascual,8410128777104,"Leche semidesnatada – Pascual – 1,5 litros","1,5 litros",fr:BOUTEiLLE 100 % RECYCLABLE,Pascual,"Dairies, ,, Milks, ,, Semi-skimmed milks, ,, Cow milks",fr:Bouteille 100 % recyclable,Spain,,Spain,Spanish: Lait. Origine : España./ Origin: Spain.,,,2,B,,C,False,True,yes,low,low,low,low,192.0,46.0,1.6,1.1,4.7,4.7,,3.3,0.12,0.048,,,0,7,7,3,3,1,0,7,0,0
https://world.openfoodfacts.org/product/7038010000737/kulturmelk-tine,7038010000737,Kulturmelk – Tine – 1000 g,1000 g,"Composite material, ,, Elopak, ,, Pure-Pak","Tine, ,, Tine sa","Dairies, ,, Fermented foods, ,, Fermented milk products, ,, Milks (liquid and powder), ,, Milks, ,, Quarks, ,, Soured milk quark",No gluten,,Norway,Norway,"Melk 2,6% fett , melkesyrekultur",Milk,,3,B,3,D,,,no,low,moderate,low,low,228.0,54.0,2.6,1.6,4.4,4.4,,3.3,0.1,0.04,,,1,8,7,4,3,1,0,7,0,0
https://world.openfoodfacts.org/product/4311501735176/vegane-cochcreme-edeka,4311501735176,Vegane Cochcreme – Edeka – 250ml,250ml,,"Edeka, ,, Edeka Herzstücke","Plant-based foods and beverages, ,, Plant-based foods, ,, Plant-based creams, ,, Plant-based creams for cooking","Vegetarian, ,, Vegan, ,, 100% vegetable, ,, European Vegetarian Union, ,, European Vegetarian Union Vegan",,,Germany,"German: Wasser, 9,0 % Hafermehl, Rapsöl, Emulgator: Mono - und Diglyceride von Speisefettsäuren; Stabilisator: Guarkernmehl, Gellan; Speisesalz. Das Produkt kann Spuren von Soja , Schalenfrüchten und Sesam enthalten.",Gluten,"Nuts, Sesame seeds, Soybeans",9,B,4,,,True,yes,moderate,low,low,low,369.0,89.0,7.0,1.0,6.2,3.0,,0.2,0.12,0.048,,,1,1,0,1,0,0,0,0,0,0
https://world.openfoodfacts.org/product/29135455/roti-marks-spencer,29135455,Roti – Marks & Spencer – 160g,160g,,Marks & Spencer,"Plant-based foods and beverages, ,, Plant-based foods, ,, Cereals and potatoes, ,, Breads, ,, Flatbreads, ,, White breads, ,, Wheat breads, ,, Wheat flatbreads",,,,"Ireland, ,, United Kingdom",Serves 2 - each roti provides Energy: Fat Saturates:Sugars: Salt 898kJ 2.5g 0.2g 1.9g 0.60g,,,5,B,,B,False,True,yes,moderate,low,low,moderate,1113.0,266.0,3.125,0.25,49.125,2.375,4.625,8.0,0.75,0.3,,,1,6,5,3,0,0,3,3,2,0
https://world.openfoodfacts.org/product/8480000341570/carne-de-pimiento-choricero-hacendado,8480000341570,Carne de pimiento choricero – Hacendado,,,Hacendado,"Plant-based foods and beverages, ,, Plant-based foods, ,, Fruits and vegetables based foods, ,, Vegetable-based foods and beverages, ,, Canned foods, ,, Vegetables based foods, ,, Canned plant-based foods, ,, Vegetables, ,, Canned vegetables, ,, Sweet peppers, ,, Canned peppers, ,, es:Pimiento choricero",,,,Spain,"Spanish: Pimiento choricero, corrector de acidez: ácido cítrico.",,,3,B,1,A,False,True,yes,low,low,low,low,157.0,37.0,0.6,0.4,5.3,4.0,2.3,1.6,0.1,0.04,,,1,1,0,0,1,0,0,0,0,0
https://world.openfoodfacts.org/product/4056489727712/lait-demi-ecreme-envia-lidl,4056489727712,Lait demi-écrémé Envia – Lidl,,,Lidl,"Dairies, ,, Milks, ,, Homogenized milks, ,, Semi-skimmed milks, ,, UHT Milks","FSC, ,, FSC Mix, ,, Nutriscore, ,, Nutriscore Grade B, ,, Triman",,,France,,,,,B,,D,,,,low,low,low,low,200.0,48.0,1.6,1.1,4.6,4.6,0.5,3.8,0.12,0.048,,,0,7,7,3,3,1,0,7,0,0
https://world.openfoodfacts.org/product/4006237640398/natur-und-wildreis-oryza,4006237640398,Natur und Wildreis – Oryza – 500g,500g,"Plastic, ,, de:Produkt",Oryza,"Plant-based foods and beverages, ,, Plant-based foods, ,, Cereals and potatoes, ,, Seeds, ,, Cereals and their products, ,, Cereal grains, ,, Rices, ,, Long grain rices, ,, Wild rice, ,, Mixed rices",,,,Germany,"German: Langkorn-Vollkornreis (85%), Wildreis (15%)",,,2,B,1,E,False,True,yes,low,low,low,low,1439.0,344.0,2.3,0.5,69.0,0.5,4.8,9.7,0.01,0.004,,,-4,2,6,,0,,0,4,2,0
https://world.openfoodfacts.org/product/5942325003791/apa-frunta%C8%99%C4%83-l%C4%83maie-bucovina,5942325003791,Apa fruntașă Lămâie – Bucovina,,,Bucovina,ro:apa cu aroma,,,,Romania,"Romanian: apa de izvor, zahar (D) si/sau sirop de glucoza - fructoza (G)*, corector de aciditate: acid citric, arome, suc de lămâie (0.1%) obținut din suc concentrat de lămâie, conservanți: sorbat de potasiu și benzoat de sodiu",,,15,B,4,,False,True,yes,low,low,low,low,85.0,20.0,0.0,0.0,4.9,4.9,0.0,0.0,0.0,0.0,0.0,,1,1,0,0,1,0,0,0,0,0
https://world.openfoodfacts.org/product/20368968/yaourt-maigre-milbona,20368968,Yaourt maigre – Milbona – 1 kg,1 kg,,Milbona,"Dairies, ,, Fermented foods, ,, Fermented milk products, ,, Desserts, ,, Dairy desserts, ,, Fermented dairy desserts, ,, Yogurts",,,,France,,,,,B,,B,,,,low,low,moderate,low,290.879997372623,67.0,1.0800000429153,0.77999997138977,11.279999732971,11.279999732971,,3.4800000190735,0.10999999940395,0.044,,,2,3,1,0,3,0,0,1,0,0
https://world.openfoodfacts.org/product/3580281215463/arachides-blanches-crues-bedros-et-savino,3580281215463,Arachides blanches crues – Bedros Et Savino – 1 kg,1 kg,Bag,Bedros Et Savino,"Plant-based foods and beverages, ,, Plant-based foods, ,, Legumes and their products, ,, Legumes, ,, Nuts and their products, ,, Nuts, ,, Peanuts, ,, fr:Cacahuètes crues",,,,France,French: ARACHIDES,Peanuts,,1,B,1,D,True,True,yes,high,high,low,low,2602.0,622.0,50.0,9.4,15.0,4.1,6.2,26.0,0.01,0.004,,,-5,5,10,,1,,0,7,3,0
https://world.openfoodfacts.org/product/4006237642644/express-mediterran-reis-reis-fit,4006237642644,Express Mediterran-Reis – Reis fit – 250g,250g,,Reis fit,"Plant-based foods and beverages, ,, Plant-based foods, ,, Cereals and potatoes, ,, Seeds, ,, Cereals and their products, ,, Cereal grains, ,, Rices, ,, Long grain rices, ,, Fertigreis","Vegetarian, ,, No gluten, ,, Vegan, ,, Nutriscore, ,, Nutriscore Grade B",,,Germany,"German: Gedämpfter Langkorn-Reis (75%) (Wasser, Langkorn - Parboiled-Reis), Tomaten (17%), Sonnenblumenöl, Zucker, Kräuter (1,5%), Meersalz, Zitronensaft, natürliche Aromen, Paprikakonzentrat, Emulgator: Sonnenblumenlecithine",,,14,B,4,D,True,True,yes,moderate,low,low,moderate,652.8,153.0,3.5,0.5,27.0,3.0,2.3,2.7,0.59,0.236,,18.8975,2,3,1,,0,,2,1,0,0
https://world.openfoodfacts.org/product/0048000007063/sardines-in-oil-lightly-smoked-chicken-of-the-sea,0048000007063,Sardines in Oil Lightly Smoked – Chicken of the Sea – 3.75 oz (106 g),3.75 oz (106 g),Metal can,Chicken of the Sea,"Seafood, ,, Fishes and their products, ,, Canned foods, ,, Fishes, ,, Fatty fishes, ,, Canned fishes, ,, Sardines, ,, Canned sardines, ,, Sardines in oil","Kosher, ,, Kosher-parve, ,, Orthodox Union Kosher",,Thailand,United States,"Smoked sardines , soybean oil, water, salt, smoke flavor","Fish, Soybeans",,5,B,4,D,True,False,no,moderate,moderate,low,moderate,472.0,112.0,7.52509147689327,1.88127286922332,0.0,0.0,0.0,11.2876372153399,0.681961415093452,0.272784566037381,,,1,5,4,1,0,1,3,4,0,0
https://world.openfoodfacts.org/product/0072904000035/goat-milk-meyenberg,0072904000035,Goat Milk – Meyenberg,,,Meyenberg,"Dairies, ,, Milks, ,, Goat milks",,,,United States,"Goat milk, vitamin D3",Milk,,2,B,1,E,True,,no,low,moderate,low,low,242.0,58.0,2.92,1.67,4.58,4.58,0.0,3.33,0.12,0.048,,,2,9,7,5,3,1,0,7,0,0
https://world.openfoodfacts.org/product/20158866/milk-2-0-delicatessa-globus,20158866,Milk 2.0 – delicatessa Globus – 400 g,400 g,,delicatessa Globus,"Plant-based foods and beverages, ,, Plant-based foods, ,, Snacks, ,, Breakfasts, ,, Cereals and potatoes, ,, Salty snacks, ,, Appetizers, ,, Cereals and their products, ,, Chips and fries, ,, Breakfast cereals, ,, Crisps, ,, Cereals with fruits, ,, Mueslis, ,, Mueslis with fruits",Made in Germany,,,Switzerland,,,,,B,,B,,,,low,low,low,low,209.0,50.0,2.0,1.2,4.8,4.8,,3.3,0.0975,0.039,,,1,2,1,0,1,1,0,1,0,0
https://world.openfoodfacts.org/product/3229820795041/galettes-riz-complet-bjorg,3229820795041,Galettes riz complet – Bjorg,,,Bjorg,"Plant-based foods and beverages, ,, Plant-based foods, ,, Cereals and potatoes, ,, Cereals and their products, ,, Puffed cereal cakes, ,, Puffed rice cakes, ,, Puffed wholegrain rice cakes","No gluten, ,, Organic, ,, EU Organic, ,, Non-EU Agriculture, ,, BE-BIO-02, ,, EU Agriculture, ,, EU/non-EU Agriculture, ,, Green Dot, ,, AB Agriculture Biologique",,,France,"French: Riz complet* 99,7 %, sel. i Ingrédient biologique. Peut contenir des traces de lait et de graines",,Milk,3,B,3,B,False,True,yes,moderate,low,low,low,1631.0,390.0,3.5,0.5,80.0,0.2,3.3,8.0,0.25,0.1,,,1,5,4,4,0,0,1,3,1,0
https://world.openfoodfacts.org/product/3350031627576/riz-basmati-monoprix,3350031627576,Riz Basmati – Monoprix – 500 g,500 g,Bag,Monoprix,"Plant-based foods and beverages, ,, Plant-based foods, ,, Cereals and potatoes, ,, Seeds, ,, Cereals and their products, ,, Cereal grains, ,, Rices, ,, Aromatic rices, ,, Indica rices, ,, Long grain rices, ,, Basmati rices",,,,France,French: Riz basmati long grain de qualité supérieure.,,,1,B,1,,True,True,yes,low,low,low,low,1515.0,357.0,1.2,0.1,78.0,0.0,1.6,8.5,0.0,0.0,,,-3,0,3,,0,,0,3,0,0
https://world.openfoodfacts.org/product/3365623145000/mouettes-d-arvor-french-fillets-of-mackerel-filets-de-maquereaux-sauce-escabeche-conserverie-gonidec,3365623145000,Mouettes D'arvor French Fillets Of Mackerel - Filets De Maquereaux Sauce Escabeche – Conserverie gonidec,,,Conserverie gonidec,"Seafood, ,, Fishes and their products, ,, Fishes, ,, Fatty fishes, ,, Fish fillets, ,, Mackerels, ,, Mackerel fillets, ,, Mackerel fillets in escabeche",Produced in Brittany,,,France,"French: Filet de maquereau 56%,eau,vinaigre,huile de tournesol,purée de tomate concentrée 2,5%,vin blanc 2%, gomme de guar et farine de graine de caroube, paprika",Fish,,9,B,4,,True,False,no,moderate,moderate,low,moderate,933.0,223.0,18.0,3.2,3.0,1.6,0.0,11.0,0.4,0.16,,,2,6,4,2,0,3,1,4,0,0
https://world.openfoodfacts.org/product/3380380060762/galettes-bio-de-riz-de-carmarque-aux-cereales-anciennes-ma-vie-sans-gluten,3380380060762,Galettes bio de riz de Carmarque aux céréales anciennes – Ma vie sans gluten – 130 g,130 g,,Ma vie sans gluten,"Plant-based foods and beverages, ,, Plant-based foods, ,, Cereals and potatoes, ,, Cereals and their products, ,, Puffed cereal cakes, ,, Puffed rice cakes","Organic, ,, EU Organic, ,, Made in France, ,, PGI, ,, AB Agriculture Biologique",,,France,"French: Riz de Camargue rond complet* IGP et riz de Camargue rond de IGP, céréales anciennes* (6 %) (quinoa*, millet*, sarrasin*), sésame complet, sel marin de Camargue. *issus de l'agriculture biologique, (IGP: Indication Géogrape Protégée.",Sesame seeds,,8,B,3,B,False,True,yes,moderate,low,low,moderate,1673.0,400.0,3.9,0.7,85.2,0.3,2.4,8.2,0.4,0.16,,,2,5,3,4,0,0,1,3,0,0
https://world.openfoodfacts.org/product/3452010830905/huile-de-noix-gourmande-vigean,3452010830905,Huile De Noix Gourmande – Vigean – 25 cl,25 cl,fr:Bouteille en verre,Vigean,"Plant-based foods and beverages, ,, Plant-based foods, ,, Fats, ,, Nuts and their products, ,, Vegetable fats, ,, Vegetable oils, ,, Nut oils, ,, Walnut oils","Organic, ,, EU Organic, ,, FR-BIO-01",France,,France,French: Huile de noix,Nuts,,1,B,2,D,True,True,yes,high,high,low,low,3700.0,900.0,100.0,9.0,0.0,0.0,0.0,0.0,0.0,0.0,,,2,2,0,,0,,0,0,0,0
https://world.openfoodfacts.org/product/3760154260886/mix-patisserie-nature-cie,3760154260886,Mix pâtisserie – Nature & cie – 500 g,500 g,"Plastic, ,, Protective gas",Nature & cie,"Plant-based foods and beverages, ,, Plant-based foods, ,, Flours","No gluten, ,, Organic, ,, EU Organic, ,, EU Agriculture, ,, FR-BIO-01, ,, AB Agriculture Biologique","France, ,, Loire-Atlantique, ,, fr:Vallet",,France,"French: Fécule de pomme de terre, farine de riz, épaississant : gomme de guar.",,,4,B,4,,True,True,yes,low,low,low,moderate,1397.0,334.0,0.7,0.4,79.5,0.4,4.3,5.5,0.38,0.152,,,1,5,4,4,0,0,1,2,2,0
https://world.openfoodfacts.org/product/5601029003000/filete-de-atum-em-azeite-tenorio,5601029003000,filete de atum em azeite – Tenorio – 120 g,120 g,"Metal, ,, Recyclable Metals, ,, Can, ,, Canned, ,, Food can",Tenorio,"Seafood, ,, Fishes and their products, ,, Canned foods, ,, Fishes, ,, Fatty fishes, ,, Canned fishes, ,, Tunas, ,, Canned tunas, ,, Fish fillets, ,, Tunas in oil, ,, Tuna in olive oil, ,, Tuna fillets","Dolphin Safe, ,, Green Dot, ,, pt:Ecoponto-amarelo",,Portugal,Portugal,"Portuguese: Atum (65%), Azeite (34%), Sal.",Fish,,3,B,3,E,True,False,no,moderate,moderate,low,moderate,927.0,222.0,13.2,2.2,0.0,0.0,,25.8,1.2,0.48,,,2,9,7,2,0,2,5,7,0,0
https://world.openfoodfacts.org/product/6130760003578/vitamilk-soummam,6130760003578,Vitamilk – Soummam,,,Soummam,"Dairies, ,, Milks",,,,Algeria,,,,,B,,D,,,,low,low,low,low,188.0,45.0,1.55,0.0,4.8,4.8,,3.0,0.0,0.0,,,0,6,6,3,3,0,0,6,0,0
https://world.openfoodfacts.org/product/00642200/whole-wheat-bread-trader-joe-s,00642200,Whole Wheat Bread – Trader Joe's – 22 oz,22 oz,,Trader Joe's,"Plant-based foods and beverages, ,, Plant-based foods, ,, Cereals and potatoes, ,, Cereals and their products, ,, Breads, ,, Sliced breads, ,, White breads, ,, Wheat breads, ,, Wholemeal breads",,,,United States,"WHOLE WHEAT FLOUR, WATER, WHEAT GLUTEN, HONEY, YEAST, EXPELLER PRESSED CANOLA OIL,  CULTURED WHOLE WHEAT FLOUR (TO PRESERVE), DISTILLED VINEGAR, SEA SALT, WHEAT STARCH, SOY LECITHIN , ASCORBIC ACID (DOUGH CONDITIONER), MICROBIAL ENZYMES, SOYBEAN OIL","Gluten, Soybeans",,16,B,4,A,True,True,no,low,low,low,moderate,973.214285714286,214.0,1.78571428571429,0.0,39.2857142857143,3.57142857142857,7.14285714285714,10.7142857142857,1.20535714285714,0.482142857142857,,0.0,1,9,8,2,1,0,6,4,4,0
https://world.openfoodfacts.org/product/0048121229030/swirl-bread-cinnamon-raisin-thomas,0048121229030,Swirl Bread Cinnamon Raisin – Thomas',,,Thomas',"Plant-based foods and beverages, ,, Plant-based foods, ,, Cereals and potatoes, ,, Cereals and their products, ,, Breads",,,,United States,"Enriched wheat flour [flour, malted barley flour , reduced iron, niacin, thiamin mononitrate (vitamin b1), riboflavin (vitamin b2), folic acid], water, raisins, sugar, soybean oil, wheat gluten, cinnamon, yeast, salt, monoglycerides, calcium propionate (to preserve freshness), soy lecithin , natural flavor, soy , whey , datem.","Gluten, Milk, Soybeans",,25,B,4,,,True,no,moderate,low,low,low,1235.9375,281.0,4.6875,0.0,56.25,6.25,0.0,6.25,0.0,0.0,,10.4166666666667,1,3,2,3,0,0,0,2,0,0
https://world.openfoodfacts.org/product/3256228413215/crabe-des-mers-chaudes-100-morceaux-boite-1-4-105g-u,3256228413215,Crabe des mers chaudes 100% morceaux boîte 1/4 105g – U – 105 g,105 g,Box,U,Canned foods,Triman,,,France,"French: CRABE , eau, sucre, sel, arôme naturel, acidifiant : acide citrique, antioxydant : DISULFITE de sodium.","Crustaceans, Sulphur dioxide and sulphites",,9,B,4,,True,False,no,low,low,low,high,295.0,70.0,0.7,0.1,1.3,1.0,0.5,14.5,1.63,0.652,,0.0,2,8,6,0,0,0,8,6,0,0
https://world.openfoodfacts.org/product/5060639127825/monster-ultra,5060639127825,Monster Ultra – 500ml,500ml,"Metal, ,, Recyclable Metals, ,, Aluminium",Monster,"Beverages and beverages preparations, ,, Beverages, ,, Energy drinks, ,, Energy drink without sugar and with artificial sweeteners",High in caffeine,,,"France, ,, Italy",,,,,B,,,,,,low,low,low,moderate,12.0,2.0,0.0,0.0,0.9,0.0,,0.0,0.15,0.06,,,0,0,0,0,0,0,0,0,0,0
https://world.openfoodfacts.org/product/20536695/jogurt-biely-kremovy-3-7-pilos,20536695,"Jogurt biely krémový 3,7% – Pilos – 500g",500g,,Pilos,"Dairies, ,, Fermented foods, ,, Fermented milk products, ,, Desserts, ,, Dairy desserts, ,, Fermented dairy desserts, ,, Yogurts",,,,"Czech Republic, ,, Slovakia","Slovak: Mlieko , mliečna Bifidobacterium BB12 a Lactobacillus do (neotvorené balenie): vid viečko. CZ) Jogurt bílý. Obsah tuku 3,7%. Složení: mléko, mléčná bílkovina, jogurtová kultura, kultura Bifidobacterium BB12 a Lactobacillus acidophilus LA5. Spotřebujte do: viz víčko. Skladujte a uchovejte při teplotě od +2°C do +8°C acidophilus LA5 (10 /g). Spotrebujte",Milk,,17,B,,B,False,True,no,moderate,moderate,low,low,280.0,67.0,3.7,2.6,4.4,4.4,,3.9,0.1,0.04,0.0,,2,3,1,0,1,2,0,1,0,0
https://world.openfoodfacts.org/product/0027331321277/xtreme-wellness-high-fiber-carb-friendly-tortilla-wraps-ole,0027331321277,Xtreme Wellness High Fiber Carb Friendly Tortilla Wraps – OLE – 25.4 oz,25.4 oz,,OLE,"Plant-based foods and beverages, ,, Plant-based foods, ,, Cereals and potatoes, ,, Cereals and their products, ,, Sandwiches, ,, Breads, ,, Flatbreads, ,, Wraps, ,, White breads, ,, Wheat breads, ,, Wheat flatbreads",No cholesterol,,,United States,"water, modified wheat starch, wheat protein, cellulose, whole wheat, contains 2% or less of the following: extra virgin olive oil, salt, xanthan gum, ground flax seed, aluminum-free leavening (sodium bicarbonate, corn starch, monocalcium phosphate), preservatives (calcium propionate, sorbic acid), dough conditioner (fumaric acid, mono - and diglycerides, sodium metabisulphite).",Gluten,,21,B,4,B,,,maybe,moderate,low,low,high,1074.44444444444,111.0,3.33333333333333,0.0,33.3333333333333,0.0,24.4444444444444,11.1111111111111,1.55555555555556,0.622222222222222,,0.0,1,10,9,3,0,0,7,4,5,0
https://world.openfoodfacts.org/product/8003170051584/ceci-conad,8003170051584,CECI – CONAD – 3 x 250 g,3 x 250 g,,CONAD,"Plant-based foods and beverages, ,, Plant-based foods, ,, Legumes and their products, ,, Canned foods, ,, Legumes, ,, Seeds, ,, Canned plant-based foods, ,, Legume seeds, ,, Pulses, ,, Chickpeas, ,, Canned legumes, ,, Canned chickpeas",,,,Italy,"Italian: Ceci, Acqua, Sale",,,3,B,3,B,True,True,yes,low,low,low,moderate,522.0,31.0,1.8,0.6,17.0,0.4,5.5,7.2,0.7,0.28,,,-1,7,8,,0,,3,,3,5
https://world.openfoodfacts.org/product/9100000892207/bio-erdnuss-mus-crunchy-spar-natur-pur,9100000892207,Bio-Erdnuss-Mus crunchy – Spar Natur*pur – 250g,250g,"de:1 Glaskrug zum Recyclen, ,, de:1 Metalldeckel zum Recyclen",Spar Natur*pur,"Plant-based foods and beverages, ,, Plant-based foods, ,, Legumes and their products, ,, Spreads, ,, Nuts and their products, ,, Plant-based spreads, ,, Oilseed purees, ,, Legume butters, ,, Nut butters, ,, Peanut butters","Vegetarian, ,, Organic, ,, EU Organic, ,, Non-EU Agriculture, ,, Source of proteins, ,, Vegan, ,, European Vegetarian Union, ,, European Vegetarian Union Vegan, ,, Green Dot, ,, Made in Germany, ,, NL-BIO-01, ,, No added sugar",,,Austria,German: Erdnüsse,Peanuts,,1,B,1,B,True,True,yes,high,high,low,low,2485.0,594.0,49.0,11.0,7.6,4.7,8.4,26.0,0.05,0.02,,,2,7,5,,1,,0,,5,0
https://world.openfoodfacts.org/product/3838600019439/donat-droga-kolinska,3838600019439,DONAT – Droga Kolinska,,,Droga Kolinska,"Beverages and beverages preparations, ,, Beverages, ,, Waters",,,,Slovenia,,,,,B,1,,,,,low,low,low,low,0.0,0.0,0.0,0.0,0.0,0.0,0.0,0.0,0.0,0.0,,,0,0,0,0,0,0,0,0,0,0
https://world.openfoodfacts.org/product/8601500130109/gusti-jogurt-mk-imlek,8601500130109,Gusti jogurt mk – Imlek – 1kg,1kg,Container,Imlek,"Beverages, ,, Dairies, ,, Fermented foods, ,, Fermented milk products, ,, Desserts, ,, Dairy desserts, ,, Dairy drinks, ,, Fermented dairy desserts, ,, Fermented drinks, ,, Yogurts, ,, Fermented milk drinks, ,, Drinkable-yogurts",,,,Serbia,,,,,B,,E,,,,moderate,moderate,moderate,low,232.0,55.0,2.8,1.9,4.2,4.2,0.0,3.4,0.14,0.056,,,1,8,7,4,3,1,0,7,0,0
https://world.openfoodfacts.org/product/0054800423309/ready-rice-roasted-chicken-ben-s-original,0054800423309,Ready Rice Roasted Chicken – Ben's Original – 250 g,250 g,Bag,Ben's Original,"Plant-based foods and beverages, ,, Plant-based foods, ,, Cereals and potatoes, ,, Seeds, ,, Cereals and their products, ,, Meals, ,, Cereal grains, ,, Meals with meat, ,, Rice dishes, ,, Rices, ,, Poultry meals, ,, Meals with chicken","No artificial flavors, ,, No artificial colors",United States,,United States,"water, parboiled long grain rice, less than of 2% (canola oil, salt, yeast extract, carrots, modified corn starch, natural flavors, onion, maltodextrin, parsley, chicken fat, citric acid, garlic, sugar, cooked chicken, ( chicken , chicken broth, natural flavor, citric acid), spices, safflower oil, vitamins and minerals (calcium (calcium carbonate), iron (iron phosphate), Vitamin B3 (niacinamide), Vitamine B1 (thimine mononitrate), folic acid), turmeric extract (color), sunflower oil, lactic acid)",Chicken,,38,B,4,D,,False,no,low,low,low,moderate,669.0,160.0,2.4,0.0,31.2,0.0,0.8,3.2,0.51,0.204,,,1,2,1,,0,,2,1,0,0
https://world.openfoodfacts.org/product/5410673004437/10-minuten-spitzen-langkorn-reis-ben-s-original,5410673004437,10 Minuten Spitzen Langkorn Reis – Ben's Original – 1kg,1kg,,Ben's Original,"Plant-based foods and beverages, ,, Plant-based foods, ,, Cereals and potatoes, ,, Seeds, ,, Cereals and their products, ,, Cereal grains, ,, Rices, ,, Long grain rices","FSC, ,, FSC Mix, ,, Green Dot, ,, Nutriscore, ,, Nutriscore Grade A",,,"Germany, ,, Switzerland",TE 931kJ 220kcal MARQUE DE RIZ Fett Matières 1kg Pro zubereiteter Portion (basierend auf 62.5g Trockenreis) (140 g)/Par portion après préparation (basée sur 62.5g de riz non-cuit) (140 g) BELIEBTESTE Nr.1 gesättigte Fettsäuren Zucker Acides Sucres REISMARKE 11%* Pro 100g (nach Zubereitung): / Pour 100g (après préparation): 665 kJ/157 kcal 1 PLUS POPUL Salz Sel grasses gras saturés 0.7g <0.1g <0.5g <0.01g 1%* <1%* <1%* <1%*,,,1,B,,C,False,True,yes,low,low,low,low,648.0,155.0,0.5,0.07,34.0,0.36,0.78,3.26,2.5e-05,1e-05,,,0,1,1,,0,,0,1,0,0
https://world.openfoodfacts.org/product/8718906888371/biologische-halfvolle-melk-albert-heijn,8718906888371,Biologische halfvolle melk – Albert Heijn – 2 L,2 L,Plastic,Albert Heijn,"Dairies, ,, Milks, ,, Semi-skimmed milks","Low or no salt, ,, No gluten, ,, Organic, ,, EU Organic, ,, NL-BIO-01, ,, No added salt, ,, No added sugar",Netherlands,,Netherlands,Dutch: gepasteuriseerde halfvolle melk,Milk,,1,B,1,C,True,True,no,low,low,low,low,190.0,46.0,1.5,1.0,4.5,4.5,0.0,3.5,0.1,0.04,0.0,,-1,6,7,3,3,0,0,7,0,0
https://world.openfoodfacts.org/product/5000116126651/chicken-free-dippers-birds-eye,5000116126651,Chicken free dippers – Birds Eye,,,Birds Eye,"Meat alternatives, ,, Meat analogues, ,, Breaded products","Vegetarian, ,, Vegan",,,United Kingdom,"Rehydrated WHEAT Protein (35%), Flour ( WHEAT , Maize), Vegetable Oil (Rapeseed, Palm), Water, Starch (Tapioca, Maize), Bamboo Fibre, Stabiliser (Methylcellulose), Natural Flavourings, Salt, Raising Agents (Disodium Diphosphates, Sodium Carbonates), Garlic Powder, Dextrose, White Pepper, Onion Powder, Calcium Carbonate, Iron, Niacin, Thiamin. For allergens see ingredients in CAPITAL LETTERS May contain MILK and MUSTARD . TO F Tast FRC Pre - bak Turr Coo",Gluten,"Milk, Mustard",29,B,4,,False,True,yes,moderate,low,low,moderate,1305.0,312.0,17.0,1.4,27.0,0.7,5.7,10.0,1.0,0.4,,,1,8,7,3,0,1,4,4,3,0
https://world.openfoodfacts.org/product/3800200790117/%D0%BA%D0%B8%D1%81%D0%B5%D0%BB%D0%BE-%D0%BC%D0%BB%D1%8F%D0%BA%D0%BE-4-5-%D0%BB%D0%B0%D0%BA%D1%82%D0%B8%D0%BC%D0%B0-%D0%B1%D0%B0%D0%BB%D0%BA%D0%B0%D0%BD,3800200790117,Кисело мляко 4.5% – Лактима Балкан – 400 г,400 г,"Plastic, ,, Pp-polypropylene",Лактима Балкан,"Dairies, ,, Fermented foods, ,, Fermented milk products, ,, Desserts, ,, Dairy desserts, ,, Fermented dairy desserts, ,, Yogurts, ,, Plain fermented dairy desserts, ,, Plain yogurts, ,, Cow milk yogurts",Made in Bulgaria,Bulgaria,,Bulgaria,"Bulgarian: Краве МЛЯКО, закваска (Lactobacillus bulgaricus, Streptococcus thermophilus).",Milk,,4,B,1,A,True,True,no,moderate,moderate,low,low,294.0,70.0,4.5,2.7,4.3,4.3,0.0,3.2,0.1,0.04,,,2,3,1,0,1,2,0,1,0,0
https://world.openfoodfacts.org/product/3560071427740/tenders-chicken-carrefour,3560071427740,Tenders Chicken – Carrefour – 380 g,380 g,,Carrefour,"Meats and their products, ,, Meat preparations, ,, Meats, ,, Chicken and its products, ,, Poultries, ,, Chicken preparations, ,, Breaded products, ,, Chickens, ,, Breaded chicken, ,, fr:Aiguillettes de poulet","French meat, ,, French poultry, ,, Nutriscore, ,, Nutriscore Grade B",Viande de poulet origine France,,France,"French: Aiguillette de poulet 52%, eau, farine de blé , farine de maïs, amidon de blé , sel, amidon modifié de manioc : E1442, farine de riz, fécule de pomme de terre, oignon, ail, fibres végétales, sucre, paprika, cumin, anis, curcuma, poudre à lever : E500, poudre de piment, conservateur : E202, épaississant : E415. Huile de tournesol.
Pourcentages exprimés à la mise en œuvre avant friture.
Peut contenir des traces de lait .",Gluten,Milk,26,B,4,E,True,False,no,moderate,low,low,moderate,752.0,179.0,7.9,0.9,9.8,0.5,0.5,17.0,1.3,0.52,,,2,8,6,2,0,0,6,6,0,0
https://world.openfoodfacts.org/product/4067796003222/soja-creme-cuisine-dmbio,4067796003222,Soja Creme Cuisine – DmBio – 200ml,200ml,,DmBio,"Plant-based foods and beverages, ,, Plant-based foods, ,, Plant-based creams, ,, Plant-based creams for cooking, ,, Soy-based creams for cooking","Vegetarian, ,, Vegan",,,Germany,"German: Wasser, 8,5% Sonnenblumenöl*, 8% SOJABOHNEN *, Verdickungsmittel: Johannisbrotkernmehl*, Guarkernmehl*; Meersalz. *aus biologischer Landwirtschaft Kann Spuren von Schalenfrüchten enthalten. PP",Soybeans,Nuts,8,B,4,A,True,True,yes,moderate,low,low,low,476.0,114.0,10.0,1.3,1.4,0.5,1.1,3.4,0.11,0.044,,,1,2,1,1,0,1,0,1,0,0
https://world.openfoodfacts.org/product/3560070325580/coquillettes-carrefour,3560070325580,Coquillettes – Carrefour – 200 g,200 g,"Plastic, ,, Bag, ,, Protective gas",Carrefour,"Plant-based foods and beverages, ,, Plant-based foods, ,, Meals, ,, Pasta dishes, ,, Pastas, ,, Microwave meals, ,, fr:Coquillettes","Distributor labels, ,, Carrefour Quality, ,, Green Dot, ,, Made in France, ,, Nutriscore, ,, Nutriscore Grade A, ,, Nutriscore Grade B",Ces coquillettes sont fabriquées en France à partir de blé et de beurre d'Union Européenne.,"Soufflet Alimentaire (Groupe Soufflet) - 41 Rue du Petit Bruxelles - 59300 Valenciennes, ,, Nord, ,, Nord-Pas-de-Calais, ,, France","France, ,, Spain","French: Eau, spécialité céréalière 32,5% (semoule de blé dur, poudre de blanc d' ' ), huile de tournesol, beurre concentré 0,5%, sel, stabilisant : gomme de guar.","Gluten, Milk",,9,B,4,,False,True,no,low,low,low,moderate,540.0,128.0,2.1,0.5,22.0,0.8,1.1,5.2,0.67,0.268,,,2,4,2,1,0,0,3,2,0,0
https://world.openfoodfacts.org/product/0068700011016/partly-skimmed-milk-dairyland,0068700011016,Partly Skimmed Milk – Dairyland – 4 L,4 L,Plastic jug,Dairyland,"Dairies, ,, Milks (liquid and powder), ,, Milks, ,, Semi-skimmed milks, ,, Skimmed milks",,Canadian dairy,Canada,Canada,"PARTLY SKIMMED MILK, VITAMIN A PALMITATE, VITAMIN D3.",Milk,En-en-en-en-en-en-en-en-milk,3,B,1,C,True,,no,low,low,low,low,217.0,52.0,2.0,1.2,4.8,4.8,0.0,3.6,0.12,0.048,,,1,8,7,4,3,1,0,7,0,0
https://world.openfoodfacts.org/product/01374476/tikka-masala-fragrant-cooking-sauce-sainsbury-s,01374476,Tikka Masala Fragrant Cooking Sauce – Sainsbury's – 500g,500g,,Sainsbury's,"Condiments, ,, Sauces, ,, Curry sauces",,,,United Kingdom,"Tomatoes (54%), Water, Single Cream (Cows' Milk) (6%), Onions (6%), Tomato Purée, Sugar, Yogurt (Cows' Milk) (2.5%), Rapeseed Oil, Dried Onion, Modified Maize Starch, Creamed Coconut, Ground Cumin, Coriander Leaf, Salt, Ground Coriander, Acidity Regulator: Citric Acid; Garlic Purée, Ginger Purée, Concentrated Lemon Juice, Turmeric, Spice Paste (Rapeseed Oil, Water, Sugar, Onion Purée, Concentrated Lemon Juice, Salt, Coriander Leaf, Ground Ginger, Ground Cumin, Ground Coriander, Ground Cardamom, Paprika, Ground Cassia, Garlic Powder, Cumin Seed, Ground Fennel, Ground Cloves, Chilli Powder, Ground Fenugreek, Acidity Regulator: Acetic Acid; Ground Black Pepper, Black Onion Seeds), Ground Cardamom Chilli Powder, Ground Black Pepper, Ground Nutmeg, Ground Fenugreek, Dried Fenugreek Leaf. F p Pro Sal Fori onlin U",Milk,,53,B,4,A,True,True,no,moderate,moderate,moderate,low,360.0,86.0,4.8,1.7,9.1,6.3,0.9,1.2,0.001325,0.00053,,,1,3,2,1,1,1,0,0,0,2
https://world.openfoodfacts.org/product/4770237041089/milk-2-5-pieno-%C5%BEvaig%C5%BEd%C4%97s,4770237041089,Milk 2.5% – Pieno Žvaigždės – 2l,2l,lt:plastikas,"Dvaro, ,, Pieno Žvaigždės","Dairies, ,, Milks, ,, Cow milks",,Lithuania,"Tinklų g. 9, ,, Panevėžys, ,, Lietuva",Lithuania,"Lithuanian: Baltymų šaltin LT Pienas DVARO 2,5% rieb., pasterizuotas, 21. Maistingumas 100ml Energinė vertė 227 kJ / 54 kcal 2,5 g 1,5 g Riebalai iš kurių sočiųjų riebalų rūgščių Angliavandeniai iš kurių cukrų Baltymai 4,7g 4,7g 3,2g Druska* 0,1 g Tinka vartoti iki ( žr. ant pakuotės). Laikyti (0...+6)°C temperatūroje. *Produkte esantj druskos kieki nulemia tik natūraliai jame esantis natris.",,,11,B,,D,False,True,yes,low,moderate,low,low,226.0,54.0,2.5,1.5,4.7,4.7,,3.2,0.0975,0.039,,,1,8,7,4,3,1,0,7,0,0
https://world.openfoodfacts.org/product/0024000027584/poires-demi-fruits-au-sirop-leger-del-monte,0024000027584,Poires Demi-Fruits : Au Sirop Léger – Del Monte – 230 g,230 g,Canned,"Del Monte, ,, DelMonte","Plant-based foods and beverages, ,, Plant-based foods, ,, Canned foods, ,, Desserts, ,, Canned plant-based foods, ,, Canned fruits, ,, Fruits in syrup, ,, Pears in syrup",,,,"Belgium, ,, Switzerland, ,, United Kingdom","French: poires, eau, sucre, correcteur d'acidité : acide citrique",,,5,B,3,A,True,True,yes,low,low,high,low,255.0,61.0,0.1,0.0,14.0,14.0,1.0,0.2,0.0,0.0,,,1,3,2,0,3,0,0,0,0,2
https://world.openfoodfacts.org/product/3339526072008/yaourts-nature-au-lait-bio-de-dordogne-pechalou,3339526072008,Yaourts nature au lait bio de Dordogne – Péchalou – 500 g (4 x 125 g),500 g (4 x 125 g),Cardboard,Péchalou,"Dairies, ,, Fermented foods, ,, Fermented milk products, ,, Desserts, ,, Dairy desserts, ,, Fermented dairy desserts, ,, Yogurts, ,, Plain fermented dairy desserts, ,, Plain yogurts","Organic, ,, EU Organic, ,, FR-BIO-01","France, ,, Dordogne",,France,"French: lait entier, lait écrémé en poudre, fements lactiques.",Milk,,3,B,3,A,False,True,no,moderate,moderate,low,low,271.0,64.0,3.7,2.5,4.0,4.0,,3.7,0.13,0.052,,0.0,2,3,1,0,1,2,0,1,0,0
https://world.openfoodfacts.org/product/3450970000192/yaourts-aux-fruits-eco,3450970000192,Yaourts aux fruits – Eco+ – 12 x 125 g,12 x 125 g,Pot,Eco+,"Dairies, ,, Fermented foods, ,, Fermented milk products, ,, Desserts, ,, Dairy desserts, ,, Fermented dairy desserts, ,, Fermented dairy desserts with fruits, ,, Yogurts, ,, Fruit yogurts","Nutriscore, ,, Nutriscore Grade B",World,,France,"French: Lait écrémé 79 % (origine : France) ; sucre 8.3% ; morceaux et purées de fruits 5% (fraise ou pêche ou abricot ou fruits des bois (sureau, mûre, myrtille)) ; crème 2,7 % (origine : France) ; protéines de Lait ; sirop de glucose-fructose ; amidon transformé de tapioca ; épaississants : E412, E440, E410 ; arômes ; ferments lactiques ;colorants : E120, E160c.",Milk,,23,B,4,A,True,False,no,low,low,moderate,low,321.2,75.0,0.9,0.6,13.0,12.0,0.5,3.7,0.09,0.036,,5.0,2,3,1,0,3,0,0,1,0,0
https://world.openfoodfacts.org/product/5200104100902/olivenol-nativ-extra-epikouros,5200104100902,Olivenöl nativ extra – Epikouros – 500 ml,500 ml,,Epikouros,"Plant-based foods and beverages, ,, Plant-based foods, ,, Fats, ,, Vegetable fats, ,, Olive tree products, ,, Vegetable oils, ,, Olive oils, ,, Extra-virgin olive oils, ,, Virgin olive oils","Organic, ,, EU Organic, ,, Biodynamic agriculture, ,, Demeter, ,, GR-BIO-03",Greece,,France,French: Huile d'olive vierge extra biologique.,,,1,B,2,C,True,True,yes,high,high,low,low,3447.0,824.0,91.6,12.8,0.0,0.0,,0.0,0.0,0.0,,,-1,4,5,,0,,0,0,0,5
https://world.openfoodfacts.org/product/7318690131977/naturell-mandel-dryck-ica,7318690131977,Naturell Mandel Dryck – ICA,,,ICA,"Plant-based foods and beverages, ,, Beverages, ,, Plant-based foods, ,, Dairy substitutes, ,, Milk substitutes, ,, Nuts and their products, ,, Plant-based beverages, ,, Plant-based milk alternatives, ,, Nut-based drinks, ,, Almond-based drinks",,,,"France, ,, Latvia","Water boiled, Almond , Calcium, Gellan gum E418, Guar gum E412, Sunflower Lecithins E322, Vitamin B2, Vitamin D, Vitamin B12",Nuts,,10,B,4,C,True,True,yes,low,low,,low,58.0,14.0,1.2,0.5,0.0,,,0.5,0.1,0.04,,,1,1,0,1,0,0,0,0,0,0
https://world.openfoodfacts.org/product/8420695004060/mais-doux-allaire,8420695004060,Mais Doux – Allaire – 2 x 400 g,2 x 400 g,,Allaire,"Plant-based foods and beverages, ,, Plant-based foods, ,, Cereals and potatoes, ,, Seeds, ,, Cereals and their products, ,, Cereal grains, ,, Corn, ,, Sweet corn",,,,France,"French: Maïs doux, sel, antioxydant E330.",,,4,B,3,,True,True,yes,low,low,moderate,low,435.0,104.0,1.7,0.4,17.0,6.6,,3.5,0.0,0.0,,,-2,4,6,,1,,0,1,0,5
https://world.openfoodfacts.org/product/8718114824185/bauern-topf-knorr,8718114824185,Bauern Topf – Knorr – 43g,43g,Papier,"Knorr, ,, Unilever","Plant-based foods and beverages, ,, Plant-based foods, ,, Meals, ,, Dried products, ,, Dried products to be rehydrated, ,, Dried meals, ,, Gewürze, ,, Gewürzmischung, ,, Gewürzmittel, ,, Pflanzliche-lebensmittel-und-getränke","Vegetarian, ,, Vegan",,,Germany,"starch, 20% onions, 14% peppers, table salt, palm oil, sugar, seasoning, flavors, garlic, iodized table salt, 1.8% tomato powder, table salt substitute, herbs (majoran, thyme), yeast extract, onion juice concentrate, cumin, sunflower oil, parsley root",,"Celery, Eggs, Gluten, Milk, Mustard, Soybeans",20,B,4,,False,True,yes,low,low,low,moderate,347.0,83.0,2.8,0.5,8.8,3.1,2.4,4.4,0.3,0.12,,,1,2,1,1,0,0,1,1,0,0
https://world.openfoodfacts.org/product/8414807539458/aceite-de-oliva-virgen-extra-consum,8414807539458,Aceite de oliva virgen extra – Consum – 1 l,1 l,,Consum,"Plant-based foods and beverages, ,, Plant-based foods, ,, Fats, ,, Vegetable fats, ,, Olive tree products, ,, Vegetable oils, ,, Olive oils, ,, Extra-virgin olive oils, ,, Virgin olive oils",Green Dot,Spain,,Spain,Spanish: Aceite de oliva virgen extra.,,,1,B,2,C,True,True,yes,high,high,low,low,3700.0,900.0,100.0,16.0,0.0,0.0,0.0,0.0,0.0,0.0,,,1,6,5,,0,,0,0,0,5
https://world.openfoodfacts.org/product/4099200011981/frucht-snack-sweet-valley,4099200011981,Frucht Snack – Sweet Valley,,,Sweet Valley,Fruit snack,,,,Switzerland,,,,,B,,,,,,low,low,moderate,low,246.0,59.0,0.5,0.10000000149012,12.0,10.0,,0.5,0.0099999997764826,0.004,,,2,2,0,0,2,0,0,0,0,0
https://world.openfoodfacts.org/product/8480012028223/anacardos-crudos-eliges,8480012028223,Anacardos crudos – Eliges – 150 g,150 g,,Eliges,"Plant-based foods and beverages, ,, Plant-based foods, ,, Fruits and vegetables based foods, ,, Fruits based foods, ,, Nuts and their products, ,, Nuts, ,, Cashew nuts",,,,Spain,,,,,B,,E,,,,high,high,moderate,low,2472.0,591.0,44.0,7.8,29.0,5.9,,18.0,0.03,0.012,,,-2,5,7,,1,,0,7,0,0
https://world.openfoodfacts.org/product/6414893097124/kotimaista-laktoositon-maitojuoma-3,6414893097124,Kotimaista Laktoositon Maitojuoma 3% – 1 l,1 l,,Kotimaista,"Beverages, ,, Dairies, ,, Dairy drinks, ,, Milks, ,, Lactose-free milk","FSC, ,, FSC Mix, ,, fi:Hyvää Suomesta",Finland,,Finland,"Finnish: Maito (alkuperä: Suomi), maitovalmiste (alkuperä: Suomi), D-vitamiini.",Milk,,3,B,1,C,True,True,no,moderate,moderate,moderate,low,216.0,52.0,3.0,1.9,3.0,3.0,,3.2,0.09,0.036,,,0,7,7,4,2,1,0,7,0,0
https://world.openfoodfacts.org/product/8436583950739/beguda-vegetal-ametlla-amb-calci-1l-ametller-origen,8436583950739,Beguda Vegetal Ametlla amb calci 1l – Ametller Origen,,,Ametller Origen,"Plant-based foods and beverages, ,, Beverages, ,, Plant-based foods, ,, Dairy substitutes, ,, Milk substitutes, ,, Nuts and their products, ,, Plant-based beverages, ,, Plant-based milk alternatives, ,, Nut-based drinks, ,, Almond-based drinks",,,,"Argentina, ,, Spain",,,,,B,,C,,,,moderate,low,low,low,100.0,24.0,2.2,0.2,0.2,0.1,0.4,0.7,0.1,0.04,,,2,2,0,2,0,0,0,0,0,0
https://world.openfoodfacts.org/product/5400141269475/lait-ecreme-boni-selection,5400141269475,Lait écrémé – Boni Selection,,,Boni Selection,"Dairies, ,, Milks, ,, Skimmed milks","Nutriscore, ,, Nutriscore Grade A",Origine: Belgique.,,Belgium,100% skimmed milk,Milk,,1,B,1,D,True,True,no,low,low,low,low,147.0,35.0,0.5,0.10000000149012,4.9000000953674,4.9000000953674,0.0,3.5,0.10999999940395,0.044,,,-2,5,7,2,3,0,0,7,0,0
https://world.openfoodfacts.org/product/3335880004037/pois-chiches-noirs-desi-prosain,3335880004037,Pois Chiches Noirs Dési – Prosain – 345 g,345 g,,Prosain,"Plant-based foods and beverages, ,, Plant-based foods, ,, Legumes and their products, ,, Legumes, ,, Seeds, ,, Legume seeds, ,, Pulses, ,, Chickpeas, ,, Prepared vegetables, ,, Cooked vegetables, ,, Cooked chick peas","Fair trade, ,, Organic, ,, EU Organic, ,, Made in France, ,, AB Agriculture Biologique, ,, fr:Bio équitable en France",,,France,"French: Pois chiches, eau, sel de mer",,,3,B,3,A,True,True,yes,low,low,low,moderate,469.0,112.0,0.9,0.1,17.1,0.6,5.4,6.2,0.46,0.184,,74.77,-4,3,7,,0,,2,2,3,2
https://world.openfoodfacts.org/product/8003170057920/latte-alimentum-senza-lattosio-conad,8003170057920,Latte Alimentum senza lattosio – Conad – 1l,1l,,Conad,"Dairies, ,, Milks, ,, Homogenized milks, ,, Semi-skimmed milks, ,, UHT Milks, ,, Cow milks, ,, Lactose-free milk, ,, Semi-skimmed milk UHT",No lactose,Italy,,Italy,Italian: Latte,Milk,,1,B,1,C,True,True,no,low,low,moderate,low,205.0,49.0,1.6,1.1,5.2,5.2,0.0,3.4,0.1,0.04,,,1,8,7,3,4,1,0,7,0,0
https://world.openfoodfacts.org/product/4099100023596/no-sugar-added-applesauce-simply-nature,4099100023596,No Sugar Added Applesauce – Simply Nature – 46 oz (1.3 kg),46 oz (1.3 kg),"1 plastic jar, ,, 1 plastic lid",Simply Nature,"Plant-based foods and beverages, ,, Plant-based foods, ,, Fruits and vegetables based foods, ,, Desserts, ,, Fruits based foods, ,, Compotes, ,, Apple compotes, ,, Applesauces","No GMOs, ,, Non GMO project",,,United States,"APPLES , WATER, ASCORBIC ACID (VITAMIN C).",Apple,,4,B,1,A,True,True,yes,low,low,moderate,low,166.0,39.0,0.0,0.0,14.0,0.0,1.0,0.0,0.0,0.0,,,1,3,2,0,3,0,0,0,0,2
https://world.openfoodfacts.org/product/20223939/mozzarella-halbfettstufe-penny,20223939,"Mozzarella, Halbfettstufe – Penny – 125 g",125 g,,"Penny, ,, San Fabio","Dairies, ,, Fermented foods, ,, Fermented milk products, ,, Cheeses, ,, Cow cheeses, ,, Italian cheeses, ,, Stretched-curd cheeses, ,, Mozzarella, ,, Cow mozzarella","Nutriscore, ,, Nutriscore Grade B",,,Germany,"German: Käsereimilch , Speisesalz, Milchsäurekulturen, mikrobielles Lab, Säuerungsmittel Citronensäure.",Milk,,6,B,3,C,True,True,no,moderate,high,low,moderate,665.0,159.0,8.5,5.5,1.0,1.0,,19.6,0.45,0.18,,,1,8,7,1,0,5,2,7,0,0
https://world.openfoodfacts.org/product/4056489420279/succo-di-arancia-lidl,4056489420279,Succo di arancia – Lidl,,"Plastic, ,, Multilayer-composite, ,, PE 7 - Polyethylene, ,, HDPE 2 - High-density polyethylene, ,, Tetra Pak, ,, it:CONTENITORE 84, ,, it:Tappo HDPE",Lidl,"Plant-based foods and beverages, ,, Beverages, ,, Plant-based beverages, ,, Fruit-based beverages, ,, Juices and nectars, ,, Fruit nectars, ,, Fruit juices, ,, Orange juices, ,, Multifruit nectars","Green Dot, ,, No added sugar",,,Italy,"Italian: 65% succo di 3 frutti da concentrato (59% arancia, 5% uva, 1% limone), acqua, fibra di agrumi, antiossidante: acido ascorbico; aromi naturali.",,,9,B,4,E,True,True,yes,low,low,moderate,low,121.0,28.0,0.5,0.1,7.1,5.8,,0.5,0.01,0.004,,,2,6,4,2,4,0,0,0,0,4
https://world.openfoodfacts.org/product/3760269312753/gourde-de-fruit-good-gout,3760269312753,Gourde de fruit – Good Goût,,,Good Goût,"Plant-based foods and beverages, ,, Plant-based foods, ,, Fruits and vegetables based foods, ,, Desserts, ,, Fruits based foods, ,, Compotes, ,, Apple compotes","Organic, ,, EU Organic, ,, Certified B Corporation, ,, Made in France, ,, No added sugar, ,, AB Agriculture Biologique",,,France,,,,,B,,A,,,,low,low,moderate,low,426.0,102.0,0.5,0.2,23.0,6.0,,1.0,0.0,0.0,,,2,2,0,1,1,0,0,0,0,0
https://world.openfoodfacts.org/product/5410673004895/riz-basmati-ben-s-original,5410673004895,Riz Basmati – Ben's Original – 500 g,500 g,,Ben's Original,"Plant-based foods and beverages, ,, Plant-based foods, ,, Cereals and potatoes, ,, Seeds, ,, Cereals and their products, ,, Cereal grains, ,, Rices, ,, Aromatic rices, ,, Indica rices, ,, Long grain rices, ,, Basmati rices","Made in the EU, ,, Nutriscore, ,, Nutriscore Grade B",,,"Belgium, ,, Luxembourg",French: riz,,,1,B,1,,True,True,yes,low,low,low,low,552.0,132.0,0.5,0.1,29.0,0.5,0.5,3.1,0.01,0.004,,,1,2,1,,0,,0,1,0,0
https://world.openfoodfacts.org/product/3250393103513/noix-de-cajou-grillees-sans-sel-ajoute-netto,3250393103513,Noix de cajou grillées sans sel ajouté – Netto – 125 g,125 g,,Netto,"Plant-based foods and beverages, ,, Plant-based foods, ,, Seeds, ,, Nuts and their products, ,, Nuts, ,, Bulk, ,, Cashew nuts, ,, Roasted nuts, ,, Peanuts, ,, Roasted cashew nuts","Nutriscore, ,, Nutriscore Grade B",,,France,"French: Noix de cajou , huile de tournesol.",Nuts,,2,B,3,E,True,True,yes,high,high,moderate,low,2555.0,616.0,48.0,8.8,23.0,6.2,6.0,20.0,0.02,0.008,,,-5,5,10,,1,,0,7,3,0
https://world.openfoodfacts.org/product/4088600262048/rice-pudding-the-dessert-menu,4088600262048,Rice Pudding – The Dessert Menu,,,The Dessert Menu,"Desserts, ,, Puddings, ,, Rice puddings",,,,United Kingdom,"Skimmed Milk, Whole Milk, Water, RICE (9%), Sugar, Whey Powder ( Milk ), Acidity Regulator: Sodium Carbonates.",Milk,,8,B,4,B,True,,no,low,low,moderate,low,387.0,92.0,1.3,0.8,17.1,0.0,0.25,3.1,0.000275,0.00011,,,2,3,1,1,2,0,0,1,0,0
https://world.openfoodfacts.org/product/8076809582711/linguine-bio-barilla,8076809582711,Linguine bio – Barilla – 500 g,500 g,,Barilla,"Plant-based foods and beverages, ,, Plant-based foods, ,, Cereals and potatoes, ,, Cereals and their products, ,, Pastas, ,, Cereal pastas, ,, Dry pastas, ,, Durum wheat pasta, ,, Linguine","Vegetarian, ,, Organic, ,, Certified by Ecocert, ,, EU Organic, ,, EU Agriculture, ,, IT-BIO-009, ,, Made in Italy, ,, AB Agriculture Biologique, ,, Triman",Italy,Italie,France,"French: Semoule de BLÉ dur issu de l'agriculture biologique, eau.",Gluten,"Mustard, Soybeans",2,B,1,,True,True,yes,low,low,low,low,1521.0,359.0,2.0,0.5,72.0,3.5,3.0,12.0,0.0,0.0,,0.0,1,5,4,4,1,0,0,4,0,0
https://world.openfoodfacts.org/product/7623186029240/roggenvollkornbrot-migros-bio,7623186029240,Roggenvollkornbrot – Migros Bio – 500g,500g,,Migros Bio,"Plant-based foods and beverages, ,, Plant-based foods, ,, Cereals and potatoes, ,, Breads, ,, Rye breads",Organic,,,"Germany, ,, Switzerland","Égrugeage de seigle, eau, levain de seigle com - plet, farine complète de blé* 8%, sel marin, levure, levain de seigle séché, gluten de blé*.* issu de l'agriculture biologique. Peut contenir: œufs, soja , lait, amandes, noix de pécan, sésame . Malgré tout le soin apporté à son élaboration, ce produit peut contenir des parties dures de céréales. Pare cerale di sesale con farina integrale di frumento",Gluten,"Eggs, Milk, Nuts, Sesame seeds, Soybeans",8,B,4,A,True,True,yes,low,low,low,high,923.0,219.0,1.0,0.2,40.0,1.5,9.8,7.5,1.6,0.64,,,1,9,8,2,0,0,7,3,5,0
https://world.openfoodfacts.org/product/8720094573267/vegane-falafel-kaufland,8720094573267,Vegane Falafel – Kaufland – 200 g,200 g,,Kaufland,"Meat alternatives, ,, Vegetarian balls, ,, Falafels","Carbon compensated product, ,, CO2e neutral, ,, Nutriscore",,,"France, ,, Germany","German: Eingeweichte Kichererbsen (50 %), Zucchini, Zwiebeln, Paniermehl ( Weizenmehl , Backhefe, Salz), Sonnenblumenöl, Petersilie, Kreuzkümmel, Salz, Säureregulator (Kaliumacetate, Citronensäure), Koriander, Knoblauchpulver, schwarzer Pfeffer. Unter Schutz - atmosphäre verpackt.",Gluten,,19,B,3,B,True,True,yes,moderate,low,low,moderate,736.0,176.0,9.1,0.8,10.0,2.8,6.0,10.0,1.4,0.56,,,1,8,7,2,0,0,6,4,3,0
https://world.openfoodfacts.org/product/5900820024390/mleczna-dolina,5900820024390,Mleczna Dolina – 1000 g,1000 g,,Mleczna Dolina,"Beverages and beverages preparations, ,, Beverages, ,, Dairies, ,, Fermented foods, ,, Fermented milk products, ,, Desserts, ,, Dairy desserts, ,, Dairy drinks, ,, Fermented dairy desserts, ,, Fermented drinks, ,, Fermented milk drinks, ,, Kefir",,,,Poland,"Polish: Mleko , żywe kultury bakterii i drożdży kefirowych.",Milk,,3,B,1,,False,True,no,moderate,moderate,moderate,low,193.0,46.0,1.5,1.0,4.6,4.6,0.0,3.6,0.1,0.04,0.0,,-1,6,7,3,3,0,0,7,0,0
https://world.openfoodfacts.org/product/5400101060920/carrefour-classic-filet-de-dinde-12-tranches,5400101060920,Carrefour Classic' Filet De Dinde 12 Tranches – 150 g,150 g,Plastic,Carrefour,"Meats and their products, ,, Meats, ,, Prepared meats, ,, Poultries, ,, Turkey and its products, ,, Turkeys, ,, fr:Charcuteries cuites, ,, Poultry hams, ,, Cooked turkey breast slices, ,, fr:PLS/CHARCUTERIE",Made in Belgium,,,"Belgium, ,, France","turkey meat 92%, salt, dextrose, sugar, flavoring, potassium chloride, natural flavors, whey powder (contains milk ), glucose syrup, antioxidant: sodium ascorbate, acidity regulator: trisodium citrate, preservative: sodium nitrite, stabilizers: carrageenan - xanthan gum-triphosphates, may contain traces of gluten , eggs and mustard",Milk,"Eggs, Gluten, Mustard",14,B,4,E,True,False,no,low,low,low,moderate,454.0,107.0,1.7,0.5,1.0,1.0,0.5,22.0,1.5,0.6,,,1,8,7,1,0,0,7,7,0,0
https://world.openfoodfacts.org/product/8601500134411/kefir-imlek,8601500134411,Kefir – Imlek – 950g,950g,Plastic,Imlek,"Beverages, ,, Dairies, ,, Fermented foods, ,, Fermented milk products, ,, Dairy drinks, ,, Fermented drinks, ,, Fermented milk drinks, ,, Kefir",,,,Serbia,,,,,B,,,,,,moderate,moderate,moderate,low,234.0,56.0,2.8,1.9,4.3,4.3,,3.4,0.0775,0.031,,,1,8,7,4,3,1,0,7,0,0
https://world.openfoodfacts.org/product/3760103144656/riz-thai-complet-autour-du-riz,3760103144656,Riz Thai Complet – Autour du riz – 500 g,500 g,fr:Paquet 500g,Autour du riz,"Plant-based foods and beverages, ,, Plant-based foods, ,, Cereals and potatoes, ,, Seeds, ,, Cereals and their products, ,, Cereal grains, ,, Rices, ,, Aromatic rices, ,, Indica rices, ,, Long grain rices, ,, Brown rices, ,, Jasmine rice, ,, Brown Jasmine rices","Fair trade, ,, No gluten, ,, Organic, ,, Crossed Grain Trademark, ,, EU Organic, ,, FR-BIO-10, ,, AB Agriculture Biologique, ,, Afdiag",Thailand,,"France, ,, Switzerland",French: Riz thaï complet,,,1,B,1,E,True,True,yes,moderate,low,low,low,1527.0,365.0,3.5,0.9,73.0,0.7,5.1,7.9,0.05,0.02,,,-2,3,5,,0,,0,3,2,0
https://world.openfoodfacts.org/product/01635607/vegetable-stock-sainsbury-s,01635607,Vegetable Stock – Sainsbury's,,,Sainsbury's,"Plant-based foods and beverages, ,, Plant-based foods, ,, Broths",,,,United Kingdom,"Water, Carrot Concentrate (3%), Onion Concentrate (1%), Salt, Yeast Extract, Leek Concentrate (0.5%).",,,6,B,3,,True,True,yes,low,low,low,moderate,48.0,11.0,0.5,0.1,1.6,1.5,0.5,0.5,0.55,0.22,,4.5,2,2,0,0,0,0,2,0,0,0
https://world.openfoodfacts.org/product/7610900242122/yogurt-bio-lactose-free,7610900242122,Yogurt – Bio Lactose Free,,,Bio Lactose Free,"Dairies, ,, Fermented foods, ,, Fermented milk products, ,, Desserts, ,, Dairy desserts, ,, Fermented dairy desserts, ,, Yogurts",No lactose,,,Belgium,,,,,B,,B,,,,moderate,moderate,low,low,292.0,70.0,3.5,2.1,3.8,3.8,,4.7,0.0875,0.035,,,2,3,1,0,1,2,0,1,0,0
https://world.openfoodfacts.org/product/0084213000712/natural-pumpernickel-with-whole-rye-kernels-mestemacher,0084213000712,Natural Pumpernickel With Whole Rye Kernels – Mestemacher – 7 servings 500 g,7 servings 500 g,,Mestemacher,"Plant-based foods and beverages, ,, Plant-based foods, ,, Cereals and potatoes, ,, Cereals and their products, ,, Breads, ,, Rye breads, ,, Pumpernickel","Kosher, ,, No preservatives",,,United States,"Whole kernel rye, water, wholemeal rye flour, salt, malt extract, oat fiber , yeast.",Gluten,,7,B,4,A,True,True,yes,low,low,low,moderate,977.749,208.0,1.39,0.0,44.44,4.167,12.5,4.167,1.145825,0.45833,,0.0,2,8,6,2,1,0,5,1,5,0
https://world.openfoodfacts.org/product/20020002/arroz-largo-golden-sun,20020002,Arroz largo – Golden Sun – 1kg,1kg,Plastic,Golden Sun,"Plant-based foods and beverages, ,, Plant-based foods, ,, Cereals and potatoes, ,, Seeds, ,, Cereals and their products, ,, Cereal grains, ,, Rices",Nutriscore,,,"Germany, ,, Portugal",Portuguese: arroz,,,1,B,1,E,True,True,yes,low,low,low,low,1474.0,347.0,0.9,0.2,76.9,1.0,1.0,7.4,0.01,0.004,,,0,3,3,,0,,0,3,0,0
https://world.openfoodfacts.org/product/3250390211815/pom-frites-xl-bouton-d-or,3250390211815,Pom' Frites XL – Bouton d'Or – 1kg,1kg,"Plastic, ,, Bag, ,, Frozen","Bouton d'Or, ,, Saint eloi","Chips and fries, ,, Frozen foods, ,, Frozen fried potatoes, ,, Fries, ,, Frozen fries",,,,France,"French: Pommes de terre 97%, huile de tournesol 3%.",,,2,B,3,A,True,True,yes,moderate,low,low,low,514.0,123.0,3.2,0.7,19.8,0.5,,2.1,0.1,0.04,,,1,1,0,1,0,0,0,0,0,0
https://world.openfoodfacts.org/product/3289196400093/pur-jus-tomate-de-marmande-sans-sel-vitamont,3289196400093,Pur jus tomate de Marmande sans sel – Vitamont – 25 cl,25 cl,"Glass, ,, Bottle, ,, Bottle cap, ,, Wine cork, ,, fr:Bouteille en verre",Vitamont,"Beverages and beverages preparations, ,, Plant-based foods and beverages, ,, Beverages, ,, Plant-based foods, ,, Fruits and vegetables based foods, ,, Vegetables based foods, ,, Plant-based beverages, ,, Vegetable-based foods and beverages, ,, Juices and nectars, ,, Vegetable-based beverages, ,, Tomatoes and their products, ,, Vegetable juices, ,, Tomato juices, ,, fr:Pur jus de tomates","Organic, ,, EU Organic, ,, FR-BIO-01, ,, Green Dot, ,, AB Agriculture Biologique","France, ,, fr:Marmande","Montflanquin, ,, France",France,"French: Jus de tomate*. 
*Ingrédient issu de l'agriculture biologique.",,,1,B,1,,True,True,yes,low,low,moderate,low,71.0,17.0,0.0,0.0,2.7,2.7,0.8,0.8,0.0,0.0,,,-3,3,6,1,2,0,0,0,0,6
https://world.openfoodfacts.org/product/5601326000122/riz-pato-real,5601326000122,Riz Pato Real – 1 kg,1 kg,"Plastic, ,, Packet",Pato Real,"Plant-based foods and beverages, ,, Plant-based foods, ,, Cereals and potatoes, ,, Seeds, ,, Cereals and their products, ,, Cereal grains, ,, Rices, ,, Long grain rices","Green Dot, ,, pt:Portugal Sou Eu, ,, pt:Ecoponto-amarelo",,,Portugal,,,,,B,,E,,,,low,low,low,low,1447.0,341.0,0.9,0.3,77.0,0.5,0.8,6.2,0.01,0.004,,,2,4,2,,0,,0,2,0,0
https://world.openfoodfacts.org/product/7610809058121/riz-pour-risotto-coop-naturaplan,7610809058121,Riz pour risotto – Coop naturaplan – 1kg,1kg,Bag,"Coop naturaplan, ,, naturaplan","Plant-based foods and beverages, ,, Plant-based foods, ,, Cereals and potatoes, ,, Meals, ,, Seeds, ,, Cereals and their products, ,, Cereal grains, ,, Rice dishes, ,, Rices, ,, Risottos, ,, Rices for risotto","Organic, ,, EU Organic, ,, CH-BIO-006",Italy,,"France, ,, Germany, ,, Switzerland",French: riz bio.,,,1,B,3,B,True,True,yes,low,low,low,low,1453.0,342.0,0.0,0.0,78.0,0.0,1.0,7.0,0.0,0.0,,,-2,0,2,,0,,0,2,0,0
https://world.openfoodfacts.org/product/8004275000736/huile-d-olive-vierge-extra-biologique-pietro-coricelli,8004275000736,Huile d'olive vierge extra biologique – Pietro Coricelli – 750 ml,750 ml,,Pietro Coricelli,"Plant-based foods and beverages, ,, Plant-based foods, ,, Fats, ,, Vegetable fats, ,, Olive tree products, ,, Vegetable oils, ,, Olive oils, ,, Extra-virgin olive oils, ,, Virgin olive oils","Organic, ,, EU Organic, ,, IT-BIO-014",,,"Belgium, ,, France",French: huile d'olive vierge extra,,,1,B,2,B,True,True,yes,high,high,low,low,3378.0,822.0,91.3,13.0,0.0,0.0,,0.0,0.0,0.0,,,0,5,5,,0,,0,0,0,5
https://world.openfoodfacts.org/product/8410184800082/arroz-al-curry-verde-brillante,8410184800082,Arroz al Curry Verde – brillante – 250 g,250 g,"es:Caja de cartón, ,, es:Microondable, ,, es:Tarrina de plástico",brillante,"Plant-based foods and beverages, ,, Plant-based foods, ,, Cereals and potatoes, ,, Cereals and their products, ,, Meals, ,, Microwave meals, ,, Precooked rices","No gluten, ,, No preservatives, ,, FSC, ,, FSC Mix, ,, Green Dot, ,, No colorings",,España,Spain,"Spanish: Arroz cocido 85 % (agua, arroz de grano largo), puré espinaca, zanahoria, bebida de coco (extracto de coco, agua), azúcar, cebolla, aceite de girasol, hierbas aromáticas, sal, zumo de lima, curry 0,3 % (especias), jalapeño verde, emulgente (lecitina de girasol).",,,19,B,4,B,True,True,yes,low,low,low,moderate,552.0,132.0,1.68,0.48,26.0,2.64,1.68,2.08,0.3,0.12,,,2,2,0,1,0,0,1,0,0,0
https://world.openfoodfacts.org/product/8423243002013/aceite-de-oliva-virgen-extra-arbequina-urzante,8423243002013,Aceite de oliva virgen extra arbequina – Urzante,,,Urzante,"Plant-based foods and beverages, ,, Plant-based foods, ,, Fats, ,, Vegetable fats, ,, Olive tree products, ,, Vegetable oils, ,, Olive oils, ,, Extra-virgin olive oils, ,, Virgin olive oils",,,,"France, ,, Spain",,,,,B,2,E,,,,high,high,low,low,3700.0,900.0,100.0,15.0,0.0,0.0,0.0,0.0,0.0,0.0,,,0,5,5,,0,,0,0,0,5
https://world.openfoodfacts.org/product/8595121823307/mleko-polotu%C4%8Dne-1-5-pragolaktos,8595121823307,"Mléko polotučné 1,5% – Pragolaktos – 1 l",1 l,,Pragolaktos,"Dairies, ,, Milks (liquid and powder), ,, Milks, ,, Homogenized milks, ,, Pasteurised products, ,, Goat milks, ,, Semi-skimmed milks, ,, UHT Milks, ,, Semi-skimmed goat milks, ,, Half skimmed pasteurized goat milk UHT",,Czech Republic,,"Bulgaria, ,, Czech Republic",Bulgarian: полуобезмаслено мляко,Milk,,1,B,1,E,True,True,no,low,low,low,low,197.0,47.0,1.5,0.9,4.9,4.9,,3.4,0.1,0.04,,,-1,6,7,3,3,0,0,7,0,0
https://world.openfoodfacts.org/product/20954505/frites-allumettes-null,20954505,Frites Allumettes – null,,,null,"Chips and fries, ,, Frozen foods, ,, Frozen fried potatoes, ,, Fries, ,, Frozen fries, ,, de:Kartoffeln für Pommes",Nutriscore,,,France,"96% potatoes, 4% sunflower oil, quantities in hot fat for 3-5 minue adult-type (8400n/",,,4,B,3,A,False,True,yes,moderate,low,low,low,527.0,126.0,3.1,0.4,21.4,0.5,0.5,2.4,0.2,0.08,,,1,1,0,1,0,0,0,0,0,0
https://world.openfoodfacts.org/product/5400101066427/honduras-intensite-n-9-carrefour,5400101066427,Honduras - intensité n°9 – Carrefour – 52 g (10 capsules),52 g (10 capsules),,Carrefour,"Plant-based foods and beverages, ,, Beverages, ,, Plant-based foods, ,, Hot beverages, ,, Coffees, ,, Capsules, ,, Coffee capsules, ,, Honduras coffee, ,, Nespresso-compatible coffee capsules","Fair trade, ,, Organic, ,, EU Organic, ,, Fairtrade International, ,, Non-EU Agriculture, ,, FR-BIO-01, ,, FSC, ,, FSC Mix, ,, Max Havelaar, ,, AB Agriculture Biologique",Honduras,,"France, ,, Netherlands",French: 100 % café moulu Arabica biologique du Honduras.,,,1,B,1,,True,True,yes,,,,,511.426,107.0,4.913,0.0,12.94,0.0,11.17,4.682,0.068,,,0.0,-2,10,12,10,0,0,0,7,5,0
https://world.openfoodfacts.org/product/8480010034998/arroz-largo-eroski,8480010034998,Arroz largo Eroski – 1kg,1kg,,Eroski,"Plant-based foods and beverages, ,, Plant-based foods, ,, Cereals and potatoes, ,, Seeds, ,, Cereals and their products, ,, Cereal grains, ,, Rices, ,, Long grain rices","Nutriscore, ,, Nutriscore Grade B",,,"Germany, ,, Spain",Spanish: Arroz largo,,,1,B,1,,True,True,yes,low,low,low,low,1460.0,349.0,0.6,0.2,78.0,0.0,1.4,6.9,0.0,0.0,,,2,4,2,,0,,0,2,0,0
https://world.openfoodfacts.org/product/8411030048368/tiras-de-peito-de-frango-serrano,8411030048368,Tiras de Peito de Frango – Serrano – 140 g,140 g,,Serrano,"Meats and their products, ,, Meats, ,, Chicken and its products, ,, Poultries, ,, Chickens, ,, Chicken breasts",No gluten,,,Spain,"Spanish: Pechuga de Pollo (98%), sal, dextrosa, fécula de patata, especias naturales, extracto vegetal y aromas.",,,7,B,4,E,True,False,no,low,low,low,high,451.0,108.0,1.0,0.2,0.8,0.8,,24.0,1.6,0.64,,,1,8,7,1,0,0,7,7,0,0
https://world.openfoodfacts.org/product/3580281186312/penne-rigate-n-31-savino,3580281186312,Penne rigate N°31 – Savino – 500 g,500 g,,Savino,"Plant-based foods and beverages, ,, Plant-based foods, ,, Cereals and potatoes, ,, Cereals and their products, ,, Pastas, ,, Dry pastas",Made in Italy,,,France,,,,,B,,,,,,low,low,low,low,1456.0,348.0,1.1,0.1,71.0,3.5,3.0,12.0,0.01,0.004,,,1,5,4,4,1,0,0,4,0,0
https://world.openfoodfacts.org/product/5060614800378/zero-calorie-golden-syrup-the-skinny-food,5060614800378,Zero Calorie Golden Syrup – The Skinny Food – 425 ml,425 ml,,The Skinny Food,Skinny syrup,"No gluten, ,, Vegetarian, ,, Vegan, ,, No added sugar",,,"France, ,, United Kingdom","water, thickeners (sodium carboxy methyl cellulose, xanthan gum), salt, natural flavouring, caramel syrup, acid (lactic acid), sweetener (sucralose), preservatives (potassium sorbate, sodium benzoate).",,,14,B,4,,True,True,yes,low,,,low,16.0,4.0,0.0,,0.0,,,0.0,0.295,0.118,,,1,1,0,0,0,0,1,0,0,0
https://world.openfoodfacts.org/product/0069000155011/cherry-bubly,0069000155011,Cherry Bubly – 355 mL,355 mL,Bottle,Bubly,"Beverages and beverages preparations, ,, Beverages, ,, Carbonated drinks, ,, Waters, ,, Carbonated waters, ,, Flavored waters, ,, Flavored sparkling waters","Kosher, ,, No artificial sweeteners, ,, COR Kosher, ,, No calories",,Canada,Canada,"Carbonated water, Natural flavouring",,,2,B,4,,True,,maybe,low,low,low,low,0.0,0.0,0.0,0.0,0.0,0.0,0.0,0.0,0.0,0.0,,,0,0,0,0,0,0,0,0,0,0
https://world.openfoodfacts.org/product/8006040451002/soyadrink-vitasoya,8006040451002,Soyadrink – Vitasoya – 1 l,1 l,Tetra Pak,Vitasoya,"Beverages and beverages preparations, ,, Plant-based foods and beverages, ,, Beverages, ,, Dairies, ,, Plant-based foods, ,, Legumes and their products, ,, Dairy substitutes, ,, Milk substitutes, ,, Milks (liquid and powder), ,, Plant-based beverages, ,, Milks, ,, Plant-based milk alternatives, ,, Legume-based drinks, ,, Soy-based drinks, ,, Flavoured soy drinks enriched in calcium with sugar","No gluten, ,, No GMOs, ,, FSC, ,, FSC Mix, ,, No lactose","Italy, ,, it:B12, ,, it:acido folico, ,, it:acqua, ,, it:aromi, ,, it:b6, ,, it:d, ,, it:e, ,, it:fosfato di calcio, ,, it:gomma gellano, ,, it:riboflavina, ,, it:sale marino, ,, it:semi di soia, ,, it:tiammina, ,, it:zucchero",castiglione delle Stiviere mn,Italy,"water, soybeans (6.7%), sugar, calcium phosphate, sea salt, stabilizer: gellanic gum, aromas, vitamins: tiamine (b2)- b6 - b12 - d-e-folic acid, (b1)-riboflavin",Soybeans,,16,B,4,A,True,,maybe,moderate,low,moderate,moderate,165.0,39.0,1.7,0.3,2.9,2.5,0.2,3.0,0.17,0.068,,,-1,5,6,3,2,0,0,6,0,0
https://world.openfoodfacts.org/product/3041091612830/bledina-bledichef-colombo-de-riz-et-poisson-250g-des-15-mois,3041091612830,BLEDINA BLEDICHEF Colombo de Riz et Poisson 250g Dès 15 Mois – 250 g,250 g,,"Bledichef, ,, Blédina",Frozen foods,,,,France,"French: BCHEF COLOMBO RIZ POISSON 250G : Eau de cuisson - Carottes 18,0 % - Riz cuit 17,1 % - Purée de tomates 10,4 % - Pommes de terre 9,33 % - Lieu 9,30 % ( POISSON ) - Oignons - Amidon de maïs - Beurre ( LAIT ) - Poivrons rouges - Ail - Basilic - Huiles végétales (colza, tournesol) - Sel - Mélange d'épices pour colombo (Curcuma, Cumin, Muscade, Poivre noir, Clou de girofle) - Thym.","Fish, Milk",,24,B,3,,True,False,no,low,low,low,low,301.0,72.0,2.2,1.3,9.9,1.3,1.2,2.4,0.24,0.096,,,2,2,0,0,0,1,1,0,0,0
https://world.openfoodfacts.org/product/8410069018304/tiburon-gallo,8410069018304,Tiburón – Gallo – 450 g,450 g,,Gallo,"Plant-based foods and beverages, ,, Plant-based foods, ,, Cereals and potatoes, ,, Cereals and their products, ,, Pastas, ,, Cereal pastas, ,, Dry pastas, ,, Durum wheat pasta",Green Dot,,,Spain,Spanish: Sémola de trigo duro.,Gluten,Eggs,1,B,1,,True,True,yes,low,low,low,low,1458.0,344.0,2.0,0.5,68.0,3.5,3.0,12.0,0.03,0.012,,,1,5,4,4,1,0,0,4,0,0
https://world.openfoodfacts.org/product/0850687110512/100-california-extra-virgin-olive-oil-california-olive-ranch,0850687110512,100% California Extra Virgin Olive Oil – California Olive Ranch,,,California Olive Ranch,"Plant-based foods and beverages, ,, Plant-based foods, ,, Fats, ,, Vegetable fats, ,, Olive tree products, ,, Vegetable oils, ,, Olive oils, ,, Extra-virgin olive oils, ,, Virgin olive oils","Vegetarian, ,, No GMOs, ,, Vegan, ,, Non GMO project",,,"United States, ,, World",extra virgin olive oil,,,1,B,2,E,True,True,yes,high,high,,low,3626.0,866.0,93.3333333333333,10.0,0.0,,,0.0,0.0,0.0,,,-1,4,5,,0,,0,0,0,5
https://world.openfoodfacts.org/product/7501039127285/aceite-de-oliva-extra-virgen-nutrioli,7501039127285,Aceite de Oliva Extra Virgen – Nutrioli – 250 ml,250 ml,,Nutrioli,"Plant-based foods and beverages, ,, Plant-based foods, ,, Fats, ,, Vegetable fats, ,, Olive tree products, ,, Vegetable oils, ,, Olive oils, ,, Extra-virgin olive oils, ,, Virgin olive oils",Made in Spain,,,Mexico,Spanish: aceite de oliva extra virgen,,,1,B,2,E,True,True,yes,high,high,low,low,3430.0,820.0,91.0,13.0,0.0,0.0,0.0,0.0,0.045,0.018,,,0,5,5,,0,,0,0,0,5
https://world.openfoodfacts.org/product/3184034289536/le-risotto-de-chou-fleur-paysan-breton,3184034289536,Le risotto de chou-fleur – Paysan Breton – 750 g,750 g,"Frozen, ,, fr:Sachet plastique",Paysan Breton,"Plant-based foods and beverages, ,, Plant-based foods, ,, Fruits and vegetables based foods, ,, Vegetables based foods, ,, Frozen foods, ,, Meals, ,, Vegetables, ,, Frozen plant-based foods, ,, Frozen vegetables, ,, Rice dishes, ,, Frozen plant-based foods mixes, ,, Mixed vegetables, ,, Pan-fried dishes, ,, Risottos, ,, Frozen mixed vegetables, ,, Pan-fried vegetables, ,, Vegetable risottos, ,, Frozen pan-fried vegetables with mushrooms country-style, ,, fr:Légumes cuisinés surgelés","Nutriscore, ,, Nutriscore Grade A, ,, Triman",,BRETAGNE,France,"French: Chou-fleur 50%, champignons de Paris 18%, eau, mozzarella 5% ( lait ), crème fraîche ( lait ), fromage râpé ( lait ), échalote, huile de tournesol, vin blanc, poudre de lait écrémé, jus concentré de champignon, amidon de riz, sel, fibre végétale, persil.",Milk,"Celery, Crustaceans, Eggs, Fish, Gluten, Milk, Mustard, Nuts, Sesame seeds, Soybeans, fr:ainsi-que-leurs-derives",15,B,4,A,True,,no,moderate,moderate,low,moderate,298.0,72.0,4.6,2.6,2.9,1.4,1.6,4.0,0.5,0.2,,,1,4,3,0,0,2,2,1,0,2
https://world.openfoodfacts.org/product/7048840000029/lettmelk-1-fett-q-meiriene-as,7048840000029,"Lettmelk, 1% fett – Q-Meiriene AS – 1000 ml",1000 ml,Composite-carton,Q-Meiriene AS,"Dairies, ,, Milks (liquid and powder), ,, Milks, ,, Semi-skimmed milks","No gluten, ,, Green Dot, ,, nb:Kavlifondet, ,, nb:Norsk Melk",Norway,,Norway,"Lettmelk (1,0 % fett). pasteurisert og homogenisert.",Milk,,2,B,1,C,,,no,low,low,low,low,176.0,42.0,1.0,0.7,4.5,4.5,0.0,3.7,0.1,0.04,0.0,,-1,6,7,3,3,0,0,7,0,0
https://world.openfoodfacts.org/product/8431876324969/garbanzos-con-verduras-carrefour,8431876324969,Garbanzos con verduras – Carrefour,,"Can, ,, Food can",Carrefour,"Plant-based foods and beverages, ,, Plant-based foods, ,, Legumes and their products, ,, Canned foods, ,, Legumes, ,, Seeds, ,, Canned plant-based foods, ,, Legume seeds, ,, Meals, ,, Pulses, ,, Chickpeas, ,, Canned legumes, ,, Canned meals, ,, Plant-based meals, ,, Canned chickpeas","No preservatives, ,, No colorings, ,, No dyes or preservatives, ,, Nutriscore, ,, Nutriscore Grade A",,,Spain,"Spanish: Garbanzos (40%), agua, hortalizas en proporción variable (16%) (judías verdes, guisantes, pimiento verde, zanahoria y patata), tomate concentrado, sal, vino blanco, aceite de oliva (1%), perejil y laurel.",,,14,B,3,B,True,True,maybe,low,low,low,moderate,338.0,81.0,2.1,0.3,10.4,1.1,2.5,3.8,0.8,0.32,,,-2,4,6,,0,,3,1,0,5
https://world.openfoodfacts.org/product/4061459353716/bio-basmatireis-vollkorn-nur-nur-natur,4061459353716,Bio-Basmatireis - Vollkorn – Nur Nur Natur – 500g,500g,,"Nature Bio Foods, ,, Nur Nur Natur","Plant-based foods and beverages, ,, Plant-based foods, ,, Cereals and potatoes, ,, Seeds, ,, Cereals and their products, ,, Cereal grains, ,, Rices, ,, Aromatic rices, ,, Indica rices, ,, Long grain rices, ,, Brown rices, ,, Basmati rices, ,, Brown Basmati rices","Organic, ,, EU Organic, ,, Non-EU Agriculture, ,, DE-ÖKO-001, ,, Naturland, ,, Nutriscore, ,, Nutriscore Grade A, ,, Nutriscore Grade B",de:Himalaya,,Germany,German: Bio-Basmati-Vollkornreis.,,,1,B,,C,False,True,yes,low,low,low,low,1488.0,351.0,2.5,0.9,71.2,0.9,2.9,9.5,0.02,0.008,,,2,5,3,,0,,0,3,0,0
https://world.openfoodfacts.org/product/7613312407066/corn-flakes-m-classic,7613312407066,Corn Flakes – M Classic – 300g,300g,,"M Classic, ,, Migros Bio","Plant-based foods and beverages, ,, Plant-based foods, ,, Breakfasts, ,, Cereals and potatoes, ,, Cereals and their products, ,, Breakfast cereals, ,, Flakes, ,, Cereal flakes, ,, Extruded cereals, ,, Extruded flakes, ,, Corn flakes","No gluten, ,, Organic, ,, EU Organic, ,, CH-BIO-004, ,, Migros Bio, ,, Nutriscore, ,, Nutriscore Grade A",,,"Germany, ,, Switzerland","German: Mais* 95%, Zucker*, Kochsalz, Emulgator: Sojalecithin*. * aus biologischer Landwirtschaft",Soybeans,,5,B,4,B,True,True,yes,low,low,low,moderate,1552.0,371.0,1.0,0.7,80.0,3.6,5.0,8.0,0.6,0.24,,,2,7,5,4,1,0,2,3,2,0
https://world.openfoodfacts.org/product/5059697770166/golden-syrup-porridge-tesco,5059697770166,Golden Syrup Porridge – Tesco,,,Tesco,"Plant-based foods and beverages, ,, Plant-based foods, ,, Breakfasts, ,, Cereals and potatoes, ,, Cereals and their products, ,, Breakfast cereals, ,, Flakes, ,, Porridge","Vegetarian, ,, Vegan",,,United Kingdom,"Oat Flakes (81%), Sugar, Flavourings",,,3,B,4,E,True,True,yes,low,low,moderate,low,433.0,103.0,2.5,1.11111111111111,14.9074074074074,6.89814814814815,1.2962962962963,4.81481481481481,0.0405092592592593,0.0162037037037037,,,2,4,2,1,2,1,0,2,0,0
https://world.openfoodfacts.org/product/5000232035721/minestrone-soup-crosse-blackwell,5000232035721,Minestrone Soup – Crosse & Blackwell,,,Crosse & Blackwell,"Canned foods, ,, Meals, ,, Soups, ,, Canned meals, ,, Canned soups",No artificial flavors,,,United Kingdom,"Tomatoes (37%), Water, Vegetables (21%) (Carrot, Garden Peas, Onion Swede Celery Potato, Yellow Split Peas, Haricot Beans, Leek, Red Pepper). Noodles (8%) (W Durum Wheat Semolina, Egg White ), Dried Cabbage, Maize Starch, Modified Maize Starch, Salt, Flavourings (contain Celery). Sugar, Rapeseed Oil Potato Starch, Yeast Extract, Oregano, Basil, Onion Powder. Leek Powder, Black Pepper, Garlic Powder, Herb Extracts Allergy Advice: Allergens in bold Portion size: 2 per can. contains 1 serving. No artificial flavours, colours or preservatives","Celery, Eggs",,34,B,4,,False,True,no,low,low,low,moderate,193.0,46.0,0.5,0.1,7.4,2.6,1.7,2.0,0.4925,0.197,,,1,2,1,0,0,0,2,0,0,1
https://world.openfoodfacts.org/product/6009881007676/rooibos-ice-tea-lemon-bos,6009881007676,Rooibos Ice Tea Lemon – BOS – 1 l,1 l,,BOS,"Beverages and beverages preparations, ,, Beverages, ,, Tea-based beverages, ,, Iced teas, ,, fr:Boisson au rooibos",,,,France,,,,,B,,D,,,,low,low,low,low,0.3,0.0,0.0,0.0,0.0,0.0,0.0,0.0,0.01,0.004,,,0,0,0,0,0,0,0,0,0,0
https://world.openfoodfacts.org/product/3596710092055/colin-d-alaska-sauce-a-l-oseille-auchan,3596710092055,Colin d'Alaska sauce à l'oseille – Auchan – 0.4 kg,0.4 kg,"Plastic, ,, Cardboard, ,, Frozen, ,, Sleeve",Auchan,"Seafood, ,, Fishes and their products, ,, Fishes, ,, Meals, ,, Frozen foods, ,, Fish preparations, ,, Frozen seafood, ,, Meals with fish, ,, Combination Meals, ,, Frozen fishes, ,, Frozen ready-made meals, ,, Meals with cooked white fish, ,, Microwave meals, ,, fr:Colin d'Alaska à l'oseille","Sustainable, ,, Sustainable fishery, ,, Green Dot, ,, In braille, ,, No colorings, ,, Nutriscore, ,, Nutriscore Grade A, ,, Nutriscore Grade B, ,, Sustainable Seafood MSC, ,, Triman",,France,"France, ,, World","French: Portions de bloc de filets de colin d'Alaska MSC** ( POISSON ) ( Theragra chalcogramma ) 48,5%, eau, crème fraiche 5,5% ( LAIT ), oignon, vin blanc, oseille 2%, beurre ( LAIT ), amidon de maïs, farine de BLÉ , LAIT écrémé en poudre, vinaigre d'alcool, sel, poivre. Traces éventuelles de crustacés , mollusques , œuf , céleri , moutarde . Elaboré à partir de lait origine UE ou hors UE. Pourcentages exprimés sur le total de la recette. * Malgré tout le soin apporté à la préparation de nos produits, la présence exceptionnelle d'arêtes n'est jamais exclue. ** Ce produit provient d'une pêcherie qui a répondu au référentiel environnemental du MSC pour une pêche durable et bien gérée. www.msc.org/fr","Fish, Gluten, Milk, Sulphur dioxide and sulphites","Celery, Crustaceans, Eggs, Molluscs, Mustard",18,B,3,,True,False,no,moderate,moderate,low,moderate,317.0,76.0,3.2,0.0,2.7,0.9,0.5,9.0,0.75,0.3,0.5,,1,4,3,0,0,1,3,3,0,0
https://world.openfoodfacts.org/product/0737628025251/stir-fry-rice-noodles-thai-kitchen,0737628025251,stir-fry rice noodles – THAI KITCHEN – 396g,396g,"Card-box, ,, Mixed plastic-bag",THAI KITCHEN,"Plant-based foods and beverages, ,, Plant-based foods, ,, Cereals and potatoes, ,, Cereals and their products, ,, Pastas, ,, Noodles","No GMOs, ,, Non GMO project",,,"Germany, ,, United States, ,, World","Rice, Corn starch, Water, Tapioca starch.",,,4,B,3,,True,True,yes,low,low,low,low,1494.0,357.0,0.892857142857143,0.0,80.3571428571429,0.0,0.0,7.14285714285714,0.0,0.0,,,2,4,2,4,0,0,0,2,0,0
https://world.openfoodfacts.org/product/3760192494465/kefruit-figue-citron-biogroupe,3760192494465,Kefruit figue citron – Biogroupe – 750 ml,750 ml,,"Biogroupe, ,, Karma","Beverages and beverages preparations, ,, Beverages, ,, Dairies, ,, Fermented foods, ,, Fermented milk products, ,, Dairy drinks, ,, Fermented drinks, ,, Fermented milk drinks, ,, Kefir","Low or no sugar, ,, Fair trade, ,, Organic, ,, EU Organic, ,, FR-BIO-01, ,, No sugar",,,"France, ,, Italy","Italian: Acqua, fichi* 2%, grani di kefir di frutta* 2%, zucchero di canna chiaro, succo di limone* 0,5%, scorza di limone* 0,3%, estratto di limone",,,7,B,1,,True,True,yes,low,low,low,low,6.0,2.0,0.0,0.0,0.0,0.0,0.0,0.0,0.0,0.0,1.2,,0,0,0,0,0,0,0,0,0,0
https://world.openfoodfacts.org/product/5061062710011/5061062710011,5061062710011,5061062710011 – 500 ml,500 ml,,,"Beverages and beverages preparations, ,, Beverages, ,, Artificially sweetened beverages, ,, bg:lava bear",,,,Bulgaria,Bulgarian: lava  Bear,,,1,B,,,False,True,yes,low,low,low,low,14.0,3.0,0.0,0.0,0.56,0.0,,0.0,0.0275,0.011,0.0,,0,0,0,0,0,0,0,0,0,0
https://world.openfoodfacts.org/product/93270067481501/a-good-product-for-you-open-food-facts,93270067481501,A good product for you – Open Food Facts – 200 gr,200 gr,,Open Food Facts,"Dairies, ,, Milks (liquid and powder), ,, Milks","Fair trade, ,, Organic, ,, EU Organic, ,, Nutriscore",France,France,"Algeria, ,, Canada, ,, France, ,, Germany, ,, India, ,, Italy, ,, Morocco, ,, Netherlands, ,, Portugal, ,, Spain, ,, United Kingdom, ,, United States","Butternut squash 50%, water, carrots 10%, sweet potato, leeks, potatoes, salt.",,,7,B,3,B,True,True,yes,low,low,low,moderate,120.0,239.0,0.5,0.2,4.0,0.5,3.0,1.0,0.4,0.16,,65.0,-1,3,4,2,0,0,1,0,0,4
https://world.openfoodfacts.org/product/0078742083360/extra-virgin-olive-oil-great-value,0078742083360,Extra Virgin Olive Oil – Great Value,,,Great Value,"Plant-based foods and beverages, ,, Plant-based foods, ,, Fats, ,, Vegetable fats, ,, Olive tree products, ,, Vegetable oils, ,, Olive oils, ,, Extra-virgin olive oils, ,, Virgin olive oils, ,, Blend of olive oils",,,,United States,Extra virgin olive oil.,,,1,B,2,E,True,True,yes,high,high,low,low,3347.0,800.0,93.3333333333333,13.3333333333333,0.0,0.0,0.0,0.0,0.0,0.0,,,0,5,5,,0,,0,0,0,5
https://world.openfoodfacts.org/product/0184739000316/watermelon-infused-water-hint,0184739000316,Watermelon Infused Water – Hint – 16 fl oz,16 fl oz,,Hint,"Beverages, ,, Waters, ,, Flavored waters","Vegetarian, ,, Kosher, ,, Vegan, ,, Orthodox Union Kosher",Made in USA,,United States,"Purified water, natural flavors.",,,2,B,4,,True,True,yes,low,low,low,low,0.0,0.0,0.0,0.0,0.0,0.0,0.0,0.0,0.0,0.0,,,0,0,0,0,0,0,0,0,0,0
https://world.openfoodfacts.org/product/3222477013711/riz-thai-casino,3222477013711,Riz Thaï – Casino – 4 x 125 g,4 x 125 g,,Casino,"Plant-based foods and beverages, ,, Plant-based foods, ,, Cereals and potatoes, ,, Seeds, ,, Cereals and their products, ,, Cereal grains, ,, Rices, ,, Aromatic rices, ,, Indica rices, ,, Long grain rices, ,, Jasmine rice",,,,"France, ,, Morocco",French: Riz Thai long grain de qualité supérieure,,,1,B,1,,True,True,yes,low,low,low,low,1499.0,353.0,1.0,0.1,78.0,0.0,0.0,8.0,0.0,0.0,,,-2,1,3,,0,,0,3,0,0
https://world.openfoodfacts.org/product/3250390752684/filets-de-sardines-a-l-huile-d-olive-100g-1-7-netto,3250390752684,Filets de sardines à l'huile d'olive 100g (1/7) – Netto – 100 g,100 g,"Metal, ,, Canned",Netto,"Seafood, ,, Fishes and their products, ,, Canned foods, ,, Fishes, ,, Fatty fishes, ,, Canned fishes, ,, Sardines, ,, Canned sardines, ,, Fish fillets, ,, Sardines in oil, ,, Sardine fillets, ,, Sardines in olive oil, ,, Sardine fillets in olive oil, ,, fr:Autres produits","Green Dot, ,, Nutriscore, ,, Nutriscore Grade C",,,France,"French: Filets de sardines* (Sardina pilchardus), huile d'olive vierge extra 10%, olives vertes 6%, sel*poissons",Fish,,5,B,3,E,True,False,no,moderate,moderate,low,moderate,872.0,219.0,13.0,3.6,0.0,0.0,0.0,23.0,0.9,0.36,,,2,9,7,2,0,3,4,7,0,0
https://world.openfoodfacts.org/product/3263850564710/riz-long-basmati-franprix,3263850564710,Riz long basmati – Franprix – 500 g,500 g,,Franprix,"Plant-based foods and beverages, ,, Plant-based foods, ,, Cereals and potatoes, ,, Seeds, ,, Cereals and their products, ,, Cereal grains, ,, Rices, ,, Aromatic rices, ,, Indica rices, ,, Long grain rices, ,, Basmati rices","Organic, ,, EU Organic, ,, AB Agriculture Biologique",,,France,French: Riz Basmati long grain,,,1,B,1,E,True,True,yes,low,low,low,low,1493.0,357.0,1.2,0.1,78.0,0.0,,8.5,0.0,0.0,,,-3,0,3,,0,,0,3,0,0
https://world.openfoodfacts.org/product/3445020003179/huile-de-colza-desodorisee-bio-planete,3445020003179,Huile de Colza désodorisée – Bio planete – 1 L,1 L,Bottle,Bio planete,"Plant-based foods and beverages, ,, Plant-based foods, ,, Fats, ,, Vegetable fats, ,, Vegetable oils, ,, Rapeseed oils","Organic, ,, Vegetarian, ,, EU Organic, ,, Omega-3, ,, Vegan, ,, FR-BIO-01, ,, High in Omega 3, ,, The Vegan Society, ,, AB Agriculture Biologique",Romania,,France,French: huile de colza désodorisée,,,1,B,2,A,True,True,yes,high,high,low,low,3464.0,828.0,92.0,7.0,0.0,0.0,,0.0,0.0,0.0,,,2,2,0,,0,,0,0,0,0
https://world.openfoodfacts.org/product/3560070495948/frites-carrefour,3560070495948,Frites – Carrefour – 2.5 kg,2.5 kg,,"Carrefour, ,, Simpl","Chips and fries, ,, Frozen foods, ,, Frozen fried potatoes, ,, Fries, ,, Frozen fries","Green Dot, ,, Nutriscore, ,, Nutriscore Grade A, ,, With Sunflower oil",Ces frites sont fabriquées en Belgique à partir de pommes de terre cultivées en Union Européenne et d'huile de tournesol issue de diverses origines.,,"France, ,, Italy, ,, Poland, ,, Romania, ,, Spain","French: Pommes de terre (97%), huile de tournesol (3%), dextrose.",,,3,B,4,A,True,True,yes,moderate,low,low,low,564.0,134.0,3.4,0.4,22.0,0.5,2.9,2.3,0.15,0.06,,,1,1,0,1,0,0,0,0,0,0
https://world.openfoodfacts.org/product/3661112052591/blancs-de-poulet-a-la-provencale-4-tranches-marque-repere,3661112052591,Blancs de poulet à la provencale 4 tranches – Marque Repère – 120 g,120 g,"Plastic, ,, Film, ,, Fresh, ,, Protective gas, ,, Tray","Marque Repère, ,, Tradilège","Meats and their products, ,, Prepared meats, ,, fr:Charcuteries cuites, ,, Poultry hams, ,, Cooked chicken breast slices","French meat, ,, French poultry, ,, Green Dot, ,, Superior quality, ,, fr:100% filet, ,, fr:Alimentation 100 % végétale et minérale, ,, fr:Info-Tri Point Vert","France, ,, fr:Volaille","Kermené (Filiale E.Leclerc) - Le Perey - 22330 Saint-Jacut-du-Mené, ,, Côtes-d'Armor, ,, Bretagne, ,, France",France,"chicken fillet 88%( eu origin), water, salt, tomato dehydrated 1.3%, natural aromas, dextrose, aromatic plants (parsley, basil, 0.02%, chives, chervil, tarragon, garlic), antioxidant: sodium ascorbate, preservative: sodium nitrite, color: plain caramel",,,19,B,4,E,True,False,no,low,low,low,high,438.0,105.0,1.3,0.2,1.0,1.0,,21.2,1.8,0.72,,,2,9,7,1,0,0,8,7,0,0
https://world.openfoodfacts.org/product/3700036902787/ratatouille-naturalia,3700036902787,Ratatouille – Naturalia – 345 g,345 g,,Naturalia,"Plant-based foods and beverages, ,, Plant-based foods, ,, Meals, ,, Prepared vegetables, ,, Ratatouille","Organic, ,, EU Organic, ,, Certified B Corporation, ,, AB Agriculture Biologique",,,France,"French: Eau, aubergines frites* 21,6%, courgettes frites* 21,6%, oignons* 13,6%, double concentré de tomate* 10,4%, huile de tournesol*, poivrons rouges* 4,8%, pulpe de tomate* au jus 3,2%, sucre de canne non raffiné*, sel de mer, basilic*, ail*, huile d'olive vierge extra extraite à froid, jus concentré de citron, échalote en poudre*, origan*, thym*, poivre*.*Ingrédients issus de l'agriculture biologique.",,,18,B,3,A,True,True,yes,moderate,low,low,moderate,405.0,97.0,7.2,0.5,7.0,4.7,3.4,1.1,0.61,0.244,,,2,5,3,1,1,0,3,0,1,2
https://world.openfoodfacts.org/product/5012427109407/beef-consomme-baxters,5012427109407,Beef consomme – Baxters – 400 g,400 g,Aluminium-tin,Baxters,"Canned foods, ,, Meals, ,, Soups, ,, Canned meals, ,, Canned soups",No gluten,,,United Kingdom,"water, sherry (3%), gelatine, yeast extract, sugar, beef extract (0,2%), onion extract, celery extract, vegetable extracts, mixed peppers, spice extracts (with celery), bay extract, black pepper extract, niacin",Celery,,15,B,4,,True,False,no,low,low,low,moderate,63.0,17.0,0.0,0.0,1.2,0.8,0.1,3.0,0.7,0.28,,,2,3,1,0,0,0,3,1,0,0
https://world.openfoodfacts.org/product/8004123000284/olio-extravergine-di-oliva-basso,8004123000284,Olio extravergine di oliva – BASSO – 500ml,500ml,,BASSO,"Plant-based foods and beverages, ,, Plant-based foods, ,, Fats, ,, Vegetable fats, ,, Olive tree products, ,, Vegetable oils, ,, Olive oils, ,, Extra-virgin olive oils, ,, Virgin olive oils",,,Unia Europejska,"Georgia, ,, Italy, ,, Poland",extra virgin olive oil,,,1,B,2,D,True,True,yes,high,high,low,low,3389.0,824.0,91.6,13.0,0.0,0.0,,0.0,0.0,0.0,,,0,5,5,,0,,0,0,0,5
https://world.openfoodfacts.org/product/9020200010907/soja-soya-organic-joya,9020200010907,Soja-Soya Organic – Joya – 1 l,1 l,Tetra Pak,Joya,"Plant-based foods and beverages, ,, Beverages, ,, Plant-based foods, ,, Legumes and their products, ,, Dairy substitutes, ,, Milk substitutes, ,, Plant-based beverages, ,, Plant-based milk alternatives, ,, Legume-based drinks, ,, Soy-based drinks, ,, Unsweetened plain soy-based drinks","Organic, ,, No added sugar",,,"Austria, ,, France, ,, Greece, ,, Switzerland","soy base 100% (water, soybeans 6.8%)",Soybeans,Nuts,3,B,1,A,True,True,yes,moderate,low,low,low,137.0,33.0,1.6,0.2,1.2,0.0,0.8,3.0,0.04,0.016,,,-4,2,6,2,0,0,0,6,0,0
https://world.openfoodfacts.org/product/3234750030605/ail-semoule-albert-menes,3234750030605,Ail Semoule – Albert Ménès – 80g,80g,,Albert Ménès,"Plant-based foods and beverages, ,, Plant-based foods, ,, Fruits and vegetables based foods, ,, Condiments, ,, Vegetables based foods, ,, Culinary plants, ,, Dried products, ,, Dried plant-based foods, ,, Garlic and their products, ,, Garlic, ,, Ground dried vegetables, ,, Garlic powder, ,, Groceries, ,, fr:Ail semoule, ,, fr:Ail-semoule",Green Dot,,,France,,,,,B,,A,,,,low,low,high,low,1489.0,356.0,1.0,0.1,70.0,21.0,4.7,16.0,0.1,0.04,,,2,10,8,4,6,0,0,6,2,0
https://world.openfoodfacts.org/product/5902180202333/rice-cakes-sonko,5902180202333,Rice cakes – Sonko – 130 g,130 g,"Plastic, ,, Pp-polypropylene",Sonko,"Plant-based foods and beverages, ,, Plant-based foods, ,, Cereals and potatoes, ,, Cereals and their products, ,, Puffed cereal cakes, ,, Puffed rice cakes","No gluten, ,, Crossed Grain Trademark, ,, DZG Gluten free, ,, pl:OUV3-5973C13, ,, pl:PL-003-004",,,"France, ,, Poland","brown rice (90.4%), pumpkin seeds (5.5%), algae granules (corn flour, rapeseed oil, salt, sea algae powder (0.03%), dye: chlorophyllin copper complexes), salt",,,10,B,4,C,True,True,yes,moderate,low,low,moderate,1635.0,391.0,4.3,0.8,75.0,0.5,4.0,10.0,0.7875,0.315,,,2,7,5,4,0,0,3,4,1,0
https://world.openfoodfacts.org/product/3456580060090/tarte-aux-pommes,3456580060090,Tarte aux pommes,,,,"Pies, ,, Sweet pies, ,, Apple pies",Made in France,,,France,"French: Pommes 62%, purée de pomme 27%, farine de blé , sucre, beurre , œufs entiers, gélifiant : carraghénanes, sel.","Eggs, Gluten, Milk",,9,B,4,A,True,,no,moderate,moderate,high,low,648.0,154.0,4.2,2.7,26.0,15.0,1.7,2.2,0.15,0.06,,,2,7,5,1,4,2,0,0,0,5
https://world.openfoodfacts.org/product/8421691708662/leche-desnatada-alipende,8421691708662,Leche desnatada – Alipende,,,Alipende,"Dairies, ,, Milks, ,, Cow milks",,,,Spain,,,,,B,,D,,,,low,low,low,low,145.0,34.0,0.30000001192093,0.20000000298023,4.8000001907349,4.8000001907349,,3.0999999046326,0.10000000149012,0.04,,,-2,5,7,2,3,0,0,7,0,0
https://world.openfoodfacts.org/product/8017596076144/pathos-yogurt-greco-eurospin,8017596076144,Pathos yogurt greco – Eurospin,,,"Eurospin, ,, Pathos","Dairies, ,, Fermented foods, ,, Fermented milk products, ,, Desserts, ,, Dairy desserts, ,, Fermented dairy desserts, ,, Yogurts, ,, Greek-style yogurts, ,, it:Yogurt colato greco",,,,Italy,,,,,B,,B,,,,low,low,high,low,364.0,87.0,0.0,0.0,13.9,13.4,,8.0,0.15,0.06,,,1,4,3,1,3,0,0,3,0,0
https://world.openfoodfacts.org/product/7503010287247/avocado-oil-cold-pressed-extra-virgin-avocare,7503010287247,Avocado Oil Cold Pressed Extra Virgin – Avocare – 500 ml,500 ml,Cristal,Avocare,"Plant-based foods and beverages, ,, Plant-based foods, ,, Fats, ,, Vegetable fats, ,, Vegetable oils, ,, Fruit and fruit seed oils, ,, Avocado oils","No GMOs, ,, Made in Mexico, ,, Non GMO project",,,"Mexico, ,, World","Spanish: Aceite de aguacate 100% extra virgen, obtenido por prensado en frío.",,,2,B,,,False,True,yes,high,high,low,low,3513.0,839.0,93.3,13.3,0.0,0.0,0.0,0.0,0.0,0.0,0.0,,0,5,5,,0,,0,0,0,5
https://world.openfoodfacts.org/product/0073731071564/gluten-free-spinach-herb-mission,0073731071564,Gluten Free Spinach Herb – Mission,,,Mission,"Plant-based foods and beverages, ,, Plant-based foods, ,, Cereals and potatoes, ,, Cereals and their products, ,, Breads, ,, Mexican Dinner Mixes","No gluten, ,, Vegetarian, ,, No artificial flavors, ,, Vegan",,,United States,"water, modified food starch, rice flour, pea protein, vegetable shortening (interesterified and hydrogenated soybean oils), potato extract, tapioca starch, resistant corn starch, soybean flour, dextrose, contains 2% or less of: sugar, seasoning (spinach powder, onion powder, spices, garlic powder, sunflower oil, yellow 5 lake, blue 1 lake, and natural flavor), cellulose gum, guar gum, mono - , diglycerides, salt, xanthan gum,potato starch, baking soda, inulin, sodium acid pyrophosphate, fumaric acid, corn dextrin, polyglycerol esters of fatty acids, rice starch, and calcium propionate and sorbic acid (to maintain freshness)",Soybeans,,40,B,4,,True,True,yes,low,low,low,moderate,633.5,260.0,2.5,1.0,26.0,2.0,6.0,3.0,1.2,0.48,,0.0117710658482153,2,6,4,1,0,0,5,1,3,0
https://world.openfoodfacts.org/product/8017596063106/blues-cola-zero-eurospin,8017596063106,"Blues - Cola zero – Eurospin – 1,5 l","1,5 l","Plastic, ,, Hdpe-high-density-polyethylene, ,, it:Bottiglia pet",Eurospin,"Beverages and beverages preparations, ,, Beverages, ,, Carbonated drinks, ,, Sodas, ,, Unsweetened beverages, ,, Colas","Low or no sugar, ,, Contains a source of phenylalanine, ,, No added sugar, ,, Povratna naknada",,,Italy,"Italian: Acqua, anidride carbonica, colorante: E150d, acidificanti: acido fosforico ed acido citrico, edulcoranti: ciclammati, aspartame ed acesulfame k, aromi (inclusa caffeina), correttore di acidità: citrati di sodio. Contiene una fonte di fenilalanina. GAZIRANA BREZALKOHOLNA PIJAČA BREZ DODANEGA SLADKORJA S SLADILI. Sestavine: voda, ogljikov dioksid, barvilo: E150d, kislini: fosforjeva (V) kislina, citronska kislina; sladila: ciklamati, aspartam, acesulfam K; arome (vključno s kofeinom), sredstvo za uravnavanje kislosti: natrijevi citrati. Vsebuje vir fenilalanina. GAZIRANO BEZALKOHOLNO PIĆE BEZ DODANOG ŠEĆERA, SA SLADILIMA. Sastojci: voda, ugljični dioksid, bojilo: E150d; kiseline: fosforna kiselina, limunska kiselina; sladila: ciklamati, aspartam, acesulfam K; arome (uključujući kofein), regulator kiselosti: natrijevi citrati. Sadrži izvor fenilalanina. BOTTIGLIA PLASTENKA TAPPO INVOLUCRO ESTERNO BOCA ZAMAŠEK ZUNANJI OVOJ CEP VANJSKI OMOT PET 01 HDPE 02 LDPE 04 PLASTICA PLASTICA PLASTICA RACCOLTA DIFFERENZIATA: verifica le disposizioni del tuo Comune 250 ml) Prodotto e confezionato energla Proizved skirano za /",Fish,,54,B,4,,False,False,no,low,low,low,low,1.0,0.0,0.0,0.0,0.1,0.0,,0.0,0.0,0.0,,,0,0,0,0,0,0,0,0,0,0
https://world.openfoodfacts.org/product/4311501689172/joghurt-gross-laktosefrei-gut-gunstig,4311501689172,"Joghurt groß, laktosefrei – Gut & Günstig – 500g",500g,Pot,Gut & Günstig,"Dairies, ,, Fermented foods, ,, Fermented milk products, ,, Desserts, ,, Dairy desserts, ,, Fermented dairy desserts, ,, Yogurts",,,,"Germany, ,, Spain","German: Joghurt mild, Lactase",Milk,,2,B,1,A,True,,no,moderate,moderate,low,low,270.0,65.0,3.8,2.5,3.9,3.9,,3.7,0.08,0.032,,,2,3,1,0,1,2,0,1,0,0
https://world.openfoodfacts.org/product/4311501681480/dinkel-schnitte-edeka,4311501681480,Dinkel Schnitte – Edeka – 300g,300g,Plastic,"Edeka, ,, Edeka Herzstücke","Plant-based foods and beverages, ,, Plant-based foods, ,, Cereals and potatoes, ,, Seeds, ,, Cereals and their products, ,, Cereal grains, ,, Breads, ,, Sliced breads, ,, Wheats, ,, Spelts","Vegetarian, ,, Source of fibre, ,, Vegan, ,, European Vegetarian Union, ,, European Vegetarian Union Vegan, ,, High fibres",,,Germany,"German: Wasser, 25% Dinkelmehl , 7% Sonnenblumenkerne, 6% Dinkel - schrot**, 5% Dinkelvollkornmehl , Weizengluten , 4% Dinkelmalzmehl , 3% Dinkelflocken , 2% Leinsaat, Kartoffelflocken, Weizenmalzmehl , Hefe, 1% Kürbiskerne, Verdickungsmittel: Guarkernmehl; jodiertes Speisesalz (Speisesalz, Kaliumjodat), Gerstenmalzschrot , Gerstenmalzextrakt , Zucker, Emulgator: Mono - und Diglyceride von Speisefettsäuren, E 482; Säureregulator: Calciumacetat; Säuerungsmittel: Milchsäure; Hefe, Traubenkonzentrat.","Gluten, de:dinkelmalzmehl, de:gerstenmalzschrot","Eggs, Nuts, Soybeans",31,B,4,A,,True,yes,moderate,low,low,moderate,1108.0,265.0,6.6,1.0,35.4,4.4,4.8,13.7,0.955,0.382,,,-1,6,7,,1,,4,5,2,0
https://world.openfoodfacts.org/product/4305615798424/dinkel-zwieback-ener,4305615798424,Dinkel Zwieback – ENER – 200g,200g,,"ENER, ,, EnerBio, ,, ener Bio","Plant-based foods and beverages, ,, Plant-based foods, ,, Cereals and potatoes, ,, Cereals and their products, ,, Breads, ,, Rusks, ,, Pflanzliche-lebensmittel-und-getränke, ,, Zwiebäcke","Organic, ,, Vegetarian, ,, EU Organic, ,, Vegan, ,, EG-Öko-Verordnung, ,, No added sugar, ,, No lactose",,,Germany,"German: Kann Spuren von Sesam enthalten. **enthält von Natur aus Zucker *aus kontrolliert biologischem Anbau Laktosegehalt unter 0,1 g/100 g. Koriander*. Dinkelweizenschrot"", Sonnenblumenöl', Hefe"", Meersalz, : 81 % Dinkelweizenmehl' (Type 630), 11 % Bio Dinkel-Zwieback",,Sesame seeds,9,B,3,A,False,True,yes,moderate,low,low,moderate,1656.0,392.0,6.0,1.0,69.0,2.0,5.0,12.0,1.0,0.4,,,1,8,7,4,0,0,4,4,2,1
https://world.openfoodfacts.org/product/5901713008756/kukurydza-s%C5%82odka-nasza-spi%C5%BCarnia,5901713008756,Kukurydza słodka – Nasza Spiżarnia – 340 g,340 g,"Metal, ,, Can","Dawtona, ,, Nasza Spiżarnia","Plant-based foods and beverages, ,, Plant-based foods, ,, Fruits and vegetables based foods, ,, Canned foods, ,, Cereals and potatoes, ,, Vegetables based foods, ,, Canned plant-based foods, ,, Cereals and their products, ,, Canned vegetables, ,, Canned cereals, ,, Canned corn, ,, Canned sweet corn","No GMOs, ,, Made in Poland, ,, Nutriscore, ,, Nutriscore Grade A, ,, Produkt polski",,"Leszno, ,, Polska",Poland,"Polish: kukurydza 83,8%, woda, sól.",,,3,B,3,A,True,True,yes,low,low,moderate,moderate,325.0,77.0,1.8,0.4,11.0,5.2,2.8,2.9,0.45,0.18,,,2,3,1,0,1,0,2,1,0,0
https://world.openfoodfacts.org/product/5711953055706/glass-of-milk-arla,5711953055706,Glass of Milk – Arla – 1 liter,1 liter,,Arla,"Dairies, ,, Milks, ,, Cow milks","Organic, ,, EU Organic, ,, DK-ØKO-100, ,, EU Agriculture, ,, FSC, ,, FSC Recycling, ,, No lactose",,,Denmark,"Milk , lactase",Milk,,2,B,1,C,True,,no,low,low,low,low,116.8,27.0,0.4,0.3,2.6,2.5,,3.4,0.07,0.028,,0.0,-3,4,7,2,2,0,0,7,0,0
https://world.openfoodfacts.org/product/8410297115820/leche-suprema-semidesnatada-central-lechera-asturiana,8410297115820,Leche Suprema Semidesnatada – Central Lechera Asturiana,,,Central Lechera Asturiana,"Dairies, ,, Milks, ,, Semi-skimmed milks",No lactose,,,Spain,,,,,B,,D,,,,low,low,low,low,221.0,53.0,1.6,1.1,4.7,4.7,,5.0,0.15,0.06,,,1,8,7,4,3,1,0,7,0,0
https://world.openfoodfacts.org/product/0096619177646/cottage-cheese-kirkland-signature,0096619177646,Cottage Cheese – Kirkland Signature,,,Kirkland Signature,"Dairies, ,, Fermented foods, ,, Fermented milk products, ,, Cheeses, ,, Fresh cheeses, ,, Cottage cheeses","Kosher, ,, COR Kosher",,,Canada,"Skim milk, Cream , Ultrafiltered skim milk, Sugars ( lactose ), Skim milk powder, Salt, Cultured skim milk, Bacterial culture, Calcium chloride, Microbial enzyme, Carrageenan, Guar gum, Mono and diglycerides, Xanthan gum, Citric acid, Lactic acid, Carbon dioxide",Milk,,17,B,4,D,,True,no,low,low,low,moderate,332.4,80.0,2.0,1.2,4.8,4.0,0.0,10.4,0.72,0.288,,0.0,1,5,4,0,1,1,3,4,0,0
https://world.openfoodfacts.org/product/5410673005540/riz-long-grain-ben-s-originals,5410673005540,Riz long grain – Ben's Originals – 1 kg,1 kg,Cardboard,Ben's Originals,"Plant-based foods and beverages, ,, Plant-based foods, ,, Cereals and potatoes, ,, Seeds, ,, Cereals and their products, ,, Cereal grains, ,, Rices, ,, Long grain rices",,,,"Belgium, ,, Luxembourg",parboiled long grain rice,,,1,B,1,E,True,True,yes,low,low,low,low,1466.0,350.0,1.12,0.16,76.8,0.8,1.76,7.36,0.016,0.0064,,,-2,1,3,,0,,0,3,0,0
https://world.openfoodfacts.org/product/3850104053221/tomatenmark-podravka,3850104053221,Tomatenmark – Podravka – 190 g,190 g,,Podravka,"Plant-based foods and beverages, ,, Plant-based foods, ,, Fruits and vegetables based foods, ,, Vegetables based foods, ,, Tomatoes and their products, ,, Tomato pastes, ,, Tomato",No preservatives,,,"Croatia, ,, Germany","PODRAVKA PORTOROSE Brand noxjuzipeted dvojni koncentrat 28-30% suhe snovi Sestavine: paradižniki (99,6%), jodirana sol Neto 190 g e Uporabno najmanj do: Datum je odtisnjen na robu tube. Hraniti na suhem mestu. Po odprtju radilniku do 60 dni. PODRAVKA d.d., Ante Starčevića 2 Proizvajalec: Distributer za Slovenijo: PODRAVKA d.o.o. Ljubljana, 48000 Koprivnica, HRVAŠKA 5 www.pod www.po",,Mustard,2,B,3,C,True,True,yes,low,low,high,moderate,351.0,84.0,0.16,0.05,16.0,16.0,,4.6,0.48,0.192,,,1,7,6,1,4,0,2,1,0,5
https://world.openfoodfacts.org/product/3256229033016/coq-au-vin-boite-1-2-400g-u,3256229033016,Coq au vin boîte 1/2 400g – U – 400 g,400 g,"Can, ,, Food can",U,"Meats and their products, ,, Frozen foods, ,, Meals, ,, Meals with meat, ,, Poultry meals, ,, Cockerel in red wine sauce","French meat, ,, No artificial flavors, ,, French poultry, ,, Nutriscore, ,, Nutriscore Grade A, ,, fr:Poulet Français, ,, Triman",,,France,"French: Morceaux de cuisses de poulet non désossés (origine France) 25%, pommes de terre 22%, eau, carottes 7.5%, vin rouge 7.4%, viande de poulet (origine France) 7%, champignons de paris pasteurisés égouttés, oignons, farine de BLE , plantes aromatiques, sel, purée de tomates double concentrée, arômes naturels, armagnac, extrait de MALT d ORGE torréfié, poivre. Traces éventuelles de crustacés , poisson , soja , céleri , lait et moutarde",Gluten,"Celery, Crustaceans, Fish, Milk, Mustard, Soybeans",16,B,4,E,True,False,no,low,low,low,moderate,368.0,88.0,2.7,0.7,6.2,0.5,1.3,9.0,0.88,0.352,,12.4827083333333,2,5,3,1,0,0,4,3,0,0
https://world.openfoodfacts.org/product/5010034013797/mushroom-rice-ben-s-original,5010034013797,mushroom rice – Ben's Original – 220g,220g,,Ben's Original,"Plant-based foods and beverages, ,, Plant-based foods, ,, Cereals and potatoes, ,, Meals, ,, Seeds, ,, Cereals and their products, ,, Cereal grains, ,, Rices, ,, fr:Céréales préparées, ,, Mushroom rice",Green Dot,,,United Kingdom,,,,,B,,D,,,,low,low,low,moderate,656.0,157.0,2.2,0.2,30.0,0.5,1.2,3.3,0.4425,0.177,,,1,2,1,,0,,2,1,0,0
https://world.openfoodfacts.org/product/3256229544987/specialite-au-jus-de-citron-et-a-l-huile-essentielle-de-citron-50cl-u,3256229544987,Spécialité au jus de citron et a l'huile essentielle de citron - 50cl – U – 0.5000 l,0.5000 l,,U,"Beverages and beverages preparations, ,, Plant-based foods and beverages, ,, Beverages, ,, Condiments, ,, Plant-based beverages, ,, Fruit-based beverages, ,, Juices and nectars, ,, Fruit juices, ,, Lemon juice","Nutriscore, ,, Nutriscore Grade B",,,France,"French: Jus de citron 99,9%, huile essentielle de citron, antioxydant: DISULFITE de potassium origine : citron sicile.",Sulphur dioxide and sulphites,,4,B,1,E,True,True,yes,low,low,low,low,96.0,22.0,0.5,0.1,2.0,2.0,0.5,0.5,0.08,0.032,,99.95,-3,3,6,2,1,0,0,0,0,6
https://world.openfoodfacts.org/product/3596710066070/salade-de-thon-au-ble-auchan,3596710066070,Salade de thon au blé – Auchan – 0.25 kg,0.25 kg,Canned,Auchan,"Seafood, ,, Fishes and their products, ,, Fishes, ,, Meals, ,, Fatty fishes, ,, Prepared salads, ,, Tunas, ,, Fish preparations, ,, Meals with fish, ,, Salads with fish, ,, Tuna salads, ,, Tuna and vegetable salads, ,, Canned prepared mixed tuna and vegetable salad, ,, Fish (shelf stable), ,, fr:Salads","Nutriscore, ,, Nutriscore Grade A",France,,"France, ,, World","French: Thon Listao ( POISSON ) 20%, maïs doux en grains 15%, carottes 14%, poivrons rouges 10%, eau, oignons 10%, BLÉ dur précuit 9.8%, huile de colza, huile d'olive vierge extra, vinaigre d'alcool, sel, basilic 0.3%, aromates et épices épaississants : gomme xanthane, gomme guar arôme naturel d'ail, arôme naturel, colorant : extrait de paprika. Traces éventuelles de lait , d' oeufs et de moutarde .","Fish, Gluten","Eggs, Milk, Mustard",19,B,4,D,True,False,no,moderate,low,low,moderate,597.0,143.0,6.9,0.9,11.0,2.3,2.3,8.3,0.87,0.348,,49.3,1,5,4,1,0,0,4,3,0,1
https://world.openfoodfacts.org/product/5601009993352/leite-fresco-meio-gordo-pingo-doce,5601009993352,Leite Fresco Meio Gordo – Pingo Doce – 1 l,1 l,Plastic,Pingo Doce,"Dairies, ,, Milks (liquid and powder), ,, Milks, ,, Pasteurised products, ,, Semi-skimmed milks, ,, Pasteurised milks","Animal welfare, ,, Pasteurized, ,, Certified by AENOR, ,, Welfair certificate, ,, pt:Ecoponto amarelo",Origem do leite: Portugal,Portugal,Portugal,Traces: None,,None,,B,,D,,,,low,low,moderate,low,207.0,49.0,1.6,1.2,5.3,5.0,0.0,3.4,0.1,0.04,,,0,7,7,3,3,1,0,7,0,0
https://world.openfoodfacts.org/product/4047247097161/rote-bete-in-kugeln-king-s-crown,4047247097161,Rote Bete in Kugeln – KING'S CROWN – 200g,200g,,KING'S CROWN,"Plant-based foods and beverages, ,, Plant-based foods, ,, Fruits and vegetables based foods, ,, Canned foods, ,, Vegetables based foods, ,, Canned plant-based foods, ,, Pickles, ,, Canned vegetables, ,, Plant-based pickles","Nutriscore, ,, Nutriscore Grade A",,,Germany,"German: Rote Bete, Wasser, Branntweinessig, Zucker, Salz.",,,5,B,3,,True,True,maybe,low,low,moderate,low,243.0,57.0,0.0,0.0,11.6,10.7,2.0,1.0,0.28,0.112,0.0,75.0,2,4,2,0,3,0,1,0,0,2
https://world.openfoodfacts.org/product/4009300521341/te-verde-sir-winston-tea,4009300521341,TÈ VERDE – Sir Winston Tea – 24x1.75g,24x1.75g,Paper,Sir Winston Tea,"Plant-based foods and beverages, ,, Beverages, ,, Hot beverages, ,, Plant-based beverages, ,, Teas, ,, Green teas","FSC, ,, FSC Mix, ,, Green Dot, ,, Rainforest Alliance",,,"France, ,, Italy",Italian: Tè verde.,,,1,B,1,A,True,True,yes,,,,,4.0,1.0,0.1,0.1,0.1,0.1,0.0,0.2,0.01,0.004,,,0,0,0,0,0,0,0,0,0,0
https://world.openfoodfacts.org/product/0144432010128/danone,0144432010128,Danone – 105g,105g,,Danone,"Dairies, ,, Fermented foods, ,, Fermented milk products, ,, Desserts, ,, Dairy desserts, ,, Fermented dairy desserts, ,, Fermented dairy desserts with fruits, ,, Yogurts, ,, Fruit yogurts",,Morocco,,Morocco,Arabic: حليب بدون قشدة، مسحوق لحليب بدون قشله مستحضرات الفواكه مخثر (نشا)، مصل الحليب، نكهات التحلية متقین)، حمائي جليسة اليوغورت، ملون طبيعي (كركمين). يحتوي بطبيعته على شکريات مردو مصنوع في خط قد يحتوي على اللوز والكلوتين.,,,9,B,,B,False,True,yes,low,low,moderate,low,200.0,48.0,0.2,0.0,,0.0,,3.4,0.0,0.0,0.0,,1,2,1,0,2,0,0,1,0,0
https://world.openfoodfacts.org/product/4056489160137/soft-wholemeal-rolls-rowan-hill-bakery,4056489160137,Soft Wholemeal Rolls – Rowan Hill Bakery,,,Rowan Hill Bakery,"Plant-based foods and beverages, ,, Plant-based foods, ,, Cereals and potatoes, ,, Breads",,,,United Kingdom,,,,,B,,,,,,low,low,low,moderate,899.0,215.0,2.1,0.7,36.9,3.5,6.0,9.0,0.88,0.352,,,1,7,6,2,1,0,4,3,3,0
https://world.openfoodfacts.org/product/4021234101239/krunchy-very-berry-musli-barnhouse,4021234101239,Krunchy Very Berry Müsli – Barnhouse – 375g,375g,"Plastic, ,, Pp-polypropylene",Barnhouse,"Plant-based foods and beverages, ,, Plant-based foods, ,, Breakfasts, ,, Cereals and potatoes, ,, Cereals and their products, ,, Breakfast cereals, ,, Cereals with fruits, ,, Mueslis, ,, Mueslis with fruits","Low or no sugar, ,, Organic, ,, Vegetarian, ,, EU Organic, ,, Source of fibre, ,, Vegan, ,, EG-Öko-Verordnung, ,, High fibres, ,, Made in Germany, ,, No palm oil, ,, With Sunflower oil",,,Germany,"German: Hafervollkornflocken* 67%, Tapiokasirup*, Sonnenblumenöl"", Ballaststoff aus Zichorienwurzel"" 9%, Dinkel (Weizenart) gepufft, Kokosraspel*, Himbeeren gefriergetrocknet* 1,2 %, Heidelbeeren gefriergetrocknet* 1,2%, Tonkabohne gemahlen"". ""aus biologischer Landwirtschaft Allergiehinweis: Kann Spuren von Schalenfrüchten , Milch und Sesam enthalten.",Gluten,"Milk, Nuts, Sesame seeds",11,B,4,A,True,True,yes,moderate,moderate,low,low,1880.0,450.0,18.0,3.3,54.0,3.7,17.0,9.4,0.01,0.004,,,1,9,8,5,1,3,0,3,5,0
https://world.openfoodfacts.org/product/0059950000141/becel-with-avocado-oil,0059950000141,Becel with Avocado Oil – 850 g,850 g,,Becel,"Plant-based foods and beverages, ,, Plant-based foods, ,, Fats, ,, Spreads, ,, Plant-based spreads, ,, Salted spreads, ,, Spreadable fats, ,, Vegetable fats, ,, Margarines","No gluten, ,, Omega-3",,,"Canada, ,, France","canola oil 68%, water, avocado oil 6%, modified palm and palm kernel oils 6%, salt, buttermilk powder 1% ( milk ), natural flavours, lactic acid, vitamin a palmitate (vitamin a), vitamin d3, natural colour, soy lecithin , calcium disodium edta. ingrédients: huile de canola 68 %, eau, huile d'avocat 6%, huiles de palme et de palmiste modifiées 6%, sel, babeurre en poudre 1 % (lait), arômes naturels, acide lactique, palmitate de vitamine a (vitamine a), vitamine d3, colorant naturel, lecithine de soja, edta de calcium disodique keep refrigerated and use clean utensils garder au réfrigérateur et utiliser des ustensiles propres d","Milk, Soybeans",,31,B,4,C,False,True,no,high,high,low,low,3079.0,700.0,80.0,10.0,0.0,0.0,,7.0,0.0,0.0,,6.0,2,4,2,,0,,0,2,0,0
https://world.openfoodfacts.org/product/0096619941278/organic-pine-nuts-kirkland,0096619941278,Organic Pine Nuts – KIRKLAND – 680 g,680 g,,"Costco Companies Inc., ,, KIRKLAND","Plant-based foods and beverages, ,, Plant-based foods, ,, Nuts and their products, ,, Nuts, ,, Pine nuts","Organic, ,, USDA Organic",China,,United States,Organic pine nuts,,,1,B,1,D,True,True,yes,high,high,low,low,2800.0,666.0,56.6666666666667,13.3333333333333,20.0,0.0,10.0,16.6666666666667,0.0,0.0,,0.0,2,7,5,,0,,0,,5,0
https://world.openfoodfacts.org/product/0857190000194/avocado-oil-la-tourangelle,0857190000194,Avocado Oil – La Tourangelle,,,La Tourangelle,"Plant-based foods and beverages, ,, Plant-based foods, ,, Fats, ,, Vegetable fats, ,, Vegetable oils, ,, Fruit and fruit seed oils, ,, Avocado oils","No GMOs, ,, Non GMO project",,,"United States, ,, World",Avocado oil (100%),,,1,B,2,,True,True,yes,high,high,,low,3627.0,867.0,93.33,13.33,0.0,,,0.0,0.0,0.0,,,0,5,5,,0,,0,0,0,5
https://world.openfoodfacts.org/product/3250390427957/blanc-de-poulet-sup-herbes-de-provence-4t-120g-monique-ranou,3250390427957,Blanc de poulet sup herbes de provence 4t 120g – Monique ranou – 120 g,120 g,"Fresh, ,, fr:Barquette + opercule plastique - 14 g non recyclables",Monique ranou,"Meats and their products, ,, Prepared meats, ,, fr:Charcuteries cuites, ,, Poultry hams, ,, Cooked chicken breast slices, ,, fr:Jambon et roti de volaille superieur","Distributor labels, ,, Green Dot, ,, fr:Sélection Intermarché, ,, fr:Ecolopass, ,, fr:Moins de 2 % MG",,"Société Charcutière de l'Odet - SCO [Filiale ITM Entreprises (Groupement Les Mousquetaires)] - ZA de Troyalac'h - Route de Rosporden - 29170 Saint-Évarzec, ,, Finistère, ,, Bretagne, ,, France",France,"French: Filet de poulet (origine : France), sel, dextrose, herbes de Provence (0.5%), conservateur : nitrite de sodium ; ; colorant : caramel ordinaire.",,,8,B,4,D,True,False,no,low,low,low,high,426.0,95.0,2.0,0.6,0.9,0.9,0.5,20.0,1.8,0.72,,,2,9,7,1,0,0,8,7,0,0
https://world.openfoodfacts.org/product/3380380071263/spaghetti-des-andes-3-cereales-bio-250-g-ma-vie-sans-gluten,3380380071263,Spaghetti Des Andes 3 Céréales Bio - 250 G - Ma Vie Sans Gluten – 250g,250g,,Ma vie sans gluten,"Plant-based foods and beverages, ,, Plant-based foods, ,, Specific products, ,, Pastas, ,, Products for specific diets, ,, Products without gluten, ,, Gluten-free pasta, ,, Spaghetti","No gluten, ,, Organic, ,, Crossed Grain Trademark, ,, EU Organic, ,, BO-BIO-123, ,, Afdiag, ,, Triman",,,France,"semi-wholemeal rice flour*, quinoa* and amaranth* flour, spinach*, beetroot*, turmeric*, *from organic farming",,,6,B,1,,True,True,yes,low,low,low,low,1485.0,355.0,1.1,0.26,75.9,1.8,2.1,8.4,0.04,0.016,,,1,4,3,4,0,0,0,3,0,0
https://world.openfoodfacts.org/product/3387271013050/lait-de-montagne-bio-demi-ecreme-gerentes,3387271013050,Lait de montagne bio demi-écrémé – Gérentes – 1 l,1 l,"Brick, ,, Cardboard, ,, fr:Brique en carton",Gérentes,"Dairies, ,, Milks (liquid and powder), ,, Milks, ,, Homogenized milks, ,, Mountain products, ,, Pasteurised products, ,, Semi-skimmed milks, ,, UHT Milks, ,, Mountain milks, ,, Organic semi-skimmed milks, ,, Semi-skimmed milk UHT","Organic, ,, EU Organic, ,, EU Agriculture, ,, French agriculture, ,, French milk, ,, FSC, ,, Green Dot, ,, Made in France, ,, AB Agriculture Biologique, ,, Triman",France,"Biodéal, ,, Laiterie des Monts Yssingelais",France,French: Lait stérilisé U.H.T.,Milk,,1,B,1,B,True,True,no,low,low,low,low,188.0,45.0,1.6,0.9,4.7,4.5,0.0,3.2,0.1,0.04,,,-1,6,7,3,3,0,0,7,0,0
https://world.openfoodfacts.org/product/3565840306127/wakame-marinoe,3565840306127,Wakamé – marinoë – 120g,120g,Plastic,marinoë,"Plant-based foods and beverages, ,, Plant-based foods, ,, Seafood, ,, Seaweeds and their products, ,, Wakame seaweeds","Vegetarian, ,, Organic, ,, EU Organic, ,, Non-EU Agriculture, ,, Vegan, ,, EU Agriculture, ,, FR-BIO-01, ,, Green Dot, ,, The Vegan Society, ,, AB Agriculture Biologique",,"Bretagne, ,, France",France,"French: Algue marine* (Undaria pinnatifida), sel de mer. *Issue de l'agriculture biologique.",,"Crustaceans, Molluscs, Mustard, Sesame seeds, Soybeans",3,B,3,D,True,True,yes,low,low,low,high,77.0,18.0,0.5,0.1,0.5,0.5,4.0,1.7,1.8,0.72,,,2,8,6,0,0,0,8,0,1,5
https://world.openfoodfacts.org/product/4018722341680/nudeln-mie-vollkorn-bio-alb-natur,4018722341680,"Nudeln, Mie Vollkorn Bio – Alb natur – 250g",250g,,"Alb natur, ,, Alb-Gold","Plant-based foods and beverages, ,, Plant-based foods, ,, Pastas, ,, Noodles, ,, Dry pastas","Organic, ,, Made in Germany",,,"France, ,, Germany","French: Semoule de blé dur complet (80%), farine de blé",Gluten,,2,B,1,,True,True,yes,moderate,low,low,moderate,1502.0,359.0,3.5,0.7,61.0,4.0,,15.0,0.5,0.2,,,1,7,6,4,1,0,2,6,0,0
https://world.openfoodfacts.org/product/5601252111015/huile-d-olive-vierge-extra-classique-gallo,5601252111015,Huile d'olive vierge extra Classique – Gallo – 75 cl,75 cl,,Gallo,"Plant-based foods and beverages, ,, Plant-based foods, ,, Fats, ,, Vegetable fats, ,, Olive tree products, ,, Vegetable oils, ,, Olive oils, ,, Extra-virgin olive oils, ,, Virgin olive oils",,,,France,French: HUILE D'OLIVE VIERGE EXTRA,,,1,B,2,D,True,True,yes,high,high,low,low,3426.0,819.0,91.0,15.0,0.0,0.0,,0.0,0.0,0.0,,,1,6,5,,0,,0,0,0,5
https://world.openfoodfacts.org/product/8001440121265/ceci-tetrapak-ca-dell-orto,8001440121265,Ceci Tetrapak Ca' Dell'orto – 230g,230g,,"Ca' dell'orto, ,, Conserve Italia","Plant-based foods and beverages, ,, Plant-based foods, ,, Legumes and their products, ,, Canned foods, ,, Legumes, ,, Seeds, ,, Canned plant-based foods, ,, Legume seeds, ,, Pulses, ,, Chickpeas, ,, Canned legumes, ,, Canned chickpeas",,,"Conserve Italia Soc. Coop. Agricola, ,, Via della Cooperazione 5 - 44021 - Codigoro (FE), ,, italia",Italy,"Italian: Ceci secchi reidratati, acqua, sale, antiossidanti: acido ascorbico. Modalità di preparazione Scaldati: non lavare. Versare l'intero contenuto della scatola, compreso il liquido, in una casseruola, riscaldare senza portare ad ebollizione e condire a proprio piacimento. A freddo: non lavare. Versare l'inter enuto della scatola, compreso il liquido, nellate e condire a proprio piacimento. Dopo l'apert",,,17,B,1,B,False,True,yes,low,low,low,moderate,523.0,125.0,2.2,0.3,16.8,0.7,,6.7,0.8,0.32,,,-3,4,7,,0,,3,2,0,5
https://world.openfoodfacts.org/product/8003170063778/semi-di-zucca-biologici-conad,8003170063778,Semi di zucca biologici – Conad,,,Conad,"Plant-based foods and beverages, ,, Plant-based foods, ,, Seeds, ,, Pumpkin and Squash plant products, ,, Cucurbitacea seeds, ,, Pumpkin seeds and their products, ,, Pumpkin seeds",,,,"France, ,, Italy",,,,,B,,E,,,,high,high,low,low,2581.0,617.0,49.0,8.7,11.0,1.4,,30.0,0.05,0.02,,,-3,4,7,,0,,0,7,0,0
https://world.openfoodfacts.org/product/8008110260057/hamburger-di-tacchino-al-rosmarino-aia,8008110260057,Hamburger di tacchino al rosmarino – Aia – 200 g,200 g,,"Aia, ,, Veronesi","Meats and their products, ,, Meat preparations, ,, Meats, ,, Poultries, ,, Turkey and its products, ,, Turkeys",No gluten,,Piazzale Apollinare Veronesi 1 - 37036 S. Martino Buon Albergo (VR) Italia,"France, ,, Italy","turkey meat 85%, water, potatoes, potato granules, salt, beet concentrate, fresh rosemary, antioxidants: ascorbic acid, flavorings",,"Eggs, Milk",10,B,4,E,True,False,no,moderate,moderate,low,moderate,582.0,139.0,7.0,2.3,3.0,0.0,,16.0,0.9825,0.393,,,1,7,6,1,0,2,4,6,0,0
https://world.openfoodfacts.org/product/8016438001375/lemon-plus-bio-euro-food,8016438001375,Lemon plus bio – Euro Food – 200 ml,200 ml,,Euro Food,"Beverages and beverages preparations, ,, Plant-based foods and beverages, ,, Beverages, ,, Plant-based beverages, ,, Fruit-based beverages, ,, Juices and nectars, ,, Fruit juices, ,, Lemon juice","Organic, ,, EU Organic, ,, IT-BIO-007",,,France,"French: Eau, jus de citron, antioxydant : acide citrique, huile essentielle de citron extrait à froid.",,,5,B,1,C,True,True,yes,low,low,low,low,75.0,18.0,0.03,0.0,1.95,0.52,0.0,0.12,0.0,0.0,,,2,2,0,1,1,0,0,0,0,0
https://world.openfoodfacts.org/product/8718265745797/citroensap-albert-heijn-basic,8718265745797,Citroensap – Albert Heijn Basic – 200ml,200ml,,Albert Heijn Basic,"Beverages and beverages preparations, ,, Plant-based foods and beverages, ,, Beverages, ,, Plant-based beverages, ,, Fruit-based beverages, ,, Juices and nectars, ,, Fruit juices, ,, Lemon juice",,,,"Germany, ,, Netherlands","concentraat, conserveermiddel Ingrediënten: citroensap uit (kaliumdisulfiet [E224]).",,,4,B,3,E,True,True,yes,low,low,low,low,116.0,27.0,0.03,0.0,2.0,2.0,,0.4,0.0,0.0,,,-1,3,4,2,1,0,0,0,0,4
https://world.openfoodfacts.org/product/3375610000847/yaourt-nature-brasse-brebis-400g-cc-biocoop,3375610000847,Yaourt nature brassé brebis 400g CC – Biocoop – 400 g,400 g,,"Biocoop, ,, Ensemble","Dairies, ,, Fermented foods, ,, Fermented milk products, ,, Desserts, ,, Dairy desserts, ,, Fermented dairy desserts, ,, Yogurts, ,, Plain fermented dairy desserts, ,, Plain yogurts, ,, Stirred yogurts, ,, Plain stirred yogurts, ,, Sheep milk yogurts, ,, fr:Yaourts grecs nature","Fair trade, ,, Organic, ,, EU Organic, ,, FR-BIO-01, ,, Made in France, ,, AB Agriculture Biologique, ,, fr:Bio équitable en France, ,, fr:Avec nos paysan.ne.s associé.e.s",fr:Lait origine France,Biochamps,France,"French: Lait* demi-écrémé de brebis 99.99% (France), ferments lactiques ( lait ).
*Ingrédients issus de l'agriculture biologique 
Ingrédient issu d'une filière labellisée Bio Equitable en France (99.9%)",Milk,None,3,B,1,A,False,True,no,moderate,moderate,low,low,328.0,78.0,4.2,3.1,4.5,3.4,0.0,5.6,0.12,0.048,,0.0,1,3,2,0,0,3,0,2,0,0
https://world.openfoodfacts.org/product/8002670005738/ricottine-granarolo,8002670005738,Ricottine – Granarolo – 2 x 100g,2 x 100g,"it:1 fascetta PAP 21 carta, ,, it:2 Ciotola  PP 5 plastica, ,, it:2 pellicola 7 plastica",Granarolo,"Dairies, ,, Fermented foods, ,, Fermented milk products, ,, Cheeses, ,, Italian cheeses, ,, Cream cheeses, ,, Ricotta, ,, fr:Ricottine","Low or no fat, ,, Low or no salt, ,, Low fat, ,, Low salt, ,, No preservatives, ,, Reduced fat, ,, Reduced salt, ,, 30% less salt, ,, 50% less fat","Italy, ,, it:Latte dall'Italia",,Italy,"Italian: Siero di latte pastorizzato, crema di latte pastorizzato, correttore di acidità (acido citrico)",Milk,,4,B,4,C,True,,no,moderate,moderate,low,low,418.0,100.0,5.8,4.0,3.5,3.5,,8.5,0.2,0.08,,,2,5,3,1,1,3,0,3,0,0
https://world.openfoodfacts.org/product/9310161005051/cottage-cheese-original-bulla,9310161005051,Cottage Cheese Original – Bulla – 500g,500g,,Bulla,"Dairies, ,, Fermented foods, ,, Fermented milk products, ,, Cheeses, ,, Spreads, ,, Salted spreads, ,, Cheese spreads, ,, Cottage cheeses","Source of proteins, ,, Australian made, ,, High proteins",,,"Australia, ,, France","FRESH SKIM MILK (92%), FRESH CREAM, MILK SOLIDS, SALT, PRESERVATIVE (E202), THICKENERS (GUAR GUM, XANTHAN GUM, LOCUST BEAN GUM, PROCESSED EUCHEUMA SEAWEED), ACIDITY REGULATOR (CITRIC ACID), CULTURE",Milk,,14,B,4,D,True,,no,low,low,low,moderate,343.7,82.0,1.8,1.2,4.3,0.0,0.0635428571428571,12.0,0.78,0.312,,0.0,2,6,4,1,1,1,3,4,0,0
https://world.openfoodfacts.org/product/4099200009926/pain-de-seigle-complet-bio-aldi,4099200009926,Pain de seigle complet bio – Aldi – 500g,500g,,"Aldi, ,, Hofer, ,, Nature Active Bio","Plant-based foods and beverages, ,, Plant-based foods, ,, Cereals and potatoes, ,, Breads, ,, Rye breads","Organic, ,, Vegetarian, ,, EU Organic, ,, Vegan, ,, DE-ÖKO-001, ,, EU Agriculture, ,, European Vegetarian Union, ,, European Vegetarian Union Vegan, ,, Made in Germany",Germany,,"Germany, ,, Switzerland","French: Bio Roggenvollkornbrot. Zutaten: 43% Roggenvollkornschrot, Wasser, Natursauerteig"" H To (Roggenvallkornschrot Wasser), Speisesalz, 43 Hefe"". ""aus kontrolliert biologischer Landwirtschaft. Trocken und ro vor Wärme geschützt lager. Ungeöffnet mindestens haltbar bis: siehe Aufdruck rechts. Pain de seigle complet bio (te ivá Tar",,,14,B,,A,False,True,yes,low,low,low,moderate,820.0,196.0,1.5,0.3,36.0,3.1,6.9,4.7,1.1,0.44,,,2,7,5,2,0,0,5,1,4,0
https://world.openfoodfacts.org/product/8001630005559/naturale-activia,8001630005559,Naturale – Activia – 4 × 125g,4 × 125g,fr:Pot en plastique,"Activia, ,, Danone","Dairies, ,, Fermented foods, ,, Fermented milk products, ,, Desserts, ,, Dairy desserts, ,, Fermented dairy desserts, ,, Yogurts, ,, Plain fermented dairy desserts, ,, Plain yogurts, ,, Bifidus yogurts","No preservatives, ,, No colorings",,,"France, ,, Italy","French: LATTE FERMENTATO CON LACTOBACILLUS BULGARICUS, STREPTOCOCCUS THERMOPHILUS EPROBIOTICO BIFIDUS ACTIREGULARIS (BIFIDOBACTERIUM LACTIS CNCMI-2494)",,"Gluten, Nuts",3,B,,A,False,True,yes,moderate,moderate,moderate,low,285.6,68.0,3.4,2.4,5.4,5.4,0.0,4.0,0.1,0.04,,0.0,2,3,1,0,1,2,0,1,0,0
https://world.openfoodfacts.org/product/5057753125844/chilli-con-carne-tesco,5057753125844,Chilli con carne – Tesco – 392g,392g,"Can, ,, Food can",Tesco,"Meats and their products, ,, Meals, ,, Meals with meat, ,, Chili con carne",,Beef from uk and ireland,,United Kingdom,"Always right. Tomato Purée, Red Kidney Beans (22%), Beef (15%) Rehydrated Dried Onion, Modified Maize Starch, Red Pe Green Pepper, Cumin Powder, Salt, Sugar, Cayenne Pe Garlic Powder, Oregano, Colour (Paprika Extract).",Beef,,14,B,4,,True,False,no,low,low,low,moderate,429.0,102.0,2.6,1.1,11.1,2.6,1.8,7.6,0.6,0.24,0.0,,1,4,3,1,0,1,2,2,0,1
https://world.openfoodfacts.org/product/8480017002433/leche-fermentada-semidesnatada-liquida-con-fresa-l-casei-fresa,8480017002433,Leche fermentada semidesnatada líquida con fresa – L. Casei Fresa,,,L. Casei Fresa,"Dairies, ,, Fermented foods, ,, Fermented milk products, ,, Desserts, ,, Dairy desserts, ,, Fermented dairy desserts, ,, Yogurts, ,, Lácteos",,,,Spain,,,,,B,,B,,,,low,low,moderate,low,276.2,67.0,1.4,0.9,10.6,10.5,,2.6,0.11,0.044,,,2,3,1,0,3,0,0,1,0,0
https://world.openfoodfacts.org/product/5601050033168/danone,5601050033168,DANONE,,,Danone,"Dairies, ,, Fermented foods, ,, Fermented milk products, ,, Desserts, ,, Dairy desserts, ,, Fermented dairy desserts, ,, Yogurts",,,,"France, ,, Portugal, ,, Spain","IOGURTE LIQUIDO MAGRO AROMATIZADO COM SABOR A MORANGO INGREDIENTES-Leite desnatado pasteurizado, açúcar, leite lesnatado em pó amido de milho, aroma a morango, concentrado de cenoura negra e Ne fermentos laticos. Pode conter cereais com glúten, frutos de casca rija e sementes de sésamo. Declaração Nutricional Por por %DR* porção Valores medios 100g Por (155g) porção Energia (k/kcal) 251 k",,,12,B,,B,False,True,yes,low,low,moderate,low,255.3,60.0,0.1,0.0,11.8,11.6,,3.0,0.0975,0.039,,0.0,2,3,1,0,3,0,0,1,0,0
https://world.openfoodfacts.org/product/3770013080043/kefir-de-fruit-verveine-citronnee-l-atelier-du-ferment,3770013080043,Kéfir de Fruit Verveine citronnée – L'Atelier du Ferment – 75 cl,75 cl,fr:Bouteille en verre réemployable,L'Atelier du Ferment,"Beverages and beverages preparations, ,, Beverages, ,, Fermented foods, ,, Fermented drinks, ,, fr:Kefir-de-fruit, ,, fr:Kéfir de fruits","Organic, ,, EU Organic, ,, Nutriscore, ,, AB Agriculture Biologique",ingrédients issus de l'agriculture biologique,"En Mayenne à Courbeveille, ,, France",France,"French: Eau filtrée, citron frais*, grains de kéfir de fruit* (filtrés), sucre de canne* (consommé lors de la fermentation), raisins secs*, feuilles de verveine citronnée* (0.4%), spiruline. Le produit peut présenter des traces d'alcool. *Ingrédients issus de l'AB",fr:non,fr:peu-contenir-des-traces-d-alcool,10,B,3,,True,True,yes,low,low,low,low,52.0,12.0,0.0,0.0,3.0,2.0,0.0,0.0,0.0,0.0,,,2,2,0,1,1,0,0,0,0,0
https://world.openfoodfacts.org/product/00905886/plain-yogurt-trader-joe-s,00905886,Plain Yogurt – Trader Joe's – 32 oz,32 oz,,Trader Joe's,"Dairies, ,, Fermented foods, ,, Fermented milk products, ,, Desserts, ,, Dairy desserts, ,, Fermented dairy desserts, ,, Yogurts",,,,United States,"ORGANIC PASTEURIZED MILK (ORGANIC NONFAT MILK, ORGANIC CREAM), ORGANIC SWEET CREAM BUTTERMILK, LIVE ACTIVE CULTURES (LACTOBACILLUS ACIDOPHILUS, L. BULGARICUS, STREPTOCOCCUS THERMOPHILUS BIFIDOBACTERIUM LACTIS).",Milk,,8,B,1,B,True,True,no,low,moderate,low,low,288.823529411765,70.0,2.94117647058824,2.05882352941176,6.47058823529412,4.11764705882353,0.0,4.11764705882353,0.117647058823529,0.0470588235294118,,0.0,2,3,1,0,1,2,0,1,0,0
https://world.openfoodfacts.org/product/40804071/barrel-sauerkraut-kuhne,40804071,Barrel Sauerkraut – Kühne – 810 g,810 g,Glass,Kühne,"Plant-based foods and beverages, ,, Plant-based foods, ,, Fruits and vegetables based foods, ,, Vegetables based foods, ,, Fermented vegetables, ,, Sauerkrauts",,,"Carl Kühne KG, ,, Germany","Chile, ,, Greece","Spanish: Repollo, sal",,"es:repollo, es:sal",2,B,3,B,True,True,yes,low,low,low,moderate,141.0,33.0,0.3,0.1,4.3,1.3,,1.3,1.3,0.52,,,1,6,5,0,0,0,6,0,0,5
https://world.openfoodfacts.org/product/8003508007108/lupini-madama-oliva,8003508007108,Lupini – Madama Oliva – 280g,280g,Plastic,Madama Oliva,"Plant-based foods and beverages, ,, Plant-based foods, ,, Legumes and their products, ,, Canned foods, ,, Legumes, ,, Seeds, ,, Canned plant-based foods, ,, Legume seeds, ,, Pickles, ,, Plant-based pickles, ,, Pulses, ,, Canned legumes, ,, Legume pickles, ,, Lupin beans, ,, Pickled lupin beans",it:Antichi sapori,Italy,"Italia, ,, Madama Oliva srl, ,, Zona Ind.le Località Recocce - 67061 - Carsoli (AQ), ,, Italia",Italy,"Italian: lupini , acqua, sale, acidificante, acido lattico",Lupin,,5,B,3,,True,True,yes,low,low,low,high,392.0,94.0,2.5,0.0,3.0,0.5,8.0,11.0,2.6,1.04,0.0,,2,12,10,,0,,12,,5,5
https://world.openfoodfacts.org/product/5000169547724/wholegrain-mexican-style-rice-waitrose-partners,5000169547724,Wholegrain Mexican Style Rice – Waitrose & Partners – 250g,250g,,"Waitrose, ,, Waitrose & Partners","Plant-based foods and beverages, ,, Plant-based foods, ,, Cereals and potatoes, ,, Meals, ,, Seeds, ,, Cereals and their products, ,, Cereal grains, ,, Rice dishes, ,, Rices, ,, Precooked rices, ,, Cooked wholegrain  rice","Vegetarian, ,, Vegan",,,"Spain, ,, United Kingdom","Cooked wholegrain rice (72%), sweetcorn (8%), adzuki beans (5%), red pepper, tomato paste, lime juice, sunflower oil and/or rapeseed oil, flavouring, onion, chilli, yeast powder, smoked flavouring, garlic powder, coriander powder, cumin powder, colour: paprika extract, turmeric powder",,,19,B,4,D,True,True,yes,low,low,low,moderate,628.0,150.0,2.7,0.3,23.6,1.4,6.9,4.4,0.42,0.168,,,-2,3,5,,0,,2,1,4,0
https://world.openfoodfacts.org/product/7622201122720/gelatine-saveur-maracuja-royal,7622201122720,Gélatine saveur maracuja – Royal,,,Royal,"Cooking helpers, ,, Dessert mixes, ,, Mixes for jelly desserts",,,,"France, ,, Portugal",,,,,B,,,,,,low,low,moderate,low,163.0,39.0,0.0,0.0,8.3,8.2,0.0,1.3,0.1,0.04,,,2,2,0,0,2,0,0,0,0,0
https://world.openfoodfacts.org/product/5032722312289/organic-granola-pure-oaty-biona,5032722312289,Organic Granola Pure Oaty – Biona – 375 g,375 g,,Biona,"Plant-based foods and beverages, ,, Plant-based foods, ,, Breakfasts, ,, Cereals and potatoes, ,, Cereals and their products, ,, Breakfast cereals, ,, Flakes, ,, Cereal flakes, ,, Rolled flakes, ,, Rolled oats","Organic, ,, Vegetarian, ,, EU Organic, ,, Non-EU Agriculture, ,, Source of fibre, ,, Vegan, ,, DE-ÖKO-007, ,, EU Agriculture, ,, EU/non-EU Agriculture, ,, High fibres, ,, No palm oil, ,, Organic Food Federation",,,United Kingdom,"Organic Whole Rolled Oats 66%, Organic Rice Syrup 28%, Organic Sunflower Oil, Organic Extruded Rice (Organic Rice Flour, Organic Malted Barley Flour, Sea Salt)",Gluten,,7,B,3,A,True,True,yes,moderate,moderate,high,low,1873.0,446.0,15.0,1.6,66.0,14.0,6.5,8.5,0.04,0.016,,,2,9,7,5,3,1,0,3,4,0
https://world.openfoodfacts.org/product/3350033872257/jus-de-citron-monoprix-bio,3350033872257,Jus de citron – Monoprix Bio,,,Monoprix Bio,"Plant-based foods and beverages, ,, Beverages, ,, Plant-based beverages, ,, Fruit-based beverages, ,, Juices and nectars, ,, Fruit juices, ,, Lemon juice","Organic, ,, EU Organic, ,, AB Agriculture Biologique",,,"France, ,, Qatar",,,,,B,,D,,,,low,low,low,low,87.0,21.0,0.0,0.0,1.5,1.5,,0.0,0.0,0.0,,,-4,2,6,1,1,0,0,0,0,6
https://world.openfoodfacts.org/product/3227290000917/lentilles-carottes-et-oignons-fraichement-cuisine,3227290000917,"Lentilles, carottes, et oignons – Fraîchement Cuisiné – 220 (220)",220 (220),"Plastic, ,, Tray, ,, fr:Film operculable",Fraîchement Cuisiné,"Plant-based foods and beverages, ,, Plant-based foods, ,, Legumes and their products, ,, Legumes, ,, Seeds, ,, Legume seeds, ,, Meals, ,, Pulses, ,, Lentils, ,, Prepared lentils","No preservatives, ,, Nutriscore, ,, Nutriscore Grade A",Lentilles Vertes de France Lentilles Vertes (44%) : France Carottes (21%) : France Oignons (4%) : UE,"Luneray, ,, France, ,, Normandie",France,"French: Lentilles vertes (44%), carottes (21%), oignons (4%), sel, arôme naturel. Traces possibles de BLE .",,Gluten,5,B,4,A,True,,maybe,low,low,low,moderate,356.0,85.0,0.5,0.1,11.0,1.1,6.2,7.2,0.54,0.216,,,-3,4,7,,0,,2,2,3,2
https://world.openfoodfacts.org/product/4006237642491/reis-fit-express-quinoa-euryza,4006237642491,Reis-Fit Express - Quinoa – Euryza – 250g,250g,Bag,"Euryza, ,, Reis-Fit","Plant-based foods and beverages, ,, Plant-based foods, ,, Cereals and potatoes, ,, Seeds, ,, Cereals and their products, ,, Meals, ,, Cereal grains, ,, Quinoa, ,, de:Pflanzliche Fertiggerichte","Vegetarian, ,, Vegan, ,, Green Dot, ,, de:Unter Schutzatmosphäre verpackt",,,Germany,"German: Vorgedämpfter weißer Quinoa (91%) (Wasser, weißer Quinoa), vorgedämpfter roter Quinoa (8%) (Wasser, roter Quinoa), Sonnenblumenöl, Meersalz, Emulgator: Sonnenblumenlecithine.

Unter Schutzatmosphäre verpackt.",,,10,B,4,E,True,True,yes,low,low,low,low,669.0,160.0,2.9,0.3,26.0,1.5,3.7,5.4,0.16,0.064,,,-2,1,3,,0,,0,2,1,0
https://world.openfoodfacts.org/product/2006050064052/4-steaks-haches-pur-boeuf-boucherie-st-clement,2006050064052,4 steaks hachés pur boeuf – Boucherie St Clément – 400 g,400 g,,Boucherie St Clément,"Meats and their products, ,, Beef and its products, ,, Frozen foods, ,, Meats, ,, Beef, ,, Steaks, ,, Beef steaks, ,, Frozen meats, ,, Ground steaks, ,, Frozen steaks, ,, Ground beef steaks, ,, Frozen ground steaks, ,, Minced beef steak with 5% fat, ,, Frozen ground beef steaks","100% muscle, ,, Nutriscore, ,, Nutriscore Grade A",,,France,French: 100% viande bovine,,,1,B,1,,True,False,no,moderate,moderate,low,low,523.0,125.0,5.0,2.2,0.0,0.0,0.0,20.0,0.2175,0.087,,,2,4,2,1,0,2,1,2,0,0
https://world.openfoodfacts.org/product/4311501760956/e-craft-burger-buns-bauck-hof,4311501760956,E/ Craft Burger Buns – Bauck Hof – 4pcs,4pcs,,Bauck Hof,"Plant-based foods and beverages, ,, Plant-based foods, ,, Cereals and potatoes, ,, Breads, ,, Special breads, ,, Hamburger buns","Vegetarian, ,, Vegan, ,, European Vegetarian Union, ,, European Vegetarian Union Vegan, ,, Nutriscore, ,, Nutriscore Grade A",,,Germany,"German: Dinkelvollkornmehl* , Dinkelmehl* , Wasser, Weizenmehl , Zucker, Rapsöl, Haferflocken , Hefe, natürliches Aroma, Speisesalz, Weizengluten , Dinkelflocken* , Tafelessig, Konservierungsstoff: Calciumpropionat; Emulgatoren: Mono - und Diglyceride von Speisefettsäuren, E481; Gerstenmalz - mehl, Alkohol. *eine Weizenart Das Produkt kann Spuren von Lupinen , Senf , Sesam und Soja enthalten.",Gluten,"Lupin, Mustard, Sesame seeds, Soybeans",21,B,4,B,,True,yes,moderate,low,moderate,moderate,1172.0,278.0,6.7,0.8,42.0,6.0,5.0,10.0,0.99,0.396,,,2,8,6,3,1,0,4,4,2,0
https://world.openfoodfacts.org/product/5099874328124/fruit-nut-muesli-dunnes-stores,5099874328124,Fruit & Nut Muesli – Dunnes Stores – 750g,750g,,Dunnes Stores,"Plant-based foods and beverages, ,, Plant-based foods, ,, Breakfasts, ,, Cereals and potatoes, ,, Cereals and their products, ,, Breakfast cereals, ,, Cereals with fruits, ,, Mueslis, ,, Mueslis with fruits",No added sugar,,,Ireland,"Oats (30%), Raisins (20%) [Raisins, Sunflower Oil], Wheat Flakes, Barley Flakes, Toasted Wheat Flakes, Hazelnuts (3.5%), Dried Apricot (3.5%) [Apricots, Rice Flour, Preservative: Sulphur Dioxide], Dates (3.5%) [Dates, Rice Flour], Almonds (3.5%), Dried Apple (2%), Sunflower Seeds, Pumpkin Seeds, Coconut Chips (2%).","Gluten, Nuts, Sulphur dioxide and sulphites",,20,B,3,B,True,True,yes,moderate,moderate,high,low,1606.0,384.0,8.2,2.0,64.4444444444444,18.0,8.3,9.11111111111111,0.02,0.008,,,2,10,8,4,5,1,0,3,5,0
https://world.openfoodfacts.org/product/4102430083540/0-0-herb-pils-alkoholfrei-bitburger,4102430083540,"0,0% Herb Pils Alkoholfrei – Bitburger – 500ml",500ml,,Bitburger,"Beverages and beverages preparations, ,, Beverages, ,, Non-alcoholic beverages, ,, Non-alcoholic beers",,,,Germany,"German: Wasser, Gerstenmalz , Hopfen, Hopfenextrakt.",Gluten,,4,B,1,D,True,True,yes,low,low,low,low,93.0,22.0,0.0,0.0,5.0,0.0,,0.5,0.0,0.0,,,2,2,0,2,0,0,0,0,0,0
https://world.openfoodfacts.org/product/5603722522277,5603722522277,5603722522277,,,,"Beverages and beverages preparations, ,, Plant-based foods and beverages, ,, Beverages, ,, Plant-based foods, ,, Cereals and potatoes, ,, Dairy substitutes, ,, Cereals and their products, ,, Milk substitutes, ,, Plant-based beverages, ,, Plant-based milk alternatives, ,, Cereal-based drinks, ,, Oat-based drinks, ,, pt:Bebida","Carbon Trust, ,, FSC, ,, FSC Mix, ,, Green Dot",,,Portugal,"Portuguese: ÁGUA, AVEIA: 9%, INULINA, ÓLEO DE GIRASSOL ALTO TEOR OLEICO, CARBONATO DE CÁLCIO, SAL MARINHO, ESTABILIZADOR: GOMA GELANA E VITAMINAS: B2, B12 E D. PODE CONTER FRUTOS DE CASCA RIJA",Gluten,,12,B,4,C,False,True,yes,low,low,low,low,123.0,59.0,1.0,0.1,3.7,0.0,1.0,0.9,0.1,0.04,,,2,2,0,2,0,0,0,0,0,0
https://world.openfoodfacts.org/product/3111902100266/muesli-bio-avoine-francaise-et-chocolat-charles-vignon,3111902100266,Muesli bio avoine française et chocolat – Charles Vignon – 350 g,350 g,,Charles Vignon,"Plant-based foods and beverages, ,, Plant-based foods, ,, Breakfasts, ,, Cereals and potatoes, ,, Cereals and their products, ,, Breakfast cereals, ,, Chocolate cereals, ,, Mueslis, ,, Bircher-style mueslis, ,, Mueslis with chocolate, ,, Bircher-style mueslis with chocolate","Organic, ,, EU Organic, ,, Made in France, ,, Nutriscore, ,, Nutriscore Grade B, ,, AB Agriculture Biologique",*Ingrédients issus de l'agriculture biologique.,,France,"French: Flocons d'AVOINE* complets 57,9%, flocons de BLE * complets 15%, pépites de chocolat* noir 13,5% (pâte de cacao*, sucre de canne*, beurre de cacao*), pétales de BLE * complet 8%, riz*, sucre de canne* non raffiné, maïs*, cacao* maigre en poudre, cacao* en poudre, chocolat* noir (pâte de cacao*, sucre de canne*, beurre de cacao*), caramel* (sucre de canne*, eau), sel de mer, gousses de vanille* de Madagascar broyées.",Gluten,,21,B,3,A,True,True,yes,moderate,moderate,moderate,low,1681.0,402.0,8.3,3.8,65.0,10.0,11.0,12.0,0.03,0.012,,,1,10,9,5,2,3,0,4,5,0
https://world.openfoodfacts.org/product/4056489757870/pulled-bbq-chicken-chef-select,4056489757870,Pulled BBQ chicken – Chef Select – 380 g,380 g,,Chef Select,"Meals, ,, Meals with meat, ,, Poultry meals, ,, Meal kits, ,, Meals with chicken",,,,"Netherlands, ,, United Kingdom","20% Pulled Chicken ( Chicken , Salt), Water, 15% Cooked Red Quinoa (Red Quinoa, Water), Tomato Passata, 9% Cooked Brown Rice (Brown Rice, Water), 5% Spinach, 5% Sweetcorn, 4% Refried Beans (Bayo Beans, Water, Vegetable Oil [RBD Vegetable Soybean Oil, Garlic Oil], Cornstarch, Iodized Salt, Onion), Sugar, Tomato Ketchup (Water, Tomato Paste, Glucose-Fructose Syrup, Spirit Vinegar, Sugar, Modified Maize Starch, Salt, Acidity Regulator: Citric Acid; Preservative: Potassium Sorbate; Natural Flavouring), 3% Black Turtle Beans, Garlic Purée, Cider Vinegar, Rapeseed Oil, Cornflour, Smoked Paprika, Lemon Juice from Concentrate, Coriander, Ground Cumin, Dried Chipotle Chilli, Cajun Seasoning (Ground Paprika, Salt, Ground Cumin, Dried Onion, Dried  Garlic, Ground Black Pepper.",Chicken,,53,B,4,E,True,False,no,low,low,moderate,moderate,426.0,101.0,1.69944444444444,0.305,16.1111111111111,5.68944444444444,2.5,6.80833333333333,0.442361111111111,0.176944444444444,,,2,4,2,1,1,0,2,2,0,0
https://world.openfoodfacts.org/product/0078742075273/frosted-shredded-wheat-lightly-sweetened-whole-grain-cereal-great-value,0078742075273,Frosted shredded wheat lightly sweetened whole grain cereal – Great Value – 24 oz,24 oz,,Great Value,"Plant-based foods and beverages, ,, Plant-based foods, ,, Breakfasts, ,, Cereals and potatoes, ,, Cereals and their products, ,, Breakfast cereals, ,, Extruded cereals",Vitamin B12 source,,,United States,"whole grain wheat, sugar, gelatin , bht added to preserve freshness, vitamins and minerals: reduced iron, niacinamide (vitamin b2), folic acid, zinc oxide, pyridoxine hydrochloride (vitamin b6), riboflavin (vitamin b2), thiamine mononitrate (vitamin b), vitamin b12,",,Gelatin,14,B,4,D,False,True,yes,low,low,high,low,1700.01,350.0,1.67,0.0,83.33,20.0,10.0,8.33,0.0212,0.00848,,0.0,2,10,8,5,5,0,0,3,5,0
https://world.openfoodfacts.org/product/50112975/%D1%81%D0%BE%D0%B4%D0%B0-schweppes,50112975,Сода – Schweppes – 500 мл,500 мл,,Schweppes,"Beverages and beverages preparations, ,, Beverages, ,, Carbonated drinks, ,, Sodas",Green Dot,,,Bulgaria,"Bulgarian: Вода, въглероден диоксид, натриев хидрогенкарбонат, натриев хлорид",,,4,B,4,,True,True,yes,low,low,low,low,0.0,0.0,0.0,0.0,0.0,0.0,,0.0,0.05,0.02,,,0,0,0,0,0,0,0,0,0,0
https://world.openfoodfacts.org/product/3596710433278/frites-extra-fines-auchan,3596710433278,Frites extra fines – Auchan – 1 kg,1 kg,,Auchan,"Plant-based foods and beverages, ,, Plant-based foods, ,, Fruits and vegetables based foods, ,, Vegetable-based foods and beverages, ,, Vegetables based foods, ,, Chips and fries, ,, Frozen foods, ,, Frozen plant-based foods, ,, Frozen vegetables, ,, Frozen fried potatoes, ,, Fries, ,, Frozen fries","Nutriscore, ,, Nutriscore Grade A, ,, Nutriscore Grade B",,,"France, ,, World","oresp:es fried prefrite matches and frozen ingredients earth ommes 94.5%, sunflower oil 5%, dextrose, )",,,3,B,4,A,True,True,yes,moderate,low,low,low,605.0,144.0,3.8,0.3,24.0,0.5,2.5,2.4,0.09,0.036,,0.0,1,1,0,1,0,0,0,0,0,0
https://world.openfoodfacts.org/product/4337256693653/haferpops-rewe-bio,4337256693653,Haferpops – REWE Bio – 375 g,375 g,,REWE Bio,"Plant-based foods and beverages, ,, Plant-based foods, ,, Breakfasts, ,, Cereals and potatoes, ,, Cereals and their products, ,, Breakfast cereals, ,, Mueslis","Organic, ,, Naturland, ,, Nutriscore, ,, Nutriscore Grade B",,,Germany,"German: HAFERVOLLKORNMEHL * 81,5%, Rübenzucker* 10%, GERSTENMALZMEHL * 8%, Meersalz 0,5%.","Gluten, de:glutenhaltiges-getreide-weizen, de:kamut-oder-hybridstämme","Lupin, Milk, Nuts, Sesame seeds, Soybeans",4,B,3,B,True,True,yes,moderate,low,moderate,moderate,1590.0,377.0,6.4,1.3,65.0,12.0,9.8,10.0,0.55,0.22,,,1,10,9,4,3,1,2,4,5,0
https://world.openfoodfacts.org/product/4056489762966/quinoa-seeds-golden-sun,4056489762966,Quinoa Seeds – Golden Sun – 400g,400g,,Golden Sun,"Plant-based foods and beverages, ,, Plant-based foods, ,, Cereals and potatoes, ,, Seeds, ,, Cereals and their products, ,, Cereal grains, ,, Quinoa","Organic, ,, EU Organic, ,, AT-BIO-402, ,, Nutriscore",,,"Germany, ,, Romania",,,,,B,,D,,,,moderate,low,low,low,1546.0,367.0,6.4,1.0,59.0,2.1,,14.0,0.01,0.004,,,-4,1,5,,0,,0,5,0,0
https://world.openfoodfacts.org/product/0070234215105/marinara-sauce-victoria,0070234215105,Marinara sauce – Victoria – 1.1L,1.1L,"1 glass bottle to recycle, ,, 1 metal cap to recycle",Victoria,"Condiments, ,, Sauces, ,, Pasta sauces, ,, Tomato sauces",No cholesterol,United States,,"Canada, ,, United States","TOMATOES, ONIONS, OLIVE OIL, SALT, GARLIC, BASIL, SPICES, CALCIUM CHLORIDE",,,8,B,3,A,True,True,yes,moderate,low,low,moderate,234.0,56.0,3.2,0.0,4.8,3.2,0.8,1.6,0.84,0.336,,,2,4,2,0,0,0,4,0,0,2
https://world.openfoodfacts.org/product/10089149/honey-mustard-chicken-pasta-tesco,10089149,Honey & Mustard Chicken Pasta – Tesco – 300 g,300 g,Plastic,Tesco,"Meals, ,, Pasta dishes, ,, Prepared salads, ,, Pasta salads, ,, Refrigerated foods, ,, Refrigerated meals",,"European Union, ,, Thailand",,"France, ,, United Kingdom","Cooked Pasta [Water, Durum Wheat Semolina], Chicken Breast (12%), Water, Sweetcorn, Crème Fraîche ( Milk ), Rapeseed Oil, Red Pepper, Yogurt ( Milk ), Honey,Spirit Vinegar, Mustard Seeds, Sugar, Mustard Flour, Pasteurised Egg, Salt, Parsley, Garlic Purée, White Pepper, Malt Vinegar ( Barley ), Citrus Fibre, Pasteurised Egg Yolk, Cornflour, Modified Potato Starch, Black Pepper, Sea Salt, Basil, Chive, Mustard Bran, Thickener (Pectin), Vinegar, Turmeric Extract, Ground Pimento, Turmeric Powder, Garlic Powder, Onion Powder.","Eggs, Gluten, Milk, Mustard",,39,B,4,,True,False,no,moderate,low,low,moderate,701.0,167.0,5.4,1.1,21.2,3.0,1.4,8.0,0.350833333333333,0.140333333333333,,,1,4,3,2,0,1,1,3,0,0
https://world.openfoodfacts.org/product/7898215157403/leite-ninho-integral,7898215157403,Leite Ninho Integral – 1litro,1litro,,"Nestlé, ,, Ninho","Dairies, ,, Milks","No gluten, ,, No preservatives, ,, Contains lactose, ,, Contains milk, ,, No additives, ,, No artificial colors, ,, pt:Contem-leite-e-lactose",Brazil,,Brazil,"Portuguese: Leite integral, minerais [cálcio (fosfato tricálcico), ferro (pirofosfato férrico) e zinco (sulfato de zinco)], vitaminas [vitamina C (ácido ascórbico), vitamina E (acetato de DL-alfa-tocoferila), vitamina A (acetato de retinila) e vitamina D (colecalciferol)] e estabilizantes citrato de sódio, trifosfato de sódio, monofosfato de sódio e difosfato de sódio.",Milk,,21,B,4,C,True,True,no,moderate,moderate,low,low,246.0,59.0,3.2,2.0,4.4,4.4,,3.1,0.1575,0.063,,,2,9,7,5,3,1,0,7,0,0
https://world.openfoodfacts.org/product/3490941207359/menguy-s-cacahuetes-grillees-et-salees-390g-34-offerts,3490941207359,MENGUY'S CACAHUETES GRILLEES ET SALEES 390g + 34% OFFERTS – 0.523 kg,0.523 kg,"Bag, ,, Vacuum-packed","Menguy's, ,, menguy's","Plant-based foods and beverages, ,, Plant-based foods, ,, Legumes and their products, ,, Snacks, ,, Legumes, ,, Salty snacks, ,, Nuts and their products, ,, Nuts, ,, Roasted nuts, ,, Variety packs, ,, Peanuts, ,, Salted nuts, ,, Fruits-Nuts-Seed variety packs, ,, Peanut grilled salted, ,, Salted peanuts","No preservatives, ,, Made in France, ,, Nutriscore, ,, Nutriscore Grade B",,,France,"peanuts , sunflower oil, salt, possible traces of nuts , wheat and soybean gluten",Peanuts,"Gluten, Nuts, Soybeans",1,B,,D,False,True,yes,high,high,moderate,moderate,2534.0,612.0,50.0,5.9,10.0,5.8,8.2,26.0,0.87,0.348,,,2,7,5,,1,,4,,5,0
https://world.openfoodfacts.org/product/5400141950793/augurken-sweet-and-sour-everyday,5400141950793,Augurken Sweet-And-Sour – Everyday – 360g,360g,,Everyday,"Plant-based foods and beverages, ,, Plant-based foods, ,, Fruits and vegetables based foods, ,, Canned foods, ,, Vegetables based foods, ,, Canned plant-based foods, ,, Pickles, ,, Canned vegetables, ,, Plant-based pickles, ,, Pickled vegetables, ,, Pickled cucumbers, ,, Gherkins, ,, Gherkins in sweet and sour sauce",,,,Belgium,"gherkins, water, vinegar, sugar, salt, mustard seeds, flavours",Mustard,,7,B,4,,True,,maybe,low,low,low,moderate,98.0,23.0,0.5,0.1,3.6,3.6,0.9,0.6,0.7,0.28,,72.7272727272727,2,4,2,0,1,0,3,0,0,2
https://world.openfoodfacts.org/product/5601286236784/pastas-espirais-fusili-milaneza,5601286236784,Pastas Espirais Fusili – Milaneza – 500 g,500 g,,Milaneza,"Plant-based foods and beverages, ,, Plant-based foods, ,, Cereals and potatoes, ,, Cereals and their products, ,, Pastas, ,, Cereal pastas, ,, Dry pastas, ,, Durum wheat pasta, ,, Fusili","Green Dot, ,, pt:Ecoponto amarelo",,,"France, ,, Portugal, ,, Switzerland",durum wheat semolina. May contain egg traces.,Gluten,Eggs,1,B,1,,True,True,yes,low,low,moderate,low,1481.0,354.0,1.8,0.4,71.0,5.0,2.9,12.0,0.025,0.01,,,1,5,4,4,1,0,0,4,0,0
https://world.openfoodfacts.org/product/3800151000235/%D0%BA%D1%80%D0%B0%D0%B2%D0%B5-%D0%BA%D0%B8%D1%81%D0%B5%D0%BB%D0%BE-%D0%BC%D0%BB%D1%8F%D0%BA%D0%BE-3-6-%D0%B7%D0%B4%D1%80%D0%B0%D0%B2%D0%B5%D1%86,3800151000235,Краве кисело мляко 3.6% – Здравец – 500 g,500 g,,Здравец,"Dairies, ,, Fermented foods, ,, Fermented milk products, ,, Desserts, ,, Dairy desserts, ,, Fermented dairy desserts, ,, Yogurts, ,, Cow milk yogurts",Green Dot,,,Bulgaria,"Bulgarian: КРАВЕ МЛЯКО, СТАРТЕРНИ МЛЕЧНОКИСЕЛИ КУЛТУРИ.",Milk,,2,B,1,B,True,,no,moderate,moderate,low,low,251.0,60.0,3.6,2.3,3.7,3.7,0.0,3.2,0.13,0.052,,,2,3,1,0,1,2,0,1,0,0
https://world.openfoodfacts.org/product/20319205/chleb-torfowy-z-m%C4%85k%C4%85-pe%C5%82noziarnist%C4%85-piekarnia-w-sercu-lidla,20319205,Chleb torfowy z mąką pełnoziarnistą – Piekarnia w sercu Lidla – 500g,500g,,Piekarnia w sercu Lidla,"Plant-based foods and beverages, ,, Plant-based foods, ,, Cereals and potatoes, ,, Breads, ,, Sliced breads, ,, Multigrain sliced breads",,,,Poland,"Polish: 54% mąka pszenna pełnoziarnista graham, woda, 10,8% mąka pszenna, 5% zakwas pszenny (mąka pszenna, woda), drożdże, sól, gluten pszenny , olej rzepakowy, cukier, ocet spirytusowy.",Gluten,,12,B,4,B,True,True,yes,low,low,low,moderate,1046.0,250.0,2.1,0.4,45.0,1.7,6.9,9.5,1.17,0.468,,,1,8,7,3,0,0,5,3,4,0
https://world.openfoodfacts.org/product/0016000441699/oats-honey-granola-nature-valley,0016000441699,Oats & Honey Granola – Nature Valley,,,Nature Valley,"Plant-based foods and beverages, ,, Plant-based foods, ,, Breakfasts, ,, Cereals and potatoes, ,, Cereals and their products, ,, Breakfast cereals",,,,"France, ,, United States","Whole grain oats, sugar, soy protein isolate , canola oil, honey, molasses, rice starch, soy lecithin , baking soda, salt, natural flavor. vitamin e (mixed tocopherols) added to preserve freshness.",Soybeans,,14,B,4,D,True,True,no,moderate,low,high,low,718.0,415.0,13.4246923076923,0.581118461538461,55.4353230769231,23.0769230769231,6.1848,10.6480153846154,0.214516076923077,,,0.0,2,9,7,2,6,0,1,4,3,0
https://world.openfoodfacts.org/product/0059608001001/english-muffins-oakrun-farm-bakery,0059608001001,English Muffins – Oakrun Farm Bakery – 340 g,340 g,"Plastic, ,, Bag",Oakrun Farm Bakery,"Plant-based foods and beverages, ,, Plant-based foods, ,, Cereals and potatoes, ,, Breads","Low or no salt, ,, Low salt, ,, No cholesterol, ,, fr:Faible en gras, ,, fr:Sans gras trans",Canada,"Ancaster, ,, Ontario",Canada,"enriched wheat flour, water, yeast, glucose-fructose, corn flour, vinegar, wheat gluten, corn meal, salt, soybean oil, propitionate calcium, monoglycerides, calcium phosphate mono acid, fuma-risk, esters, tartaric mono-and diglyc,wrinkles diacetylated, acid nickname, potassium sorbate, calcium carbonate, sulfate of ammonium, calcium silicate, calcium sulphate, amylase, pentosanase","Gluten, Soybeans",fr:peut-contenir-des-traces-de-lait-de-soya-et-ou-sesame,25,B,4,,False,True,yes,low,low,low,moderate,1027.0,245.0,1.75438596,0.526315789473684,45.61403509,0.0,0.0,8.77192982,0.570175438596491,0.228070175438596,,,2,5,3,3,0,0,2,3,0,0
https://world.openfoodfacts.org/product/3160920713163/celliflore-the-vert-elimine-les-graisses,3160920713163,Celliflore Thé Vert élimine Les Graisses,,,Celliflore,Beverages,,,,France,"French: Maté : 33%, Orthosiphon : 33%, Guarana : 17%, Arôme mangue : 8%, Arôme passion : 4%, Thé vert : 1%, Reine des prés 1%,Queut Kola : 1%, Mangue : 1%.",,,9,B,4,,True,True,yes,low,low,low,low,4.0,1.0,0.0,0.0,0.0,0.0,0.0,0.0,0.0,0.0,,,0,0,0,0,0,0,0,0,0,0
https://world.openfoodfacts.org/product/3162050018163/amandes-california-blanches-effilees-sainte-lucie,3162050018163,AMANDES CALIFORNIA BLANCHES EFFILEES – Sainte Lucie – 125 g,125 g,"Plastic, ,, Bag",Sainte Lucie,"Plant-based foods and beverages, ,, Plant-based foods, ,, Nuts and their products, ,, Nuts, ,, Almonds, ,, Almond flakes","100% natural, ,, Nutriscore, ,, Nutriscore Grade A",,,France,French: Amandes effilées 100 %.,Nuts,"Eggs, Gluten, Milk, Nuts, Soybeans",1,B,1,E,True,True,yes,high,moderate,low,low,2537.0,612.0,52.9,4.27,5.6,4.0,,28.5,0.001,0.0004,,,-5,2,7,,1,,0,7,0,0
https://world.openfoodfacts.org/product/3250390104896/sardines-a-la-tomate-3x69g-1-10-intermarche,3250390104896,Sardines à la tomate 3x69g (1/10) – Intermarché – 207 g,207 g,"Metal, ,, Canned","Intermarché, ,, Odyssée","Seafood, ,, Fishes and their products, ,, Canned foods, ,, Fishes, ,, Fatty fishes, ,, Canned fishes, ,, Sardines, ,, Canned sardines, ,, Sardines in oil, ,, Sardines in sunflower oil, ,, Sardines in tomato sauce, ,, fr:Autres produits","Distributor labels, ,, Nutriscore, ,, fr:Sélection Intermarché","poisson, zone de peche : FAO 3.4 Atlantique Centre-Est.",,France,"French: Sardines (Sardina pilchardus), eau, concentré de tomate (8,5%), huile de tournesol, sel.",Fish,,6,B,3,E,True,False,no,moderate,moderate,low,moderate,753.0,181.0,11.1,3.1,0.5,0.0,0.5,19.4,0.79,0.316,,,1,8,7,2,0,3,3,7,0,0
https://world.openfoodfacts.org/product/4260026430373/weidemilch-joghurt-mild-glaserne-molkerei,4260026430373,Weidemilch Joghurt Mild – Gläserne Molkerei – 500 g,500 g,,Gläserne Molkerei,"Dairies, ,, Fermented foods, ,, Fermented milk products, ,, Desserts, ,, Dairy desserts, ,, Fermented dairy desserts, ,, Yogurts","Organic, ,, Biodynamic agriculture, ,, Demeter",,,Germany,German: Joghurt,Milk,,1,B,1,A,True,True,no,moderate,moderate,moderate,low,330.0,79.0,3.8,2.5,5.4,5.4,,4.9,0.15,0.06,,,1,3,2,0,1,2,0,2,0,0
https://world.openfoodfacts.org/product/5410046010720/compote-de-pommes-sans-sucres-ajoutes-materne,5410046010720,Compote De Pommes Sans Sucres Ajoutés – Materne – 570 g,570 g,Jar,Materne,"Plant-based foods and beverages, ,, Plant-based foods, ,, Fruits and vegetables based foods, ,, Desserts, ,, Fruits based foods, ,, Compotes, ,, Apple compotes","Low or no sugar, ,, No added sugar",,,"Belgium, ,, France","French: Pommes épluchées et étrognée (95%), correcteur d'acidité: acide citrique, antioxydant acide ascorbique",,,4,B,1,A,False,True,yes,low,low,moderate,low,150.0,36.0,0.5,0.1,9.0,8.0,1.0,0.5,0.01,0.004,,,2,2,0,0,2,0,0,0,0,0
https://world.openfoodfacts.org/product/8412276319755/salade-variete-iceberg-categorie-1-bouquet,8412276319755,"Salade, Variété Iceberg, Catégorie 1 – Bouquet",,,Bouquet,"Plant-based foods and beverages, ,, Plant-based foods, ,, Legumes and their products, ,, Legumes, ,, Seeds, ,, Legume seeds, ,, Pulses",,,,"France, ,, Spain",,,,,B,,,,,,low,low,low,low,59.0,14.0,0.5,0.01,1.03,0.6,1.8,1.13,5.8e-05,2.3e-05,,,0,0,0,,0,,0,0,0,0
https://world.openfoodfacts.org/product/8001440300110/mais-italiano-cotto-a-vapore-valfrutta,8001440300110,Mais italiano Cotto a vapore – Valfrutta – 3 x 160 g,3 x 160 g,,Valfrutta,"Plant-based foods and beverages, ,, Plant-based foods, ,, Fruits and vegetables based foods, ,, Canned foods, ,, Cereals and potatoes, ,, Seeds, ,, Vegetables based foods, ,, Canned plant-based foods, ,, Cereals and their products, ,, Canned vegetables, ,, Cereal grains, ,, Canned cereals, ,, Corn, ,, Canned corn, ,, Canned sweet corn","Vegetarian, ,, No preservatives, ,, Vegan, ,, No added sugar, ,, Veganok",Italy,"Conserve Italia Soc. Coop. Agricola, ,, Strada Castellana 1599 - 29010 - Lusurasco di Alseno (PC), ,, italia","Germany, ,, Italy","Italian: Mais dolce, acqua, sale",,,3,B,3,A,True,True,yes,low,low,moderate,moderate,349.0,83.0,1.8,0.4,12.2,6.3,3.9,2.6,0.8,0.32,,85.4524627720504,1,7,6,,1,,3,,1,5
https://world.openfoodfacts.org/product/8411495115346/arroz-basmati-brajma-nomen,8411495115346,Arroz basmati brajma – Nomen – 1 kg,1 kg,,Nomen,"Plant-based foods and beverages, ,, Plant-based foods, ,, Cereals and potatoes, ,, Seeds, ,, Cereals and their products, ,, Cereal grains, ,, Rices, ,, Aromatic rices, ,, Indica rices, ,, Long grain rices, ,, Basmati rices",,,,Spain,,,,,B,,,,,,low,low,low,low,1623.0,388.0,0.5,0.1,87.3,0.1,1.1,8.2,0.0,0.0,,,-1,2,3,,0,,0,3,0,0
https://world.openfoodfacts.org/product/8410010009689/aceite-de-oliva-suave-0-4-carbonell,8410010009689,"Aceite de oliva suave 0,4º – Carbonell",,,Carbonell,"Plant-based foods and beverages, ,, Plant-based foods, ,, Fats, ,, Vegetable fats, ,, Olive tree products, ,, Vegetable oils, ,, Olive oils, ,, Virgin olive oils",Green Dot,,,"France, ,, Spain","Spanish: Aceite de oliva refinado, aceite de oliva virgen.",,,2,B,2,E,True,True,yes,high,high,low,low,3700.0,900.0,100.0,16.0,0.0,0.0,,0.0,0.0,0.0,,,1,6,5,,0,,0,0,0,5
https://world.openfoodfacts.org/product/8718300882319/nuggets-vegetaliennes-vivera,8718300882319,Nuggets végétaliennes – Vivera – 200 g,200 g,,Vivera,"Vegan products, ,, Meat alternatives, ,, Breaded products, ,, Meat analogues, ,, Vegetarian nuggets, ,, Meat analogues from soy or wheat proteins, ,, Vegan nuggets","Vegetarian, ,, Vegan",,,Belgium,"Dutch: 60% gehydrateerde plantaardige eiwitten (water, 16% SOJA -EIWIT, 1% TARWE -EIWIT), cornflakes (mais, suiker, zout, GERSTEMOUTEXTRACT), plantaardige oliën (zonnebloem, raapzaad, soja in wisselende verhoudingen), water, azijn, zetmeel (bevat TARWE ), verdikkingsmiddel (methylcellulose), natuurlijke aroma's, TARWEBLOEM , verlaagd natrium zout, ui, aardappelvezels, gedroogde glucosestroop, zout, dextrose, gistextract, conserveermiddel (natriumdiacetaat), komijnzaad, specerijextract, kruidenextract, ijzer, vitamine B12. Allergenen: Kan sporen bevatten van ei en melk .","Eggs, Gluten, Soybeans",Milk,29,B,4,C,True,True,yes,moderate,low,low,moderate,924.0,221.0,6.0,0.7,24.0,2.5,4.5,16.0,1.5,0.6,,,1,9,8,2,0,0,7,6,2,0
https://world.openfoodfacts.org/product/3350033714854/bio-eau-de-coco-monoprix-bio,3350033714854,Bio eau de coco – MONOPRIX BIO ! – 1 L,1 L,fr:Brique en carton,MONOPRIX BIO !,"Beverages and beverages preparations, ,, Plant-based foods and beverages, ,, Beverages, ,, Frozen foods, ,, Plant-based beverages, ,, Coconut waters","Organic, ,, EU Organic, ,, FR-BIO-01, ,, FSC, ,, FSC Mix, ,, Green Dot, ,, AB Agriculture Biologique",,,France,French: Eau de coco issue de l'agriculture biologique.,,,1,B,1,C,True,True,yes,low,low,low,low,49.0,12.0,0.0,0.0,2.9,1.8,,0.0,0.08,0.032,,,-4,2,6,1,1,0,0,0,0,6
https://world.openfoodfacts.org/product/00631419/baked-beans-pork-sausages-by-sainsbury-s-sainsburys-sainsbury-s,00631419,Baked Beans & Pork Sausages by Sainsbury's – Sainsburys Sainsbury's,,,Sainsburys Sainsbury's,"Plant-based foods and beverages, ,, Plant-based foods, ,, Prepared vegetables, ,, Baked beans in tomato sauce, ,, Baked beans and pork sausages in tomato sauce",,,,United Kingdom,"Haricot Beans (40%), Tomatoes (32%), Sausages (16%) (Pork Water, Fortified Wheat Flour ( Wheat Flour , Calcium Carbonate, Iron, Niacin Thiamin), Pork Fat, Potato Starch, Salt, Lactose (Cows' Milk), Stabiliser Diphosphates, Beef Casing, Yeast Extract, Pepper Extract, Sage Extract, Nutmeg Extract, Mace Extract, Cayenne Extract, Ginger Extract, Sunflower Oil), Water, Sugar, Modified Maize Starch, Salt, Onion Powder, Maltodextrin, Paprika Powder 0631419 P0175 03.21 Rapeseed Oil, Flavouring, Paprika Extract. Allergy advice: For allergens, including cereals containing gluten, see ingredients in bold. 1/2 can counts as 1 of your 5 a-day Aim for at least 5 different portions of fruit or vega day. Fresh, frozen, dried, canned and juice all count Source of protein: Protein supports the growth and maintenance of muscle mass. Enjoy as part of a varied and balanced diet and a healthy lifestyle 201","Gluten, Milk",,43,B,4,A,,False,no,moderate,low,low,moderate,502.0,120.0,4.0,1.3,12.9,3.8,,6.2,0.63,0.252,,,2,6,4,1,1,1,3,2,0,2
https://world.openfoodfacts.org/product/3335880004044/pois-casses-prosain,3335880004044,Pois cassés – Prosain – 230 g net égoutté,230 g net égoutté,,Prosain,"Plant-based foods and beverages, ,, Plant-based foods, ,, Legumes and their products, ,, Legumes, ,, Seeds, ,, Legume seeds, ,, Pulses, ,, Cooked pulses, ,, Cooked split peas","Organic, ,, EU Organic, ,, EU Agriculture, ,, FR-BIO-01, ,, French agriculture, ,, AB Agriculture Biologique, ,, Tidy man",France,,France,"French: Pois cassés*, eau, sel de mer. Peut contenir des traces de soja et de gluten . *Ingrédients issus de l'agriculture biologique.",,"Gluten, Soybeans",3,B,3,A,True,True,yes,low,low,low,moderate,540.0,128.0,1.5,0.5,16.3,3.9,7.8,8.5,0.6,0.24,,,0,7,7,,1,,2,,5,2
https://world.openfoodfacts.org/product/6415712506117/taysmaito-kotimaista,6415712506117,Täysmaito – Kotimaista – 1L,1L,,Kotimaista,"Dairies, ,, Milks, ,, Whole milks, ,, Cow milks",,,,Finland,,,,,B,,D,,,,moderate,moderate,low,low,267.0,64.0,3.5,2.0,4.8,4.8,,3.2,0.1,0.04,,,2,9,7,5,3,1,0,7,0,0
https://world.openfoodfacts.org/product/4009077024304/hustenbonbon-johannisbeere-em-eukal,4009077024304,Hustenbonbon Johannisbeere – Em-eukal – 75g,75g,,Em-eukal,"Snacks, ,, Sweet snacks, ,, Confectioneries, ,, Candies",,,,Germany,"German: Süßungsmittel: Isomalt, Maltitsirup; Johannisbeerblätterextrakt; Johannisbeersaftkonzentrat; Vitamin C; natürliche Aromen; Menthol; Eukalyptusöl; gefärbt mit: Hibiskus - extrakt, Traubensaftkonzentrat; Karamell; Säuerungsmittel: Citronensäure, Milchsäure; Feuchthaltemittel: Glycerin; Süßungsmittel: Sucralose. 04.2025 L334785 0g Kann Spuren von Gluten enthalten. Kann bei übermäßigem Verzehr abführend wirken. 2026 Bei lichtgeschützter, trockener und kühler gerung",,Gluten,25,B,4,B,True,True,yes,low,low,low,low,969.0,233.0,0.0,0.0,94.0,0.5,,0.0,0.0,0.0,,,2,2,0,2,0,0,0,0,0,0
https://world.openfoodfacts.org/product/5400141368390/noix-du-bresil-boni,5400141368390,Noix du Brésil – Boni,,,Boni,"Plant-based foods and beverages, ,, Plant-based foods, ,, Nuts and their products, ,, Nuts, ,, Brazil nuts",Nutriscore,,,Belgium,,,,,B,,E,,,,high,high,low,low,2864.0,684.0,66.0,15.0,4.8,2.3,7.5,14.0,0.01,0.004,,,2,7,5,,0,,0,,5,0
https://world.openfoodfacts.org/product/8906032016571/soya-chunks-nutrela,8906032016571,Soya Chunks – Nutrela – 220g,220g,,Nutrela,"Plant-based foods and beverages, ,, Plant-based foods, ,, Fats, ,, Vegetable fats, ,, Vegetable oils, ,, Palm oils, ,, Added sugar, ,, Red 4, ,, Saturated fat, ,, Trans fat, ,, Edible oil, ,, Palmoline oil",,,,"India, ,, Senegal",,,,,B,2,D,,,,low,low,moderate,low,1481.0,354.0,0.82,0.19,33.5,7.18,,53.19,0.02,0.008,,,-2,5,7,,2,,0,7,0,0
https://world.openfoodfacts.org/product/3257987054503/lait-d-amande-cora,3257987054503,Lait d'amande – Cora,,,"Cora, ,, Nature Bio","Plant-based foods and beverages, ,, Beverages, ,, Plant-based foods, ,, Dairy substitutes, ,, Milk substitutes, ,, Nuts and their products, ,, Plant-based beverages, ,, Plant-based milk alternatives, ,, Nut-based drinks, ,, Almond-based drinks","Organic, ,, EU Organic, ,, FR-BIO-01, ,, No added sugar, ,, AB Agriculture Biologique",,,France,,,,,B,,A,,,,moderate,low,low,low,104.0,25.0,1.7,0.2,1.7,0.5,,0.7,0.1,0.04,,,2,2,0,2,0,0,0,0,0,0
https://world.openfoodfacts.org/product/3701002906105/oeufs-frais-biologiques,3701002906105,Œufs frais biologiques – 12 pcs,12 pcs,,,"Farming products, ,, Eggs, ,, Chicken eggs, ,, Fresh eggs, ,, Variable-size-eggs-by-batch","Organic, ,, EU Organic, ,, AB Agriculture Biologique",,,France,,,,,B,,C,,,,moderate,moderate,low,moderate,585.0,140.0,9.83,2.64,0.27,0.27,0.0,12.7,0.775,0.31,,,1,6,5,1,0,2,3,5,0,0
https://world.openfoodfacts.org/product/8710522987407/risotteria-pescatora-knorr,8710522987407,Risotteria pescatora – Knorr – 175g,175g,,Knorr,"Meals, ,, Meals with fish, ,, Microwave meals, ,, it:Minestre disidratate",it:Risotteria pescatora,,,"France, ,, Italy","Italian: Riso parboiled 184,6%, purea di pomodori in polvere', cipolle in polvere', sale iodato, farina di FRUMENTO , estratto di CALAMARI in polvere (amido di tapioca, CALAMARI, sale) 1,1%, GAMBERETTI 1%, estratto di lievito, MERLUZZO in polvere 0,75%, pomodori 10,6%, aglio 10,6%, olio extravergine d'oliva, grasso di palma, CALAMARI 0,3%, aromi, prezzemolo 10,2%, sale, sciroppo di glucosio, pepe, proteine del LATTE . Può contenere altri cereali contenenti glutine, uova , sedano , senape e soia . 1 da agricoltura sostenibile","Celery, Eggs, Gluten, Milk, Molluscs, Mustard","Celery, Eggs, Mustard, Soybeans",29,B,4,,False,False,no,low,low,low,moderate,457.1,109.0,0.5,0.2,23.0,0.7,1.32,2.8,0.6,0.24,,31.4,2,3,1,1,0,0,2,1,0,0
https://world.openfoodfacts.org/product/3083681131703/haricots-verts-beurre-vapeur-4-4-bonduelle,3083681131703,Haricots verts & beurre Vapeur 4/4 – Bonduelle – 440 g,440 g,,Bonduelle,"Plant-based foods and beverages, ,, Plant-based foods, ,, Fruits and vegetables based foods, ,, Legumes and their products, ,, Vegetable-based foods and beverages, ,, Canned foods, ,, Legumes, ,, Vegetables based foods, ,, Canned plant-based foods, ,, Vegetables, ,, Canned vegetables, ,, Green beans, ,, Canned legumes, ,, Canned green beans, ,, Vegetables - Prepared/Processed (Shelf Stable)","Vegetarian, ,, No preservatives, ,, Vegan, ,, Nutriscore, ,, Nutriscore Grade A",,France,France,"Extra-fine green and wax beens in variable proportion, water, salt, antioxidant: ascorbic acid (or E300)",,,7,B,3,B,True,True,yes,low,low,low,moderate,102.0,24.0,0.1,0.1,2.6,0.5,2.9,1.8,0.76,0.304,,,1,3,2,0,0,0,3,0,0,2
https://world.openfoodfacts.org/product/5056357902844/maltesers-milk,5056357902844,Maltesers Milk,,,Maltesers,"Snacks, ,, Sweet snacks",,,,"France, ,, Morocco",,,,,B,,,,,,low,low,moderate,low,251.0,60.0,2.0,1.3,7.4,6.5,0.0,3.2,0.27,0.108,,,2,3,1,0,1,1,1,1,0,0
https://world.openfoodfacts.org/product/4025839003035/fettarme-h-milch-milchwolke,4025839003035,Fettarme H-Milch – Milchwolke – 1l,1l,,Milchwolke,"Beverages and beverages preparations, ,, Beverages, ,, Dairies, ,, Milks (liquid and powder), ,, Milks, ,, Homogenized milks, ,, Pasteurised products, ,, Semi-skimmed milks, ,, UHT Milks",,,,Germany,milk,Milk,,1,B,1,D,True,True,no,moderate,moderate,moderate,low,197.0,47.0,1.5,0.9,4.9,4.9,0.0,3.4,0.1,0.04,,,-1,6,7,3,3,0,0,7,0,0
https://world.openfoodfacts.org/product/3374270810032/yaourt-nature-brasse-ferme-des-peupliers,3374270810032,Yaourt nature brasse – Ferme Des Peupliers – 500 g,500 g,,Ferme Des Peupliers,"Dairies, ,, Fermented foods, ,, Fermented milk products, ,, Desserts, ,, Dairy desserts, ,, Fermented dairy desserts, ,, Yogurts, ,, Plain fermented dairy desserts, ,, Plain yogurts",,,,France,"French: Lait entier de Normandie pasteurisé issu d'une exploitation Haute Valeur Environnementale et d'animaux nourris sans OGM (<0,9%) - Pouder de lait écrémé - Ferments lactiques (contient du lait ).",Milk,,3,B,,B,False,True,yes,moderate,moderate,low,low,278.000005006788,66.0,3.7000000476837,2.4000000953674,4.4000000953674,4.4000000953674,,3.9000000953674,0.2,0.08,,0.0,2,3,1,0,1,2,0,1,0,0
https://world.openfoodfacts.org/product/4025500281106/yogurt-bianco-zero-grassi-muller,4025500281106,Yogurt Bianco zero % grassi – Müller,,,Müller,"Dairies, ,, Fermented foods, ,, Fermented milk products, ,, Desserts, ,, Dairy desserts, ,, Fermented dairy desserts, ,, Yogurts",,,,Italy,,,,,B,,B,,,,low,low,moderate,low,302.0,71.0,0.1,0.1,11.8,11.8,,5.6,0.18,0.072,,,1,3,2,0,3,0,0,2,0,0
https://world.openfoodfacts.org/product/9120051673037/hummus-kichererbsen-olivenol,9120051673037,Hummus Kichererbsen & Olivenöl,,,,"Plant-based foods and beverages, ,, Plant-based foods, ,, Condiments, ,, Spreads, ,, Plant-based spreads, ,, Salted spreads, ,, Sauces, ,, Dips, ,, Hummus",,,,Switzerland,,,,,B,,B,,,,moderate,moderate,low,moderate,794.0,190.0,12.0,2.2,8.6,1.2,6.9,8.4,1.1,0.44,,,2,9,7,2,0,2,5,3,4,0
https://world.openfoodfacts.org/product/5410153144516/petits-pois-tres-fins-et-jeunes-carottes,5410153144516,Petits pois très fins et jeunes carottes,,,,"Plant-based foods and beverages, ,, Plant-based foods, ,, Fruits and vegetables based foods, ,, Canned foods, ,, Vegetables based foods, ,, Canned plant-based foods, ,, Canned vegetables, ,, Canned peas and carrots",,,,"France, ,, United Kingdom",,,,,B,,A,,,,low,low,low,moderate,196.0,47.0,0.2,0.1,7.2,2.8,4.0,2.2,0.5,0.2,,,1,2,1,0,0,0,2,0,1,0
https://world.openfoodfacts.org/product/3350033923737/coulis-de-tomates-monoprix,3350033923737,Coulis de tomates – Monoprix,,,Monoprix,"Plant-based foods and beverages, ,, Plant-based foods, ,, Fruits and vegetables based foods, ,, Vegetables based foods, ,, Tomatoes and their products, ,, Strained tomatoes","Low or no salt, ,, No added salt",,,France,,,,,B,,A,,,,low,low,moderate,low,171.0,41.0,0.0,0.0,7.4,5.3,1.9,2.0,0.05,0.02,,,1,1,0,0,1,0,0,0,0,0
https://world.openfoodfacts.org/product/6111245000176/farine-ble-dur,6111245000176,Farine blé dur –,,,,"Plant-based foods and beverages, ,, Plant-based foods, ,, Cereals and potatoes, ,, Cereals and their products, ,, Flours, ,, Cereal flours, ,, Wheat flours, ,, Durum wheat flours",,,,"France, ,, Morocco",,,,,B,,A,,,,low,low,low,low,1443.0,345.0,0.6,0.0,71.7,1.9,0.0,9.0,0.12,0.048,,,1,4,3,4,0,0,0,3,0,0
https://world.openfoodfacts.org/product/4088600168760/vermicelli-rice-noodles-asia-specialities,4088600168760,Vermicelli rice noodles – Asia Specialities,,,Asia Specialities,"Plant-based foods and beverages, ,, Plant-based foods, ,, Pastas, ,, Noodles, ,, Vermicelli Rice Noodles",,,,United Kingdom,,,,,B,,,,,,low,low,low,low,384.455958549223,90.0,0.103626943005181,0.0518134715025907,20.4663212435233,0.0,0.414507772020725,1.70984455958549,0.152849740932642,0.061139896373057,,,1,1,0,1,0,0,0,0,0,0
https://world.openfoodfacts.org/product/2006050122875/panes-de-cabillaud-loc-maree,2006050122875,Panés De Cabillaud – Loc Marée – 200g,200g,,Loc Marée,"Seafood, ,, Fishes and their products, ,, Fishes, ,, Fish preparations, ,, Breaded products, ,, Breaded fish, ,, Breaded cod fish","Sustainable, ,, Sustainable fishery, ,, Nutriscore, ,, Nutriscore Grade A, ,, Sustainable Seafood MSC",,,France,,,,,B,,E,,,,moderate,low,low,moderate,895.0,214.0,11.0,1.2,18.0,0.7,2.1,11.0,0.67,0.268,,,2,6,4,2,0,1,3,4,0,0
https://world.openfoodfacts.org/product/3660088177017/ma-salade-thon-germon-tian-de-legumes-au-vinaigre-de-xeres-la-belle-iloise,3660088177017,"Ma salade thon germon, tian de légumes au vinaigre de Xerès – la belle iloise – 175g",175g,,la belle iloise,"Meals, ,, Prepared salads, ,, Meals with fish, ,, Salads with fish, ,, Tuna salads, ,, Tuna and vegetable salads, ,, Canned prepared mixed tuna and vegetable salad",Triman,,,France,,,,,B,,E,,,,moderate,moderate,low,moderate,551.0,132.0,7.8,1.6,7.7,3.0,,8.2,0.7,0.28,,,2,5,3,1,0,1,3,3,0,0
https://world.openfoodfacts.org/product/5941238013798/m%C4%83rg%C4%83le-de-branz%C4%83-cu-smantan%C4%83-hochland,5941238013798,Mărgăle de brânză cu smântână – Hochland – 180 g,180 g,,Hochland,"Dairies, ,, Fermented foods, ,, Fermented milk products, ,, Cheeses, ,, Desserts, ,, Spreads, ,, Dairy desserts, ,, Salted spreads, ,, Spreadable fats, ,, Cheese spreads, ,, Lactose-free cheeses, ,, ru:зернёный-творог-безлактозный",Green Dot,,,Romania,"Romanian: Lapte de vacă degresat pasteurizat, smântână pasteurizată 9%, sare, zile dupa declise lactază, culturi lactice, cheag microbian. deschidere. Informații nutriționale Valoare energetică: Grăsimi Per 100 g 420 kJ/ 100 kcal - din care acizi graşi saturaţi Glucide - din care zaharuri Proteine Sare *Conţinut de lactoză <0,1g/100 g Bogat în proteine. 4,0 g 2,7 g 3,5g 3,5 g 12,5 g 0,8 g Expiră la data de vezi pe capac",Milk,,14,B,,D,False,True,no,moderate,moderate,low,moderate,420.0,100.0,4.0,2.7,0.0,0.0,0.0,12.5,0.8,0.32,0.0,,1,6,5,1,0,2,3,5,0,0
https://world.openfoodfacts.org/product/7622201748234/tuc-bake-rolls-sea-salt,7622201748234,TUC Bake Rolls sea salt,,,Tuc,"Plant-based foods and beverages, ,, Plant-based foods, ,, Snacks, ,, Cereals and potatoes, ,, Salty snacks, ,, Appetizers, ,, Biscuits and crackers, ,, Chips and fries, ,, Crisps, ,, Potato crisps, ,, Crackers (Appetizers), ,, Flavoured potato crisps, ,, Salt and pepper crisps",,,,Belgium,"wheat flour , sunflower oil 13 %, wheat gluten, sugar, iodized sea salt 1.4 %, yeast, emulsifier (sodium stearoyl lactate), broad bean flour, flour treatment agents (l-cysteine, ascorbic acid), wheat starch",Gluten,,13,B,4,B,True,True,yes,moderate,moderate,low,low,1869.4,440.0,15.0,1.5,63.0,3.3,2.8,13.0,0.00375,0.0015,,0.0,1,6,5,5,0,1,0,5,0,0
https://world.openfoodfacts.org/product/3250393434365/sandwich-club-duo-thon-crudites-pain-complet-145g-monique-ranou,3250393434365,Sandwich club Duo thon crudités - Pain complet - 145g – Monique ranou – 145 g,145 g,,Monique ranou,"Sandwiches, ,, Fish sandwiches","Nutriscore, ,, Nutriscore Grade A",,,France,"French: Pain de mie à la farine complète* 55.2% (farine de blé 20.2%, farine complète de blé 16.5%, eau, huile de colza, sel, gluten de blé , levure, vinaigred'alcool), thon listao au naturel 17.2%(thon listao, eau, sel), mayonnaiseallégée en matières grasses 13.8% [eau, huile de colza, amidon, moutarde (eau, graines de moutarde , vinaigre d'alcool, sel), jaune d'œuf , vinaigre d'alcool,sucre, sel, épaississant : gomme guar], salade 6.9%, tomate* 6.9%. Pourcentages exprimés sur le produit net total. Peut contenir : lait , crustacés , céleri , graines de sésame , lupin , soja , fruits à coque etmollusques.*Ingrédients décongelés, ne pas congeler**Mayonnaise allégée en matières grasses d'au moins 30% par rapport à une mayonnaise classique.","Eggs, Fish, Gluten, Mustard","Celery, Crustaceans, Lupin, Milk, Sesame seeds, Soybeans",32,B,4,,False,False,no,moderate,low,low,moderate,802.0,190.0,4.7,0.4,26.0,2.4,3.7,9.2,0.95,0.38,,,2,6,4,2,0,0,4,3,1,0
https://world.openfoodfacts.org/product/4061462578465/gnocchi-cucina,4061462578465,gnocchi – Cucina – 500g,500g,,Cucina,"Plant-based foods and beverages, ,, Plant-based foods, ,, Cereals and potatoes, ,, Pastas, ,, Potatoes and their products, ,, Gnocchi, ,, Potato gnocchi",,Italy,,United Kingdom,"REHYDRATED POTATO (80%) (Water, Potato Flakes), Wheat Flour , Potato Starch, Rice Flour, Salt, Acidity Regulator: Lactic Acid, Preservative: Potassium Sorbate; Flavouring. ALLERGY ADVICE: For allergens, see ingredients in bold. May also contain egg , milk , mustard and soya . DIETARY ADVICE: Suitable for vegetarians. 500ge TYPICAL VA (cooked) Energy Fat of which sat Carbohydrat of which sug Fibre Protein Salt",Gluten,"Eggs, Milk, Mustard, Soybeans",12,B,4,A,True,,maybe,low,low,low,moderate,729.0,174.0,0.48,0.08,36.32,0.08,1.44,5.12,0.448,0.1792,,,2,4,2,2,0,0,2,2,0,0
https://world.openfoodfacts.org/product/0858176002270/peach-mango-sports-drink-bodyarmor,0858176002270,Peach Mango Sports Drink – BodyArmor,,,BodyArmor,"Beverages, ,, Sweetened beverages",No gluten,,,United States,"filtered water, erythritol, pure cane sugar, coconut water concentrate, citric acid, dipotassium phosphate (electrolyte), ascorbic acid (vitamin c), gum arabic, magnesium oxide (electrolyte), vegetable juice concentrate (color), natural peach mango flavor with other natural flavors, stevia rebaudiana leaf extract, calcium d-pantothenate (vitamin b5), niacinamide (vitamin b3), alpha-tocopheryl acetate (vitamin e), ester gum, zinc oxide (electrolyte), pyridoxine hydrochloride (vitamin b6), guar gum, vitamin a palmitate (vitamin a), folic acid (vitamin b9), beta-apo-8'carotenal (color), cyanocobalamin (vitamin b12)",,,35,B,4,,True,True,yes,low,,low,low,17.0,4.0,0.0,,1.0599910394,0.423094805359483,,0.0,0.0158502049959846,0.00634008199839385,,,0,0,0,0,0,0,0,0,0,0
https://world.openfoodfacts.org/product/4056489939498/laktosefrei-fettarme-milch-milbona,4056489939498,Laktosefrei fettarme Milch – Milbona – 1l,1l,,Milbona,"Dairies, ,, Milks (liquid and powder), ,, Milks, ,, Lactose-free milk","No GMOs, ,, Haltungsform, ,, Ohne Gentechnik, ,, No lactose, ,, Nutriscore, ,, Nutriscore Grade B, ,, de:Dlg-tierwohl-3, ,, de:Haltungsform-3-außenklima, ,, de:Qualität aus Deutschland",,,Germany,"German: Fettarme Milch, Laktase",Milk,,2,B,1,D,True,,no,low,low,low,low,195.0,46.0,1.5,1.0,4.8,4.8,,3.4,0.13,0.052,,,-1,6,7,3,3,0,0,7,0,0
https://world.openfoodfacts.org/product/5016805010385/sticky-rice-veetee,5016805010385,Sticky Rice – VEETEE – 300 g,300 g,,VEETEE,"Plant-based foods and beverages, ,, Plant-based foods, ,, Cereals and potatoes, ,, Seeds, ,, Cereals and their products, ,, Cereal grains, ,, Rices, ,, Glutinous rices",,,,United Kingdom,"Steamed Short Grain Rice (97%), Sunflower Oil, Acidity Regulator: Glucono delta-lactone, Sugar, Salt. 5 016805 010385""> For cooking instructions & additional information PEEL",,,7,B,3,D,True,True,yes,low,low,low,low,635.0,152.0,1.8,0.2,31.7,0.0,,2.3,0.0975,0.039,,,1,1,0,,0,,0,0,0,0
https://world.openfoodfacts.org/product/0017400106751/extra-long-enriched-rice-mahatma,0017400106751,Extra Long Enriched Rice – Mahatma – 32 oz,32 oz,,Mahatma,"Plant-based foods and beverages, ,, Plant-based foods, ,, Cereals and potatoes, ,, Seeds, ,, Cereals and their products, ,, Cereal grains, ,, Rices","No gluten, ,, No GMOs, ,, Non GMO project",,,"United States, ,, World","Enriched long grain rice [rice, niacin, iron (ferric orthophosphate), thiamin (thiamin mononitrate), folic acid].",,,8,B,1,D,True,,maybe,low,low,low,low,1491.11111111111,355.0,0.0,0.0,80.0,0.0,2.22222222222222,6.66666666666667,0.0,0.0,,0.0,-2,0,2,,0,,0,2,0,0
https://world.openfoodfacts.org/product/3250391449439/bocal-dessert-de-pommes-avec-morceaux-netto,3250391449439,BOCAL DESSERT de pommes avec morceaux – Netto – 580 g,580 g,fr:Bocal en verre,Netto,"Plant-based foods and beverages, ,, Plant-based foods, ,, Fruits and vegetables based foods, ,, Desserts, ,, Fruits based foods, ,, Fruits desserts, ,, fr:Alimentos de origen vegetal, ,, fr:Alimentos y bebidas de origen vegetal, ,, fr:Compotas, ,, fr:Compotas de manzana, ,, fr:Frutas y sus productos, ,, fr:Frutas y verduras y sus productos, ,, fr:Postres",,,,France,"French: Pommes (88.6%), sucre, antioxydant: acide ascorbique.",,,4,B,3,A,True,True,yes,low,low,high,low,394.0,93.0,0.0,0.0,23.0,21.0,0.4,0.0,0.02,0.008,,,2,7,5,1,6,0,0,0,0,5
https://world.openfoodfacts.org/product/7311312000545/risnudler-santa-maria,7311312000545,Risnudler – Santa Maria – 180g,180g,,Santa Maria,"Plant-based foods and beverages, ,, Plant-based foods, ,, Pastas, ,, Noodles, ,, Rice noodles",No gluten,,,"Germany, ,, Lithuania, ,, United States","Ris (95%), tapiocastivelse.",,,2,B,,,False,True,yes,low,low,low,low,1472.98,358.0,0.55,0.15,78.86,0.0,1.57,5.85,0.1,0.04,,0.0,2,4,2,4,0,0,0,2,0,0
https://world.openfoodfacts.org/product/20432843/piselli-lessati-freshona,20432843,Piselli lessati – Freshona – 600g,600g,,Freshona,"Plant-based foods and beverages, ,, Plant-based foods, ,, Fruits and vegetables based foods, ,, Legumes and their products, ,, Vegetable-based foods and beverages, ,, Canned foods, ,, Legumes, ,, Vegetables based foods, ,, Canned plant-based foods, ,, Vegetables, ,, Canned vegetables, ,, Canned legumes, ,, Green peas, ,, Canned peas",,,,Germany,"German: Gemüseerbsen, Wasser, Speisesalz.",,,3,B,3,B,False,True,yes,low,low,low,moderate,263.0,59.0,0.6,0.1,7.2,1.6,,4.6,0.55,0.22,0.0,0.0,1,2,1,0,0,0,2,1,0,0
https://world.openfoodfacts.org/product/8006040481023/zero-zuccheri-cocco-valsoia,8006040481023,ZERO ZUCCHERI COCCO – Valsoia,,,Valsoia,"Beverages and beverages preparations, ,, Plant-based foods and beverages, ,, Beverages, ,, Dairy substitutes, ,, Milk substitutes, ,, Plant-based beverages, ,, Plant-based milk alternatives, ,, it:Latte surrogato",No lactose,,,Italy,"Water boiled, Coconut oil, Water boiled, Calcium, Gellan gum E418, Gum arabic (acacia gum) E414, Locust bean gum E410, Seasalt without iodine, Natural flavors, Vitamin B12, Vitamin D",,,14,B,4,,True,True,yes,low,moderate,low,low,45.0,11.0,1.1,0.9,0.1,0.0,0.1,0.1,0.1,0.04,,,1,1,0,1,0,0,0,0,0,0
https://world.openfoodfacts.org/product/5060208742930/roasted-fava-beans,5060208742930,Roasted Fava Beans –  – 120 g,120 g,,,"Plant-based foods and beverages, ,, Plant-based foods, ,, Fruits and vegetables based foods, ,, Legumes and their products, ,, Vegetable-based foods and beverages, ,, Legumes, ,, Seeds, ,, Vegetables based foods, ,, Legume seeds, ,, Vegetables, ,, Pulses, ,, Broad beans, ,, Fava beans","No gluten, ,, Vegetarian, ,, Vegan",,,United Kingdom,"Fava Beans, 82.5%, Rapeseed Oil, Seasoning (Rice Flour, Salt, Black Garlic Extract Powder, Dextrose, Onion Powder, Yeast Extract, Garlic Powder, Herbs (rosemary, parsley), Spice (white pepper), Herb Extract, Garlic Oil). May contain traces of nuts , peanuts , sesame or soya.",,"Nuts, Peanuts, Sesame seeds, Soybeans",17,B,4,A,True,True,yes,moderate,low,low,moderate,1651.0,393.0,12.0,1.2,39.0,3.0,14.0,24.0,1.3,0.52,,,-3,7,10,,0,,6,,5,5
https://world.openfoodfacts.org/product/3450971461060/filet-de-maquereaux-a-la-tomate-et-au-basilic,3450971461060,Filet de maquereaux à la tomate et au basilic – 169 g,169 g,,,"Seafood, ,, Fishes and their products, ,, Fishes, ,, Fatty fishes, ,, Fish fillets, ,, Mackerels, ,, Mackerel fillets, ,, Mackerel fillets with tomato and basil","Made in France, ,, Nutriscore, ,, Nutriscore Grade B",,,France,,,,,B,,E,,,,moderate,moderate,low,moderate,598.0,143.0,8.1,2.0,4.6,1.6,0.0,13.0,1.0,0.4,,,1,6,5,1,0,1,4,5,0,0
https://world.openfoodfacts.org/product/4009097010677/sinnack,4009097010677,Sinnack – 4pcs,4pcs,,Sinnack,"Plant-based foods and beverages, ,, Plant-based foods, ,, Cereals and potatoes, ,, Breads, ,, Bread rolls","Vegetarian, ,, Vegan, ,, Nutriscore, ,, Nutriscore Grade A","Germany, ,, de:Bocholt",,Germany,"German: WEIZENMEHL , Wasser, Hefe, Dextrose, GERSTENMALZMEHL , GERSTENMALZEXTRAKT , jodiertes Speisesalz (Speisesalz, Kaliumiodat), Sonnenblumenöl, Säureregulator Natriumacetate",Gluten,,12,B,4,A,True,True,yes,low,low,low,moderate,1011.0,239.0,1.1,0.2,46.0,2.8,6.52361111111111,3.5,1.0,0.4,,0.0,2,7,5,3,0,0,4,1,4,0
https://world.openfoodfacts.org/product/0016229902643/roasted-coconut-juice-foco,0016229902643,Roasted Coconut Juice – Foco – 350 mL,350 mL,,"Foco, ,, Thai Agri Foods Co.  Ltd.","Plant-based foods and beverages, ,, Beverages, ,, Plant-based beverages, ,, Fruit-based beverages, ,, Juices and nectars, ,, Fruit juices, ,, fr:Jus de coco",,,,"France, ,, United States","Roasted coconut juice (80%), water, coconut pulp, sugar, citric acid (e330) as acidity regulators, potassium metabisulphite (e224) as preservative",,,10,B,3,E,True,True,yes,low,low,high,low,131.0,31.0,0.0,0.0,7.7,7.7,,0.0,0.03,0.012,,,2,8,6,2,6,0,0,0,0,6
https://world.openfoodfacts.org/product/0605870000190/multigrain-thin-crispbread-finn-crisp,0605870000190,Multigrain Thin Crispbread – Finn Crisp – 175 g,175 g,,"Finn Crisp, ,, Lantmännen","Plant-based foods and beverages, ,, Plant-based foods, ,, Snacks, ,, Cereals and potatoes, ,, Salty snacks, ,, Appetizers, ,, Biscuits and crackers, ,, Breads, ,, Crackers (Appetizers), ,, Crispbreads","Kosher, ,, No GMOs, ,, Source of fibre, ,, High fibres, ,, Non GMO project, ,, Finland K, ,, Natural ingredients",,Finland,"Canada, ,, World","Whole grain rye flour, Wheat flour , Whole grain oat flour, Whole grain barley flour, Water, Millet, Salt, Yeast.",Gluten,Sesame seeds,8,B,3,B,True,True,yes,low,,low,moderate,1609.0,384.0,0.0,,76.9230769230769,0.0,15.3846153846154,7.69230769230769,1.34615384615385,0.538461538461539,,,2,10,8,4,0,0,6,3,5,0
https://world.openfoodfacts.org/product/3289196260383/cocktail-orange-carotte-citron-vitamont,3289196260383,Cocktail Orange Carotte Citron – Vitamont – 20 cl,20 cl,"fr:Brique en carton, ,, fr:Film en plastique",Vitamont,"Beverages and beverages preparations, ,, Plant-based foods and beverages, ,, Beverages, ,, Plant-based beverages, ,, Juices and nectars, ,, Fruit and vegetable juices","Organic, ,, EU Organic, ,, EU Agriculture, ,, Made in France, ,, AB Agriculture Biologique",,,"France, ,, Switzerland","orange juice (61.5%), carrot juice (38%), lemon concentrate juice (0.5%)",,,3,B,1,,True,True,yes,low,low,high,low,135.0,32.0,0.0,0.0,7.5,7.5,0.5,0.0,0.03,0.012,,,2,8,6,2,6,0,0,0,0,6
https://world.openfoodfacts.org/product/3760034770108/gnocchi-de-pommes-de-terre-la-pasta,3760034770108,Gnocchi de Pommes de Terre – La Pasta – 500 g,500 g,"Plastic, ,, Bag, ,, Fresh","La Pasta, ,, Pietro Castelli","Plant-based foods and beverages, ,, Plant-based foods, ,, Cereals and potatoes, ,, Cereals and their products, ,, Meals, ,, Pasta dishes, ,, Gnocchi, ,, Potato dishes, ,, Potato gnocchi","Green Dot, ,, Made in Italy, ,, Natural flavors, ,, fr:Pommes de terre de l'UE",European Union,Italie,France,"French: Purée de pommes de terre 70% [eau, flocons de pommes de terre déshydratées (pommes de terre, émulsifiant: mono et diglycérides des acides gras, arômes naturels)], farine de froment , amidon de pomme de terre, farine de riz, sel, correcteur d'acidité: acide lactique, conservateur: sorbate de potassium, épices.",Gluten,,16,B,4,A,True,True,yes,low,low,low,moderate,644.0,154.0,0.3,0.1,33.3,0.3,1.3,4.0,0.36,0.144,,,1,2,1,1,0,0,1,1,0,0
https://world.openfoodfacts.org/product/5601286260017/linguine-al-nero-di-seppia-milaneza,5601286260017,LINGUINE AL NERO DI SEPPIA – MILANEZA – 500 g,500 g,pt:1 embalagem de plástico para reciclar no ecoponto amarelo.,MILANEZA,"Plant-based foods and beverages, ,, Plant-based foods, ,, Pastas, ,, Linguine","Green Dot, ,, pt:Ecoponto amarelo",,,Portugal,"Portuguese: Sêmola de trigo duro e tinta de choco (3,5%) (tinta de choco e sal). Pode conter vestígios de ovo , mostarda e leite .","Gluten, Molluscs","Eggs, Milk, Mustard",4,B,3,,True,True,yes,low,low,low,moderate,1489.0,356.0,1.8,0.4,70.0,4.8,4.0,13.0,0.57,0.228,,,1,7,6,4,1,0,2,5,1,0
https://world.openfoodfacts.org/product/6281007032872/fresh-yoghurt-almarai,6281007032872,fresh  yoghurt – Almarai – 500,500,,"Almarai, ,, المراعي","Dairies, ,, Fermented foods, ,, Fermented milk products, ,, Desserts, ,, Dairy desserts, ,, Fermented dairy desserts, ,, Yogurts",,,,France,,,,,B,,B,,,,moderate,moderate,moderate,low,288.1,68.0,3.1,2.1,6.2,6.2,,4.0,0.055,0.022,,,2,3,1,0,1,2,0,1,0,0
https://world.openfoodfacts.org/product/8002333010062/griss-d-or-senza-sale-panealba,8002333010062,GRISS D’OR SENZA SALE – Panealba – 250g,250g,,Panealba,"Plant-based foods and beverages, ,, Plant-based foods, ,, Cereals and potatoes, ,, Breads, ,, Breadsticks",,,"Panealba Srl, ,, Via del Lavoro 22 - 12062 - Cherasco (CN), ,, Italia","France, ,, Italy","Italian: Farina di grano tenero tipo ""0"", olio di oliva 9%, lievito di birra, farina di frumento maltato. Può contenere semi di sesamo , soia e senape .",Gluten,"Mustard, Sesame seeds, Soybeans",4,B,3,B,True,True,yes,moderate,low,low,low,1813.0,433.0,8.2,1.2,75.0,4.1,3.5,13.0,0.008,0.0032,,0.0,1,7,6,5,1,1,0,5,1,0
https://world.openfoodfacts.org/product/8809059292969/nouilles-udon-fine,8809059292969,Nouilles Udon – Fine – 4 * 200 g,4 * 200 g,"Plastic, ,, Bag","Fine, ,, Hosan","Plant-based foods and beverages, ,, Plant-based foods, ,, Cereals and potatoes, ,, Cereals and their products, ,, Pastas, ,, Noodles, ,, Udon, ,, fr:Nouilles japonaises, ,, fr:Nouilles précuites","Halal, ,, No preservatives",,Corée du Sud,France,"French: Farine de blé , sel, eau, phosphate de diamidon,  HydroxyPropylé E1442, régulateur de l’acidité ( eau, E270, E260, E325)",Gluten,,10,B,4,,True,True,yes,low,low,low,moderate,585.0,140.0,0.3,0.0,30.6,0.2,,3.7,0.31,0.124,,,1,2,1,1,0,0,1,1,0,0
https://world.openfoodfacts.org/product/8850521950368/chantaboon-rice-stick-asia-express-food,8850521950368,Chantaboon Rice Stick – Asia Express Food – 400g,400g,,"Asia Express Food, ,, Oriental Food Co","Plant-based foods and beverages, ,, Plant-based foods, ,, Cereals and potatoes, ,, Cereals and their products, ,, Pastas, ,, Noodles, ,, Rice vermicelli, ,, Rice pasta",Green Dot,,,"France, ,, Germany","Rice Flour, Water",,,2,B,1,,True,True,yes,low,low,low,low,1422.0,340.0,0.0,0.0,78.0,2.0,2.0,8.0,0.03,0.012,,,1,4,3,4,0,0,0,3,0,0
https://world.openfoodfacts.org/product/3261055930460/cassoulet-mitonne-lot-familial-william-saurin,3261055930460,"Cassoulet mitonné (lot familial) – William Saurin – 2 * 840 g (1,68 kg)","2 * 840 g (1,68 kg)",Canned,William Saurin,"Canned foods, ,, Meats and their products, ,, Meals, ,, Meals with meat, ,, Bean dishes, ,, Canned meals, ,, Cassoulets","No artificial flavors, ,, No preservatives",European Union,,France,"French: Haricots blancs précuits (33%), eau, saucisses fumées et saucisson (viande et gras de porc, eau, pièce de tête de porc, viande de dinde, farine de BLE , fibres de pois, sel, protéines de SOJA , couenne de porc, gélifiant: E407a, stabilisants: E450, E452, conservateurs: E250, E316, traces de protéines de LAIT ), épaule de porc préparée en salaison (eau, sel, stabilisants : E451, E452, conservateur: E250), saindoux, concentré de tomate, farine de BLE , sel, sucre, arômes naturels, affermissant : chlorure de calcium. Total charcuterie et viande mise en oeuvre : 22%.","Gluten, Soybeans","Gluten, Milk, Soybeans",38,B,4,A,,False,no,moderate,moderate,low,moderate,481.0,115.0,4.7,1.8,8.9,0.6,3.8,7.3,0.81,0.324,,,2,6,4,1,0,1,4,3,1,0
https://world.openfoodfacts.org/product/0078000152401/ginger-ale-canada-dry,0078000152401,Ginger ale – Canada Dry,,,Canada Dry,"Beverages, ,, Carbonated drinks, ,, Sodas, ,, Colas, ,, Cola sodas without caffeine",,,,United States,"carbonated water, high fructose corn syrup, citric acid, sodium benzoate, natural flavors, caramel color",,,6,B,4,,True,,maybe,low,,low,low,27.0,6.0,0.0,,1.72451688166771,1.69070282516442,,0.0,0.00570612203492992,0.00228244881397197,,,1,1,0,0,1,0,0,0,0,0
https://world.openfoodfacts.org/product/4337185279836/k-take-it-veggie-organic-vegetable-oat-cream,4337185279836,K-take it veggie Organic Vegetable Oat Cream – 200 ml,200 ml,,K-take it veggie,"Plant-based foods and beverages, ,, Plant-based foods, ,, Dairy substitutes, ,, Plant-based creams, ,, de:Oat-based cream","Organic, ,, Vegetarian, ,, EU Organic, ,, Vegan, ,, AT-BIO-301, ,, European Vegetarian Union, ,, European Vegetarian Union Vegan",Europe,Austria,"Croatia, ,, Czech Republic, ,, France, ,, Romania, ,, Slovakia","Water, oats* (9%), sunflower oil* (7%), stabilizers (locust bean gum*, guar gum*), sea salt. 

*from controlled organic agriculture",Gluten,"Soybeans, de:shell-fruits, Shell-fruits",7,B,4,,True,True,yes,moderate,low,low,low,400.0,96.0,7.5,0.9,6.2,1.0,0.6,0.7,0.1,0.04,,,1,1,0,1,0,0,0,0,0,0
https://world.openfoodfacts.org/product/4002015003102/riesenbohnen-weiss-krini,4002015003102,Riesenbohnen weiß – Krini – 400 g,400 g,Can,Krini,"Plant-based foods and beverages, ,, Plant-based foods, ,, Legumes and their products, ,, Canned foods, ,, Legumes, ,, Seeds, ,, Canned plant-based foods, ,, Legume seeds, ,, Pulses, ,, Common beans, ,, Canned legumes, ,, White beans, ,, Canned common beans, ,, Canned white common beans",,,Italien,Germany,"German: Weiße Riesenbohnen 60%, Wasser, Salz, Antioxidationsmittel: Ascorbinsäure",,,5,B,3,A,True,True,yes,low,low,low,moderate,446.0,98.0,0.7,0.0,13.0,0.5,,6.0,0.58,0.232,,0.0,0,2,2,,0,,2,2,0,0
https://world.openfoodfacts.org/product/4099200046679/pistacchi-snack-fun,4099200046679,pistacchi – Snack Fun – 250g,250g,,Snack Fun,"Plant-based foods and beverages, ,, Plant-based foods, ,, Nuts and their products, ,, Nuts, ,, Pistachios, ,, Roasted pistachios",,,,"Germany, ,, Switzerland",German: Pistazien .,Nuts,,1,B,1,E,True,True,yes,high,high,moderate,low,2507.0,605.0,49.2,6.3,10.3,5.6,,26.5,0.03,0.012,,,-4,3,7,,1,,0,7,0,0
https://world.openfoodfacts.org/product/5601312009030/feijao-preto-continente,5601312009030,Feijão Preto – CONTINENTE – 260 g (420 g),260 g (420 g),"Metal, ,, Can",CONTINENTE,"Plant-based foods and beverages, ,, Plant-based foods, ,, Legumes and their products, ,, Legumes, ,, Seeds, ,, Legume seeds, ,, Pulses, ,, Common beans, ,, Black beans, ,, Canned black beans","Low or no salt, ,, Low salt, ,, No gluten, ,, Green Dot, ,, pt:Fundação Portuguesa de Cardiologia, ,, pt:Alto teor em proteína, ,, pt:Ecoponto amarelo, ,, pt:Fonte de fibra",,,Portugal,"Portuguese: Feijão Preto, Água, Sal, Ervas Aromáticas e Especiarias.","Soybeans, Sulphur dioxide and sulphites","Lupin, Soybeans, Sulphur dioxide and sulphites",5,B,3,,True,True,yes,low,low,low,low,390.0,90.0,0.9,0.2,10.9,0.7,7.1,6.8,0.26,0.104,,74.61,-4,4,8,,0,,1,2,4,2
https://world.openfoodfacts.org/product/0857335004995/non-dairy-protein-shake-owyn,0857335004995,non-dairy protein shake – OWYN – 12oz,12oz,,OWYN,"Plant-based foods and beverages, ,, Beverages, ,, Plant-based beverages","Vegetarian, ,, Kosher, ,, No GMOs, ,, Vegan, ,, Non GMO project, ,, Orthodox Union Kosher, ,, Vegan Action",,,"Spain, ,, United States, ,, World","Water, owyn protein blend, pea protein, organic pumpkin seed protein, organic flax oil), vegetable fiber, organic cane sugar, sunflower oil, cocoa powder, sunflower lecithin, natural flavors, himalayan pink salt, guar gum, greens blend, broccoli, spinach, kale, monk fruit extract",,,18,B,4,,True,True,yes,moderate,low,low,moderate,213.873907383299,50.0,1.97248662935849,0.28178380419407,2.25427043355256,1.12713521677628,0.84535141258221,5.6356760838814,0.246560828669811,0.0986243314679245,,0.00504387749565893,-1,6,7,4,1,0,1,7,0,0
https://world.openfoodfacts.org/product/00491259/pine-nuts-sainsbury-s,00491259,Pine nuts – Sainsbury's,,Mixed plastic-packet,Sainsbury's,"Plant-based foods and beverages, ,, Plant-based foods, ,, Nuts and their products, ,, Nuts, ,, Pine nuts","Vegetarian, ,, Vegan",,,"Spain, ,, United Kingdom",Pine Nuts,,,1,B,1,D,True,True,yes,high,high,moderate,low,2850.0,689.0,61.7,5.6,13.6,5.2,2.4,18.5,0.03,0.012,,0.0,-5,2,7,,1,,0,7,0,0
https://world.openfoodfacts.org/product/4316268583978/sauerkirschen-beste-ernte,4316268583978,Sauerkirschen – Beste Ernte – 350g,350g,Glass,Beste Ernte,"Plant-based foods and beverages, ,, Plant-based foods, ,, Fruits and vegetables based foods, ,, Canned foods, ,, Desserts, ,, Canned plant-based foods, ,, Fruits based foods, ,, Fruits, ,, Canned fruits, ,, Fruits in syrup, ,, Cherries, ,, Cherries in syrup","Nutriscore, ,, Nutriscore Grade A",,,"France, ,, Germany","German: Sauerkirschen, Wasser, Zucker.",,,3,B,3,,True,True,yes,low,low,high,low,314.0,74.0,0.1,0.0,16.2,15.5,,0.9,0.01,0.004,,,2,4,2,0,4,0,0,0,0,2
https://world.openfoodfacts.org/product/0070177264574/lemon-green-tea-twinings,0070177264574,Lemon green tea – Twinings,,"Card-box, ,, Ldpe-packet",Twinings,"Beverages and beverages preparations, ,, Plant-based foods and beverages, ,, Beverages, ,, Hot beverages, ,, Plant-based beverages, ,, Teas, ,, Green teas",,,,United Kingdom,"Green Tea, Natural Lemon Flavouring with Other Natural Flavourings (10%)",,,2,B,1,A,False,True,yes,,,,,3.0,1.0,0.0,0.0,0.0,0.0,0.0,0.0,0.0,0.0,0.0,,0,0,0,0,0,0,0,0,0,0
https://world.openfoodfacts.org/product/5410106070435/brown-rice-quinoa-bosto,5410106070435,Brown rice quinoa – Bosto,,Bag,Bosto,"Plant-based foods and beverages, ,, Plant-based foods, ,, Cereals and potatoes, ,, Seeds, ,, Cereals and their products, ,, Cereal grains, ,, Rices","Nutriscore, ,, Nutriscore Grade A",,,Belgium,"bosto brown rice quinoa grains-grains a mixture of brown rice, quinoa, barley and wheat a mixture of brown rice, quinoa, barley and wheat ingredients: parboiled brown rice (66%), barley (20%), quinoa (10%), farwe (4%), may contain traces of nuts , ingredients: parboiled brown rice (66%), barley (207), quinoa (10%), wheat (47), may contain fruits with average nutritional values (uncooked)",Gluten,"Gluten, Nuts",19,B,1,E,False,True,yes,moderate,low,low,low,1489.0,356.0,3.2,0.9,69.4,1.7,,8.9,0.0,0.0,,,1,4,3,,0,,0,3,0,0
https://world.openfoodfacts.org/product/5425015408927/buddha-sweet-potato-bowl-foodmaker,5425015408927,Buddha Sweet Potato Bowl – Foodmaker,,,Foodmaker,"Meals, ,, Prepared salads","Vegetarian, ,, Vegan",,,"Belgium, ,, France",,,,,B,,,,True,yes,moderate,low,low,moderate,560.0,134.0,7.2,1.0,11.3,3.5,4.5,4.1,0.4125,0.165,,,1,4,3,1,1,0,2,1,2,0
https://world.openfoodfacts.org/product/8480000260413/alubia-negra-cidacos,8480000260413,Alubia Negra – Cidacos – 260 g (420 g),260 g (420 g),,"Cidacos, ,, Hacendado","Plant-based foods and beverages, ,, Plant-based foods, ,, Legumes and their products, ,, Legumes, ,, Seeds, ,, Legume seeds, ,, Pulses, ,, Common beans, ,, Black beans, ,, Canned black beans",No gluten,,,"Portugal, ,, Spain","Spanish: Alubia negra, agua, sal y potenciador del sabor (glutamato monosódico).",,None,5,B,4,,True,True,yes,low,low,low,moderate,310.0,74.0,0.4,0.1,10.4,0.3,,4.9,0.8,0.32,,,2,6,4,,0,,3,2,0,2
https://world.openfoodfacts.org/product/4020400893015/hustenbonbons-schwarze-johannesbeere-vivil,4020400893015,Hustenbonbons Schwarze Johannesbeere – Vivil – 120g,120g,,Vivil,"Snacks, ,, Sweet snacks, ,, Confectioneries, ,, Candies",Contains a source of phenylalanine,,,Germany,"German: Süßungsmittel: Isomalt, Maltitsirup, Acesulfam-K, Aspartam; Säuerungsmittel: Citronensäure; Aromen, natürliches Aroma, Fruchtsaftkonzentrate: Holunder, schwarze Johannisbeere (0,2%), Moosbeere, Brombeere, Erdbeere, Himbeere, Heidelbeere; Kräuterextrakt (0,2%), Vitamin C, Eukalyptusöl, Menthol. Enthält eine Phenylalaninquelle. Kann bei übermäßigem Verzehr abführend wirken.",,,22,B,4,B,True,True,yes,low,low,low,low,995.0,239.0,0.0,0.0,97.4,0.3,,0.1,0.0,0.0,97.1,,2,2,0,2,0,0,0,0,0,0
https://world.openfoodfacts.org/product/4305615822549/soft-aprikosen-ener-bio,4305615822549,Soft Aprikosen – Ener Bio – 200g,200g,,Ener Bio,"Plant-based foods and beverages, ,, Plant-based foods, ,, Fruits and vegetables based foods, ,, Dried products, ,, Fruits based foods, ,, Dried plant-based foods, ,, Fruits, ,, Dried fruits, ,, Apricots, ,, Dried apricots","Organic, ,, EU Organic, ,, EG-Öko-Verordnung",,,Germany,German: Aprikosen,,,1,B,1,B,True,True,yes,low,low,high,low,983.0,235.0,0.5,0.2,56.0,31.0,6.5,2.2,0.03,0.012,,,1,10,9,2,8,0,0,0,4,5
https://world.openfoodfacts.org/product/4260334163796/chaines-style-poulet-aigre-doux,4260334163796,Chaînes style poulet aigre doux –  – 440 g,440 g,,,fr:poulet aigre doux,"Nutriscore, ,, Nutriscore Grade B",,,France,"French: Riz cuit 41% (eau, riz basmati, riz jasmin, huile de colza), filet de poulet mariné, cuit 13,5% (filet de poulet, amidon, sel, dextrose, huile de soja et/ou huile de graines de coton), eau, poivrons, concentré de tomate, ananas, pousses de bambou, maïs, sucre de canne brut, vinaigre balsamique (vinaigre de vin, moût de raisin concentré), amidon, sauce soja (eau, graines de soja , blé , sel), sel, épices, jus d'ananas concentré, sucre, jus de citron vert concentré, épaissis - sant: gomme de guar, vinaigre d'alcool. Le produit peut contenir des traces de céleri , de lait et d' œuf !","Celery, Gluten, Soybeans","Eggs, Milk",39,B,4,,True,False,no,low,low,low,moderate,449.0,106.0,2.1,0.3,16.5,4.1,0.9,4.9,0.55,0.22,,,2,4,2,1,1,0,2,2,0,0
https://world.openfoodfacts.org/product/0025317225908/chicken-breast-tenders-applegate-naturals,0025317225908,Chicken Breast Tenders – Applegate Naturals – 16 oz,16 oz,,Applegate Naturals,"Meats and their products, ,, Meat preparations, ,, Meats, ,, Chicken and its products, ,, Poultries, ,, Chicken preparations, ,, Chickens, ,, Chicken breasts",No gluten,,,United States,"chicken breast tenders, rice flour, water, tapioca starch, contains less than 2% of the following: corn starch, sea salt, cane sugar, leavening (cream of tartar, sodium bicarbonate), raisin juice concentrate, garlic powder, onion powder, extractives of paprika and turmeric, celery seed, black pepper. breading set in expeller pressed canola oil.",Celery,,19,B,3,E,True,True,yes,moderate,low,low,moderate,846.0,202.0,7.14285714285714,0.595238095238095,19.047619047619,1.19047619047619,0.0,15.4761904761905,1.07142857142857,0.428571428571429,,,1,7,6,2,0,0,5,6,0,0
https://world.openfoodfacts.org/product/4009700042651/fruchtzwerge-weniger-suss-danone,4009700042651,FruchtZwerge weniger süss – Danone – 300 g,300 g,,"Danone, ,, Fruchtzwerge","Dairies, ,, Fermented foods, ,, Fermented milk products, ,, Desserts, ,, Dairy desserts, ,, Fermented dairy desserts, ,, Fermented dairy desserts with fruits, ,, Yogurts, ,, Fruit yogurts","No preservatives, ,, Nutriscore, ,, Nutriscore Grade B",,,Germany,"German: FRISCHKÄSE , RAHM , 6% Kirschpüree[1], 6% Himbeerpüree[2], Pfirsichpüree[3], Wasser, Zucker, modifizierte Maisstärke, Zitronensaftkonzentrat, färbendes schwarzes Karottenkonzentrat[1,3], Karottenkonzentrat[1], Holunderbeerenkonzentrat[2]; Calciumcitrat, Verdickungsmittel Carrageen, natürliches Aroma, Vitamin D. [1]bei Sorte Kirsche, [2]bei Sorte Himbeere, [3]bei Sorte Pfirsich",Milk,,29,B,4,B,False,True,no,low,moderate,moderate,low,361.0,86.0,2.5,1.6,9.6,8.7,,6.3,0.09,0.036,,,2,4,2,1,2,1,0,2,0,0
https://world.openfoodfacts.org/product/3256228675279/100-pur-jus-multifruits-eau-de-coco-bouteille-de-1l-u,3256228675279,100% pur jus multifruits/eau de coco bouteille de 1l – U – 1 l,1 l,,U,"Beverages and beverages preparations, ,, Plant-based foods and beverages, ,, Beverages, ,, Plant-based beverages, ,, Fruit-based beverages, ,, Juices and nectars, ,, Fruit juices, ,, Multifruit juices","Low or no sugar, ,, Low sugar, ,, Reduced sugar, ,, 30% less sugar, ,, Nutriscore, ,, Nutriscore Grade B, ,, Triman, ,, fr:PO",,,France,"French: Eau de coco 35%, jus d'orange 30%, jus d'ananas 13%, purée de pêche 10%, purée de mangue 6%, purée de banane 5%, jus de fruit de la passion 1%.",,,7,B,1,E,True,,maybe,low,low,high,low,145.0,34.0,0.5,0.1,7.9,7.3,0.5,0.5,0.02,0.008,,100.0,2,8,6,2,6,0,0,0,0,6
https://world.openfoodfacts.org/product/3850354017103/lagano-jutro-dukat,3850354017103,Lagano jutro – Dukat,,,Dukat,"Dairies, ,, Milks (liquid and powder), ,, Milks",,,,"Croatia, ,, Italy",,,,,B,,D,,,,low,low,low,low,192.0,46.0,1.5,1.0,4.6,4.6,,3.4,0.12,0.048,,,-1,6,7,3,3,0,0,7,0,0
https://world.openfoodfacts.org/product/5010251345084/soya-unsweetened-1-litre-morrisons,5010251345084,Soya Unsweetened 1 Litre – Morrisons,,,Morrisons,"Plant-based foods and beverages, ,, Beverages, ,, Plant-based foods, ,, Legumes and their products, ,, Dairy substitutes, ,, Milk substitutes, ,, Plant-based beverages, ,, Plant-based milk alternatives, ,, Legume-based drinks, ,, Soy-based drinks",,,,United Kingdom,"Water, Hulled soya beans (8%), Calcium carbonate, Sea salt, Stabiliser (gellan gum), Vitamins (B2, B12, D2), Potassium iodide. ! ALLERGY ADVICE For allergens, see ingredients in bold. Nutrition Typical values Energy per 100ml 126kJ/",Soybeans,,12,B,4,B,True,True,yes,moderate,low,low,low,125.0,30.0,1.7,0.3,0.5,0.0,0.5,3.0,0.1175,0.047,,,-4,2,6,2,0,0,0,6,0,0
https://world.openfoodfacts.org/product/4061458014809/krauterquark-cremig-leicht-10-fett-aldi,4061458014809,Kräuterquark cremig leicht 10% Fett – Aldi – 200 g,200 g,,"Aldi, ,, Milsani","Dairies, ,, Fermented foods, ,, Fermented milk products, ,, Cheeses, ,, Quarks, ,, Cream cheeses, ,, Fermentierte Lebensmittel, ,, Fermentierte Milch, ,, Kräuterquark, ,, Milchprodukte","No GMOs, ,, Ohne Gentechnik",,,Germany,"German: Speisequark Magermilch, Milchsäurebakterien (enthält Milch), mikrobiella Labaustauschstoff, Sahne , Kräuter, Speisesalz, Gewürze, Verdickungsmittel (Guankem mehl, Xanthan). 'Leicht, da reduzierter Fettanteil im Vergleich zu Kräuterquark mit Kann Spuren von Senf und Ei enthalten. Beimax. +8°C",Milk,"Eggs, Mustard",13,B,4,D,False,True,no,low,moderate,low,moderate,335.0,80.0,2.4,1.5,4.2,4.1,,10.4,0.75,0.3,,,1,5,4,0,1,1,3,4,0,0
https://world.openfoodfacts.org/product/4311501755938/vital-fit-edeka,4311501755938,Vital&fit – Edeka – 500 g,500 g,,"Edeka, ,, Gut & Günstig","Plant-based foods and beverages, ,, Plant-based foods, ,, Cereals and potatoes, ,, Breads, ,, Sliced breads, ,, Multigrain sliced breads","Vegetarian, ,, Vegan, ,, European Vegetarian Union, ,, Nutriscore, ,, Nutriscore Grade A",,,Germany,"German: WEIZENMEHL , Wasser, 18% Natursauerteig ( ROGGENMEHL , Wasser), HAFERFLOCKEN , 4,5% Sonnenblumenkerne, 4% Leinsamen, ROGGENVOLLKORNSCHROT , Speisesalz, Karamellsirup, Hefe, GERSTENMALZEXTRAKT .",Gluten,Sesame seeds,13,B,3,B,True,True,yes,moderate,low,low,moderate,1020.0,258.0,5.8,0.7,40.0,2.0,5.9,8.5,1.2,0.48,,,2,8,6,3,0,0,5,3,3,0
https://world.openfoodfacts.org/product/4337256456913/mozzarella-gerieben-ja,4337256456913,MOZZARELLA GERIEBEN – ja! – 250g,250g,,ja!,"Dairies, ,, Fermented foods, ,, Fermented milk products, ,, Cheeses, ,, Italian cheeses, ,, Stretched-curd cheeses, ,, Mozzarella, ,, Grated cheese","No GMOs, ,, Ohne Gentechnik, ,, Nutriscore, ,, Nutriscore Grade D",,,Germany,"German: Käsereimilch , Speisesalz, Käsereikulturen, mikrobielles Lab, Trennmittel Kartoffelstärke.",Milk,,6,B,3,C,True,True,no,low,low,low,moderate,145.928,322.0,0.18734,0.10846,4.92014,4.86098,0.0,3.23408,0.45076,,,0.0,2,3,1,0,1,0,2,1,0,0
https://world.openfoodfacts.org/product/7501020565942/leche-parcialmente-descremada-ultrapasteurizada-adicionada-con-vitaminas-a-y-d-baja-en-grasa-lala,7501020565942,"Leche parcialmente descremada ultrapasteurizada adicionada con vitaminas A y D, baja en grasa – Lala – 1L",1L,,Lala,"Dairies, ,, Milks (liquid and powder), ,, Milks",,,,Mexico,Spanish: leche,Milk,,1,B,1,D,True,True,no,low,low,low,low,157.0,37.0,0.6,0.4,4.8,4.8,0.0,3.1,0.0,0.0,,,-1,6,7,3,3,0,0,7,0,0
https://world.openfoodfacts.org/product/4056489678359/mais-doux-bio-freshona,4056489678359,Maïs doux bio – Freshona – 300 g,300 g,,Freshona,"Plant-based foods and beverages, ,, Plant-based foods, ,, Fruits and vegetables based foods, ,, Vegetable-based foods and beverages, ,, Canned foods, ,, Cereals and potatoes, ,, Frozen foods, ,, Vegetables based foods, ,, Canned plant-based foods, ,, Cereals and their products, ,, Canned vegetables, ,, Canned cereals, ,, Canned corn, ,, Canned sweet corn","Organic, ,, EU Organic, ,, AB Agriculture Biologique",,,"France, ,, Germany","French: Maïs doux en grain, eau, sel de mer.",,,3,B,3,A,False,True,yes,low,low,low,moderate,372.0,89.0,2.4,0.5,12.0,4.9,3.8,2.9,0.43,0.172,,,2,4,2,1,1,0,2,1,1,0
https://world.openfoodfacts.org/product/7318690129905/jordnotssmor-crunchy-med-havssalt-ica-i-love-eco,7318690129905,JORDNÖTSSMÖR CRUNCHY MED HAVSSALT – ICA i love eco – 350 g,350 g,,ICA i❤️eco,"Plant-based foods and beverages, ,, Plant-based foods, ,, Legumes and their products, ,, Spreads, ,, Nuts and their products, ,, Plant-based spreads, ,, Oilseed purees, ,, Legume butters, ,, Nut butters, ,, Peanut butters",,,Netherlands,"Estonia, ,, Sweden","Swedish: Rostade jordnötter 99,3%, havssalt 0,7%",Peanuts,,2,B,3,E,True,True,yes,high,high,moderate,low,2581.0,617.0,50.0,9.5,11.0,0.0,,28.0,0.02,0.008,,,-2,5,7,,1,,0,7,0,0
https://world.openfoodfacts.org/product/3608580104360/sport-andros,3608580104360,Sport – Andros,,,Andros,"Plant-based foods and beverages, ,, Plant-based foods, ,, Fruits and vegetables based foods, ,, Desserts, ,, Fruits based foods, ,, Compotes, ,, Apple compotes, ,, Compotes to drink",,,,France,"French: Pommes, purée et jus 60 %, banane, 35 %, sirop d’agave, jus de citrons concentré, jus concentré d’acérola, citrates de calcium, chlorure de potassium, sel, vitamines (B1, B2, B3, B5, B6, B8, E).",,,18,B,3,A,True,,maybe,low,low,high,low,355.0,85.0,0.41,0.37,18.0,16.0,1.8,0.63,0.22,0.088,,,1,6,5,1,4,0,1,0,0,5
https://world.openfoodfacts.org/product/4025500289386/dessert-proteico-gusto-vaniglia-muller,4025500289386,DESSERT PROTEICO GUSTO VANIGLIA – müller – 200 g,200 g,,müller,"Dairies, ,, Desserts, ,, Dairy desserts",No added sugar,,,Italy,"Italian: Prodotto a base di proteine del latte (di cui proteine del latte 10 % sul totale di prodotto), panna , amido modificato, correttore di acidità: fosfati di sodio; edulcoranti: acesulfame K, sucralosio; stabilizzante: carra - genina; colorante: caroteni; aroma naturale. *Contiene naturalmente zuccheri.",Milk,,16,B,4,,,True,no,low,low,low,moderate,338.6,81.0,1.8,1.2,6.0,0.0,,10.0,0.4525,0.181,,0.0,1,5,4,1,1,1,2,4,0,0
https://world.openfoodfacts.org/product/9020200032916/mandulaital-kalciummal-es-b12-d-vitaminnal-uht-cukormentes-joya,9020200032916,"Mandulaital kalciummal és B12-, D-vitaminnal, UHT. Cukormentes. – Joya – 1 liter",1 liter,,Joya,"Plant-based foods and beverages, ,, Beverages, ,, Plant-based beverages","Vegetarian, ,, Vegan, ,, Green Dot",,,,"Hungarian: Víz, mandula 2%, kalcium-karbonát, sűrítőanyagok: gellángumi, guargumi; emulgeálószer: lecitinek; só, B12-vitamin, D-vitamin. NYOMOKBAN TOVÁBBI DIÓFÉLÉKET TARTALMAZHAT.",Nuts,,12,B,4,,True,True,yes,low,low,low,low,56.0,14.0,1.2,0.1,0.1,0.0,0.4,0.4,0.12,0.048,,,1,1,0,1,0,0,0,0,0,0
https://world.openfoodfacts.org/product/4056489957263/bio-carrot-juice-solevita,4056489957263,Bio Carrot Juice – Solevita – 1l,1l,,Solevita,"Beverages and beverages preparations, ,, Plant-based foods and beverages, ,, Beverages, ,, Plant-based beverages, ,, Vegetable-based foods and beverages, ,, Juices and nectars, ,, Vegetable-based beverages, ,, Vegetable juices, ,, Carrot juices","Vegetarian, ,, Organic, ,, EU Organic, ,, Vegan, ,, EG-Öko-Verordnung, ,, European Vegetarian Union, ,, European Vegetarian Union Vegan, ,, FSC, ,, Nutriscore, ,, Nutriscore Grade B",,,Germany,"German: 99% Karottensaft, Zitronensaft, Antioxidationsmittel: Ascorbinsäure",,,4,B,1,,True,True,yes,low,low,moderate,low,129.0,31.0,0.0,0.0,6.0,6.0,0.4,0.8,0.1,0.04,,,0,6,6,2,4,0,0,0,0,6
https://world.openfoodfacts.org/product/8445291047259/forever-mures-blackberry-maison-perrier,8445291047259,Forever Mûres-Blackberry – Maison Perrier,,,Maison Perrier,"Beverages and beverages preparations, ,, Beverages, ,, Waters, ,, Flavored waters, ,, Unsweetened flavored waters","Nutriscore, ,, Nutriscore Grade B",France,,"Belgium, ,, France","French: Eau gazéifiée (99,8%), arômes naturels de mûres",,,2,B,1,,False,True,yes,low,low,low,low,2.0,1.0,0.0,0.0,0.0,0.0,0.0,0.0,0.0,0.0,,,0,0,0,0,0,0,0,0,0,0
https://world.openfoodfacts.org/product/4067796001143/sauerkrautsaft-dm,4067796001143,Sauerkrautsaft – dm – 500ml,500ml,,dm,de:Gemüse Saft,"Vegetarian, ,, Vegan, ,, FSC, ,, FSC Mix",Germany,,Germany,Bio SAUERKRAUTS AFT Fett / Tuky / Zsír / Masti Durchschnittliche Nährwerte pro 100 ml / Výživové údaje na 100 ml / Átlagos tápértékek 100 ml-ben / Priemerné výživové hodnoty na 100 ml/ Prosječna hranjiva vrijednost u 100 ml Energie/Energetická hodnota / Energia/ Energija davon gesättigte Fettsäuren / z toho nasycené mastné kyseliny / amelyből telített zsírsavak / z toho nasýtené 52 kJ/,,,14,B,,,False,True,yes,low,low,low,moderate,50.0,12.0,0.5,0.1,1.5,1.0,0.5,0.8,0.59,0.236,,,2,2,0,0,0,0,2,0,0,0
https://world.openfoodfacts.org/product/7612900346633/biere-sans-alcool,7612900346633,Biere sans alcool – 0.33l,0.33l,,,"Beverages and beverages preparations, ,, Beverages, ,, Non-alcoholic beverages, ,, Non-alcoholic beers",,,,"Germany, ,, Switzerland","French: Eau, MALT D'ORGE , MALT DE BLÉ, gaz carbonique, houblon",Gluten,,5,B,4,D,True,True,yes,low,low,low,low,142.0,34.0,0.0,0.0,7.9,0.0,,0.5,0.0,0.0,,,2,2,0,2,0,0,0,0,0,0
https://world.openfoodfacts.org/product/4061459143164/bio-olivenol-castello,4061459143164,Bio Olivenöl – Castello – 750ml,750ml,,"Castello, ,, Natur aktiv","Plant-based foods and beverages, ,, Plant-based foods, ,, Fats, ,, Vegetable fats, ,, Olive tree products, ,, Vegetable oils, ,, Olive oils",,,,"Austria, ,, Germany",German: Olivenöl,,,1,B,2,E,True,True,yes,high,high,low,low,3404.0,828.0,92.0,15.0,0.5,0.5,,0.5,0.01,0.004,,,1,6,5,,0,,0,0,0,5
https://world.openfoodfacts.org/product/8410066139200/gezeefde-tomaat-heinz,8410066139200,Gezeefde Tomaat – Heinz,,,Heinz,"Plant-based foods and beverages, ,, Plant-based foods, ,, Fruits and vegetables based foods, ,, Vegetables based foods, ,, Tomatoes and their products, ,, Strained tomatoes",,,,"Germany, ,, Netherlands","Dutch: Tomaten (205 g tomaten per 100 g gezeefde tomaten), zout.",,,2,B,3,A,True,True,yes,low,low,low,low,152.0,36.0,0.1,0.0,7.3,4.7,,1.5,0.26,0.104,,,1,2,1,0,1,0,1,0,0,1
https://world.openfoodfacts.org/product/8030582701387/fette-di-segale-integrale-e-sesamo-continental-bakeries,8030582701387,Fette di segale integrale e sesamo – Continental Bakeries – 200 g,200 g,,"Continental Bakeries, ,, Primia","Plant-based foods and beverages, ,, Plant-based foods, ,, Cereals and potatoes, ,, Cereals and their products, ,, Breads, ,, Rusks, ,, Rye breads, ,, Crispbreads","Organic, ,, EU Organic",,,Italy,"Italian: Farina di segale integrale 86%, sesamo 9%, sale marino. Biologico. Può contenere frumento , orzo , avena, farro , uova , soia , latte e noci e senape .","Eggs, Gluten, Milk, Mustard, Nuts, Sesame seeds","Eggs, Gluten, Milk, Mustard, Nuts, Soybeans",10,B,3,A,True,True,no,moderate,low,low,moderate,1560.0,373.0,6.6,1.0,61.0,1.2,14.0,11.0,1.22,0.488,,,1,10,9,4,0,0,6,4,5,0
https://world.openfoodfacts.org/product/8019730001524/farina-di-grano-tenero-tipo-00-md,8019730001524,Farina di grano tenero tipo 00 – MD – 1 kg,1 kg,,MD,"Plant-based foods and beverages, ,, Plant-based foods, ,, Cereals and potatoes, ,, Cereals and their products, ,, Flours, ,, Cereal flours, ,, Wheat flours, ,, Common wheat flours",,,,Italy,,,,,B,,A,,,,low,low,low,low,1464.0,350.0,1.0,0.2,75.0,0.5,2.5,9.0,0.0,0.0,,,1,4,3,4,0,0,0,3,0,0
https://world.openfoodfacts.org/product/3551610010066/pane-au-merlan-l-assiette-bleue,3551610010066,Pané au Merlan – L'assiette Bleue,,,L'assiette Bleue,"Seafood, ,, Fishes and their products, ,, Fishes, ,, Fish fillets, ,, Fish preparations, ,, Breaded products, ,, Breaded fish","Sustainable, ,, Organic, ,, Sustainable fishery, ,, EU Organic, ,, FR-BIO-01, ,, Nutriscore, ,, Nutriscore Grade B, ,, Sustainable Seafood MSC",,,France,"French: Filet de merlan 32% ( POISSON ), filet de POISSON 30,8%, chapelure (farine de BLE *, levure*, sel), huile de tournesol"", eau, farine de BLE *, citron* [citron*,sel, vinaigre d'alcool"", huile essentielle de citron""), OEUF , amidons*, sel, persil"", curcuma. Traces possibles de crustacés , mollusque , lait , soja , sésame et moutarde . *ingrédients issus de l'agriculture biologique. 31% des ingrédients agricoles sont issus de l'Agriculture Biologique. Certifié par FR-BIO-01. Malgré le soin apporté, la présence de quelques arêtes pourrait être constatée. Pêche durable selon le référentiel MSC. www.msc.org/fr","Eggs, Fish, Gluten","Crustaceans, Milk, Molluscs, Mustard, Sesame seeds, Soybeans",23,B,3,E,True,True,no,moderate,low,low,moderate,803.0,192.0,7.1999998092651,1.2000000476837,18.0,1.2000000476837,,13.0,0.7,0.28,,,1,6,5,2,0,1,3,5,0,0
https://world.openfoodfacts.org/product/3350031785979/thon-blanc-entier-a-l-huile-d-olive-vierge-extra-monoprix,3350031785979,Thon blanc entier à l'huile d'olive vierge extra – Monoprix – 160 g (104 g),160 g (104 g),"Metal, ,, Canned, ,, Steel",Monoprix,"Seafood, ,, Fishes and their products, ,, Canned foods, ,, Fishes, ,, Fatty fishes, ,, Canned fishes, ,, Tunas, ,, Canned tunas, ,, Tunas in oil, ,, Tuna in olive oil, ,, Albacore",,,,France,French: Thon blanc (germon) - huile d'olive vierge extra 31% - sel,Fish,,4,B,3,,True,False,no,moderate,moderate,low,moderate,924.0,221.0,13.0,2.4,0.0,0.0,0.0,26.0,1.0,0.4,,,1,8,7,2,0,2,4,7,0,0
https://world.openfoodfacts.org/product/3560071059903/cornichons-extra-fin-sans-marque,3560071059903,Cornichons extra fin – Sans marque – 170 g (100 g égoutté),170 g (100 g égoutté),Glass,Sans marque,"Plant-based foods and beverages, ,, Plant-based foods, ,, Fruits and vegetables based foods, ,, Canned foods, ,, Vegetables based foods, ,, Canned plant-based foods, ,, Pickles, ,, Specific products, ,, Canned vegetables, ,, Plant-based pickles, ,, Pickled vegetables, ,, Pickled cucumbers, ,, Gherkins, ,, Extra-fine gherkins, ,, Licensed products, ,, Pickled gherkins",,,,France,"French: Cornichons 53 % (contient sulfites ), eau, vinaigre d'alcool 4 %, oignons, sel, graines de moutarde , arôme naturel.","Mustard, Sulphur dioxide and sulphites",,7,B,4,,True,,maybe,low,low,low,high,62.0,15.0,0.5,0.1,0.6,0.5,,1.2,1.6,0.64,,,2,7,5,0,0,0,7,0,0,5
https://world.openfoodfacts.org/product/3596710446087/epinards-branches-a-la-creme-auchan,3596710446087,Epinards branches à la crème – Auchan – 0.6 kg,0.6 kg,"Plastic, ,, Bag, ,, Frozen",Auchan,"Plant-based foods and beverages, ,, Plant-based foods, ,, Fruits and vegetables based foods, ,, Vegetables based foods, ,, Frozen foods, ,, Vegetables, ,, Frozen plant-based foods, ,, Frozen vegetables, ,, Leaf vegetables, ,, Prepared vegetables, ,, Spinachs, ,, Frozen spinachs, ,, Prepared spinachs, ,, Spinach with cream sauce","No preservatives, ,, No colorings, ,, Nutriscore, ,, Nutriscore Grade A",,,"France, ,, World","French: Epinards branches 70%, eau, crème fraîche ( LAIT origine France) 7%, amidons, LAIT en poudre (origine UE), sel, fibre de pois, muscade.",Milk,,8,B,4,B,True,True,no,low,moderate,low,moderate,214.0,51.0,2.5,1.5,3.5,1.2,2.0,2.7,0.7,0.28,,,1,4,3,0,0,1,3,1,0,2
https://world.openfoodfacts.org/product/5400101222502/carrefour-original-vol-au-vent-avec-champignons,5400101222502,Carrefour Original Vol-au-Vent avec Champignons – 400 g,400 g,"Glass, ,, Jar",Carrefour,"Meals, ,, Meals with meat, ,, Vol-au-vent in sauce","Green Dot, ,, Made in Belgium, ,, Nutriscore, ,, Nutriscore Grade A",,Belgique,"Belgium, ,, France","French: Eau, viande de poulet 30%, champignons de Paris 9%, amidon modifié ( blé , maïs), huile de tournesol, maltodextrine, bouillon de poulet (sel, amidon modifié de pommes de terre, arômes (contient céleri ), huile de tournesol, viande de poulet, épices, carottes), protéines de lait , amidon de blé, noix de muscade, émulsifiant : mono - et diglycérides d'acides gras. Peut contenir des traces de moutarde et soja .","Celery, Gluten, Milk","Mustard, Soybeans",21,B,4,,,False,no,low,low,low,moderate,343.0,81.0,2.6,0.4,5.4,0.0,0.5,9.0,0.63,0.252,,,1,4,3,1,0,0,3,3,0,0
https://world.openfoodfacts.org/product/8435257018447/natural-nestle,8435257018447,Natural – Nestlé – 720 g (6 x 120 g),720 g (6 x 120 g),Plastic,"Nestlé, ,, Longa Vida","Dairies, ,, Fermented foods, ,, Fermented milk products, ,, Desserts, ,, Dairy desserts, ,, Fermented dairy desserts, ,, Yogurts, ,, Plain fermented dairy desserts, ,, Plain yogurts",,,España,"France, ,, Portugal","Portuguese: Leite semidesnatado (2,7% matéria gorda), leite em pó magro, proteínas de leite , fermentos lácteos (contêm lactose ).",Milk,,5,B,4,B,True,True,no,low,moderate,low,low,239.0,57.0,2.6,1.8,4.9,4.8,0.0,3.4,0.15,0.06,,0.0,1,2,1,0,1,1,0,1,0,0
https://world.openfoodfacts.org/product/7610700601433/eucaliptolo-ricola,7610700601433,Eucaliptolo – Ricola,,,Ricola,"Snacks, ,, Sweet snacks, ,, Confectioneries, ,, Candies, ,, Hard candies","Low or no sugar, ,, No gluten, ,, No sugar",Switzerland,,"France, ,, Italy","Italian: Edulcorante (isomalto), oli essenziali di menta piperita e menta, olio essenziale di eucalipto, estratto (0,2%) di eucalipto e della miscela di erbe Ricola, mentolo, estratto di spirulina, concentrato di carota, edulcorante (glicosidi steviolici da Stevia). Un consumo eccessivo può avere effetti lassativi. Valore nutritivo per 100 g Energia Grassi, di cui Ricola 1830 la famiglia Richterich produce le alta cola con erbe alpine svizzere almente buone Ricola è amata in tutto mondo per essere deliciosa e benefica e Ricola sono coltivate dagli nostri partner, sulle Alpi dove pura e il suolo incontaminato Eucaliptolo captenza zucchero combina le e delle No svizzere con il benefico Euclito e oli balsamici per frescare la bocca e la gola. Acidi grassi saturi Carboidrati, di cui Zuccheri - Polioli Proteine Sale 986 kJ / 237 kcal Og 09 98 g 0g 98 g Og Og Mentolo 188 mg per 100 g. Ogni caramella contiene 6,7 mg di mentolo. Il mentolo contribuisce a lenire la gola. Dose raccomandata: almeno 1 caramella al giorno. È importante seguire una dieta varia ed equilibrata e un sano stile di vita. BUSTA RACCOLTA CARTA C/PAP81 INCARTO CARAMELLA RACCOLTA CARTA PAP22 Verifica le disposizioni del tuo comune per la corretta gestione dei rifiuti. 7610700601433 Proteggere dal calore 9013592 IT e dall'umidità.",,,28,B,4,A,False,True,yes,low,low,low,low,986.0,237.0,0.0,0.0,98.0,0.0,,0.0,0.0,0.0,98.0,,2,2,0,2,0,0,0,0,0,0
https://world.openfoodfacts.org/product/6408430024209/luonnonjogurtti-valio-a,6408430024209,luonnonjogurtti – Valio A+,,,Valio A+,"Dairies, ,, Fermented foods, ,, Fermented milk products, ,, Desserts, ,, Dairy desserts, ,, Fermented dairy desserts, ,, Yogurts, ,, Bifidus yogurts",,,,Finland,"Finnish: Pastöroitu maito, jogurttihapate, Lactobacillus acidophilus, Bifidobacterium sp. ja D-vitamiini.",Milk,,5,B,1,B,True,True,no,low,moderate,low,low,231.9,58.0,2.5,1.5,4.0,0.0,,4.2,0.11,0.044,,0.0,1,2,1,0,1,1,0,1,0,0
https://world.openfoodfacts.org/product/9100000747583/cottage-cheese-s-budget,9100000747583,Cottage Cheese – S-Budget – 250g,250g,,S-Budget,"Dairies, ,, Fermented foods, ,, Fermented milk products, ,, Cheeses, ,, Fresh cheeses, ,, Cottage cheeses",,,,"Austria, ,, Germany",,,,,B,,D,,,,low,low,low,moderate,317.0,76.0,2.2,1.4,3.0,3.0,,11.0,0.9825,0.393,,,1,5,4,0,0,1,4,4,0,0
https://world.openfoodfacts.org/product/3661112502133/blanc-de-poulet-fume-au-bois-de-hetre-marque-repere,3661112502133,Blanc de Poulet Fumé au bois de hêtre – Marque Repère – 180 g,180 g,,"Marque Repère, ,, Tradilège","Meats and their products, ,, Meats, ,, Prepared meats, ,, Chicken and its products, ,, Poultries, ,, Chickens, ,, fr:Charcuteries cuites, ,, Poultry hams, ,, Cooked chicken breast slices","Nutriscore, ,, Nutriscore Grade C",,,France,"French: Filet de poulet 92%( origine ue), eau, sel, aromes naturels bouillon( extraitr de blette, carotte, poireau), dextrose, arome de fumee, extrait d'acerola, epices, ferments, colorant : caramel ordinaire.",,,14,B,4,E,True,False,no,low,low,low,high,461.0,109.0,2.2,0.7,0.6,0.6,,21.0,1.7,0.68,,,2,9,7,1,0,0,8,7,0,0
https://world.openfoodfacts.org/product/20858049/ma%C5%9Blanka-naturalna-po%C5%82o%C5%9B-lidl-pilos,20858049,Maślanka naturalna Półoś Lidl – Pilos – 1 L,1 L,,Pilos,"Beverages and beverages preparations, ,, Beverages, ,, Fermented foods, ,, Fermented drinks",,,,Poland,,,,,B,,,,,,moderate,moderate,moderate,moderate,192.0,46.0,1.5,1.2,4.5,3.9,,3.6,0.275,0.11,,,1,8,7,3,3,1,1,7,0,0
https://world.openfoodfacts.org/product/8008110260538/hamburger-di-pollo-aia,8008110260538,HAMBURGER DI POLLO – AIA – 0.200kg,0.200kg,Plastic,AIA,"Meats and their products, ,, Meat preparations, ,, Meats, ,, Sandwiches, ,, Hamburgers, ,, Chicken hamburgers",No gluten,Italy,Piazzale Apollinare Veronesi 1 - 37036 S. Martino Buon Albergo (VR) Italia,Italy,"Italian: Carne di pollo 92%, acqua, patate, fibra di patate, sale, aromi naturali, rosmarino, concentrato di barbabietola, antiossidanti (acido ascorbico). Può contenere : Latte , uova .",,"Eggs, Milk",10,B,4,D,True,False,no,moderate,moderate,,moderate,552.0,132.0,7.1,2.1,0.0,0.0,,17.0,1.2,0.48,,,2,8,6,1,0,2,5,6,0,0
https://world.openfoodfacts.org/product/0072655454453/beef-broccoli-healthy-choice,0072655454453,Beef & Broccoli – Healthy Choice – 10 oz,10 oz,,Healthy Choice,Frozen foods,,,,United States,"Cooked rice (water, brown rice). sesame soy sauce (water, soy sauce [water, wheat , soybeans , salt, alcohol, vinegar, lactic acid], sugar, corn starch, garlic, sesame seed oil, contains 2% or less of: chicken flavor [chicken broth, salt, chicken fat], rice vinegar, cooking wine [white wine, natural flavor, salt], canola oil, ginger, chili paste [red chili peppers, distilled vinegar, salt, xanthan gum], white pepper). broccoli. seasoned cooked beef strip and binder product ( beef , water, sugar, potassium chloride, potato starch, sea salt, isolated soy protein, flavorings, olive oil).","Beef, Gluten, Sesame seeds, Soybeans",,46,B,4,,,False,no,low,low,low,moderate,395.847750865052,95.0,1.73010380622837,0.519031141868512,13.4948096885813,2.12014134275618,1.03806228373702,5.5363321799308,0.449826989619377,0.179930795847751,,10.5480194091797,1,3,2,1,0,0,2,2,0,0
https://world.openfoodfacts.org/product/3760052230462/soupe-katmandou-karine-jeff,3760052230462,"Soupe Katmandou – Karine & Jeff – 0,78 l","0,78 l",Glass,Karine & Jeff,"Meals, ,, Soups","Organic, ,, EU Organic, ,, EU Agriculture, ,, FR-BIO-01",France,,France,"French: eau pure du parc régional du Haut-Languedoc, patates douces* (19%), potimarron* (15% | orig. France), poivrons rouges*, carottes* (orig. France), oignons*, sel de Guérande garanti Nature & Progrès, curcuma* (0,1%), coriandre*, piment de Cayenne*, fenugrec*, poivre*, cumin*, moutarde* , fenouil*, ail*, pois chiches*, pois cassé*.",Mustard,,22,B,3,,True,True,yes,low,low,low,moderate,121.0,29.0,0.0,0.0,5.6,2.2,1.2,0.6,0.4025,0.161,,,2,2,0,0,0,0,2,0,0,0
https://world.openfoodfacts.org/product/5018297009625/gluten-free-bagels-new-york-bakery-co,5018297009625,Gluten free bagels – New York Bakery Co.,,,New York Bakery Co.,"Plant-based foods and beverages, ,, Plant-based foods, ,, Cereals and potatoes, ,, Cereals and their products, ,, Breads, ,, Special breads, ,, Bagel breads",No gluten,,,United Kingdom,"Water, Maize Starch, Rice Flour, Tapioca Starch, Humectant (Glycerine), Soya Protein, Sunflower Oil, Rice Sourdough Flour, Dextrose, Psyllium Fibre, Wholegrain Maize Flour, Sugar, Yeast, Spirit Vinegar, Stabiliser (Xanthan Gum, Hydroxypropyl Methyl Cellulose), Salt, Preservatives (Calcium Propionate, Lactic Acid)",Soybeans,,22,B,4,A,True,True,yes,low,low,low,moderate,1009.0,241.0,2.7,0.3,46.9,2.8,6.6,3.5,0.8,0.32,,,1,6,5,3,0,0,3,1,4,0
https://world.openfoodfacts.org/product/8003170026520/uova-fresche-grandi-da-galline-allevate-a-terra-conad,8003170026520,Uova Fresche Grandi da Galline Allevate a Terra – CONAD – 6,6,,CONAD,"Farming products, ,, Eggs, ,, Chicken eggs, ,, Barn chicken eggs",,,,"France, ,, Italy",Italian: UOVA FRESCHE CATEGORIA A GRANDI DA ALLEVAMENTO A TERRA.,,,1,B,,B,False,True,yes,moderate,moderate,low,moderate,526.0,126.0,8.7,4.0,0.0,0.0,0.0,12.0,0.34,0.136,,0.0,1,5,4,1,0,3,1,4,0,0
https://world.openfoodfacts.org/product/4000177019276/monster-alarm-capri-san-capri-sun,4000177019276,Monster alarm Capri san – Capri-Sun – 200ml,200ml,,Capri-Sun,"cs:Džusy, ,, cs:Juice",,Czech Republic,,France,"French: Podíl ovocné složky 10%,, voda, směs koncentrátu z více druhů ovoce citrón 3,9, jablko 3,6 černý rybíz 1 višeň 1 jahoda 0,4 limetka 0,1. Cukr, přírodní aroma kyselina askorbová. Pasterováno",,,7,B,,,False,True,yes,low,low,moderate,low,144.0,34.0,0.0,0.0,8.1,8.1,0.0,0.0,0.0,0.0,0.0,,2,2,0,0,2,0,0,0,0,0
https://world.openfoodfacts.org/product/20158477/latte-parzialmente-scremato-milbona,20158477,Latte parzialmente scremato – Milbona,,,Milbona,"Dairies, ,, Milks, ,, Semi-skimmed milks",,,,Italy,,,,,B,,D,,,,low,low,low,low,192.0,46.0,1.6,1.0,4.9,4.9,,3.3,0.1,0.04,,,-1,6,7,3,3,0,0,7,0,0
https://world.openfoodfacts.org/product/4099100060393/garbanzo-beans-dakota-s-pride,4099100060393,Garbanzo Beans – Dakota's Pride – 15.5 oz (439 g),15.5 oz (439 g),,"Aldi, ,, Dakota's Pride","Plant-based foods and beverages, ,, Plant-based foods, ,, Legumes and their products, ,, Canned foods, ,, Legumes, ,, Seeds, ,, Canned plant-based foods, ,, Legume seeds, ,, Pulses, ,, Chickpeas, ,, Canned legumes, ,, Canned chickpeas, ,, Canned common beans",,,,United States,"prepared garbanzo beans, water, salt, disodium edta, sodium metabisulfite",Sulphur dioxide and sulphites,,5,B,3,B,True,True,yes,low,low,low,moderate,386.0,92.0,1.53846153846154,0.0,15.3846153846154,0.0,3.07692307692308,5.38461538461539,0.807692307692308,0.323076923076923,,,-4,4,8,,0,,4,2,1,5
https://world.openfoodfacts.org/product/5000181042030/free-range-milk-organic-long-life-yeo-valley,5000181042030,Free-range milk Organic long life – Yeo Valley – 1L,1L,,Yeo Valley,"Dairies, ,, Milks (liquid and powder), ,, Milks, ,, Semi-skimmed milks","FSC, ,, FSC Mix",,,United Kingdom,"UHT HOMOGENISED, ORGANIC SEMI-SKIMMED MILK",Milk,,2,B,1,D,False,True,no,low,low,low,low,196.0,47.0,1.8,1.1,4.8,4.8,,3.6,0.11,0.044,,,0,7,7,3,3,1,0,7,0,0
https://world.openfoodfacts.org/product/00397506/vegan-onion-gravy,00397506,Vegan Onion Gravy,,,,Onion gravy,"Vegetarian, ,, Vegan",,,United Kingdom,"Water, Onion (10%), Fried Onion (10%) (Onion, Rapeseed Oil), Mushroom (5%), Cornflour, Vegetable Dashi (2%) (Mushroom Extract, Salt, Yeast Extract, Water, Leek Juice Concentrate, White Pepper), Flavouring, Rapeseed Oil, Rice Flour, Potato Starch, Tomato Purée, Onion Powder, Tapioca Starch, Roasted Garlic (0.2%), Maize Flour, Buckwheat Flour, Porcini Mushroom Powder, Thyme, Sage, Black Pepper.",,,28,B,4,,True,True,yes,low,low,low,moderate,163.0,39.0,1.0,0.1,6.4,1.4,,0.8,0.58,0.232,,,2,2,0,0,0,0,2,0,0,0
https://world.openfoodfacts.org/product/4056489264989/kefir-low-fat-lidl,4056489264989,Kefir - Low Fat – Lidl – 500ml,500ml,,"Eridanous, ,, Lidl","Beverages and beverages preparations, ,, Beverages, ,, Dairies, ,, Fermented foods, ,, Fermented milk products, ,, Dairy drinks, ,, Fermented drinks, ,, Fermented milk drinks, ,, Kefir",,,,United Kingdom,"Y Low Fat A shake well Kefir PT Quefir meio-gordo (1,5% M.G. no leite). Ingredientes: leite meio-gordo pasteurizado, culturas lácteas (contém leite), culturas de quefir (contém leite). Conservar a temperaturas entre 0 °C e +7°C Consumir até: ver tampa. Depois de aberto, conservar no frigorifico e consumir no prazo de 3 dias. Agitar bem antes de abrir. *Sugestão de apresentação. Low fat kefir yogurt with live kefir cultures. Allergy Advice: Contains Milk . Storage Instructions: Keep refrigerated Shake well before serving.",Milk,,18,B,,,False,True,yes,moderate,moderate,moderate,low,180.0,43.0,1.5,0.9,4.0,4.0,,3.3,0.1,0.04,,,-1,6,7,3,3,0,0,7,0,0
https://world.openfoodfacts.org/product/8017596124081/yogurt-greco-limone-amo-essere,8017596124081,Yogurt Greco Limone – Amo Essere,,,Amo Essere,"Dairies, ,, Fermented foods, ,, Fermented milk products, ,, Desserts, ,, Dairy desserts, ,, Fermented dairy desserts, ,, Yogurts, ,, Greek-style yogurts",No lactose,,,Italy,"strained greek yoghurt lactose-free (80%): lactose-free skimmed milk, lactic ferments, preparation of lemon (20%), sugar, lemon juice from concentrate 35% (7% in the finished product), water, corn starch, stabilizer: pectins, natural flavors, acidity regulator: citric acid, calcium citrates, sodium citrates",Milk,,16,B,4,B,True,True,no,low,low,high,low,384.0,60.0,0.0,0.0,14.6,13.8,0.0,7.9,0.18,0.072,,,1,4,3,1,3,0,0,3,0,0
https://world.openfoodfacts.org/product/3560071470876/soja-fruits-mixes-fraise-fruits-rouges-abricot-peche-carrefour,3560071470876,Soja fruits mixes fraise fruits rouges abricot peche – Carrefour – 800 g soit (8 x 100 g)e,800 g soit (8 x 100 g)e,,Carrefour,"Plant-based foods and beverages, ,, Fermented foods, ,, Dairy substitutes, ,, Desserts, ,, Non-dairy desserts, ,, Non-dairy fermented foods, ,, Non-dairy yogurts, ,, Soy milk yogurts, ,, Fruit soy yogurts, ,, Mixed fruit soy yogurts","fr:Soja Français, ,, Nutriscore, ,, Nutriscore Grade B",,,France,"French: Jus de soja 79% (eau, graines de soja 7,3%), fruits 10% (fraise ou abricot ou pêche ou fruits rouges (fraise 4,7%, groseille 2,7%, framboise 1,4%, sureau 1,2%)), sucre 8,8%, amidon de maïs, jus concentré de citron, arômes naturels, épaississants : pectines et gomme guar, sel, jus concentré de carottes, concentré de carotte, de carthame et de courge, concentré d'hibiscus et de carotte, concentré de carotte pourpre.",Soybeans,,26,B,4,A,True,True,yes,low,low,moderate,low,319.0,76.0,1.7,0.3,11.0,10.0,1.2,3.2,0.07,0.028,,,1,2,1,0,2,0,0,1,0,0
https://world.openfoodfacts.org/product/4305615922928/quinoa-tricolore-rossmann,4305615922928,Quinoa Tricolore – Rossmann – 500g,500g,,"Rossmann, ,, enerBiO","Plant-based foods and beverages, ,, Plant-based foods, ,, Cereals and potatoes, ,, Seeds, ,, Cereals and their products, ,, Cereal grains, ,, Quinoa, ,, Getreide und Kartoffeln, ,, Getreidekörner, ,, Getreideprodukte, ,, Pflanzliche Lebensmittel, ,, Pflanzliche Lebensmittel und Getränke, ,, Samen","Organic, ,, EU Organic, ,, EG-Öko-Verordnung",,,Germany,"German: 60% Quinoa*, weiß; 20% Quinoa*, schwarz; 20% Quinoa*, rot. MARKEN QUALITÄT aus kontrolliert biologis em Anbau **von Natur aus vegan und glutenfrei Kann Spuren von Schalenfrüch - ten, Sesam , Soja und Lupinen enthalten. Zubereitung: Für 4 Personen: 250 g Quinoa Tricolore heiß ab - brausen und in 600 ml Salz - wasser 20-25 Minuten Durchschnittliche Nährwerte Energie pro 100 g¹ 542 kJ/129 kcal 2,4g Fett Lavon gesättigte Fettsäuren 0,5 g Kohlenhydrate 20 g davon Zucker 0,6 g Ballaststoffe 3,0 g 5,0 g 0,15 g 1zubereitetes Produkt DE-ÖKO-003 Nicht-EU - Eiweiß Salz abgedeckt köcheln lassen, gelegentlich umrühren. Kühl, trocken und vor Sonnenlicht geschützt aufbewahren.","Lupin, Sesame seeds","Lupin, Sesame seeds, Soybeans",21,B,,D,False,True,yes,low,low,low,low,539.0,129.0,2.4,0.5,20.0,0.6,3.0,5.0,0.147,0.0588,,,0,2,2,,0,,0,2,0,0
https://world.openfoodfacts.org/product/4063367379451/%D0%BE%D1%80%D0%B8%D0%B7-%D0%B1%D0%B0%D1%81%D0%BC%D0%B0%D1%82%D0%B8-k-classic,4063367379451,Ориз Басмати – K-Classic – 500g,500g,,K-Classic,"Plant-based foods and beverages, ,, Plant-based foods, ,, Cereals and potatoes, ,, Seeds, ,, Cereals and their products, ,, Cereal grains, ,, Rices, ,, Aromatic rices, ,, Indica rices, ,, Long grain rices, ,, Basmati rices","Nutriscore, ,, Nutriscore Grade A",Unknown,,"Bulgaria, ,, Croatia, ,, Germany, ,, Poland, ,, Romania",German: basmati reis,,,1,B,1,E,True,True,yes,low,low,low,low,1498.0,353.0,0.5,0.1,78.0,0.0,1.6,8.2,0.01,0.004,,0.0,-1,2,3,,0,,0,3,0,0
https://world.openfoodfacts.org/product/6408430102433/organic-almond-oddlygood,6408430102433,Organic Almond – Oddlygood – 1 l,1 l,,Oddlygood,"Beverages and beverages preparations, ,, Plant-based foods and beverages, ,, Beverages, ,, Plant-based foods, ,, Dairy substitutes, ,, Milk substitutes, ,, Nuts and their products, ,, Plant-based beverages, ,, Plant-based milk alternatives, ,, Nut-based drinks, ,, Almond-based drinks","Organic, ,, EU Organic, ,, Non-EU Agriculture, ,, EU Agriculture, ,, EU/non-EU Agriculture, ,, IT-BIO-007, ,, No added sugar",Made of European almonds.,,Finland,"water, organic almonds, sea salt, emulsifier (organic sunflower lecithin), stabilizer (gellan gum)",Nuts,,7,B,4,A,True,True,yes,low,low,low,low,53.0,13.0,1.2,0.1,0.0,0.0,,0.5,0.14,0.056,,,1,1,0,1,0,0,0,0,0,0
https://world.openfoodfacts.org/product/8023788010360/bevanda-alla-nocciola-md-un-momento-per-me,8023788010360,Bevanda alla nocciola – MD Un momento per me – 1L,1L,,MD Un momento per me,"Plant-based foods and beverages, ,, Dairy substitutes, ,, Milk substitutes","No gluten, ,, No lactose",it:Nocciole di origine UE e non UE,,Italy,,,,,B,,,,,,low,low,moderate,low,180.0,43.0,1.4,0.2,7.1,5.7,,0.4,0.09,0.036,,,1,1,0,0,1,0,0,0,0,0
https://world.openfoodfacts.org/product/4311501015049/kochcreme-edeka,4311501015049,Kochcreme – Edeka – 200ml,200ml,,Edeka,"Plant-based foods and beverages, ,, Plant-based foods, ,, Plant-based creams, ,, Plant-based creams for cooking","Organic, ,, Vegetarian, ,, EU Organic, ,, Vegan, ,, Nutriscore, ,, Nutriscore Grade B",,,Germany,"German: Haferzubereitung (Wasser, Hafer ), Sonnenblumenöl, Stabilisator: Johannisbrotkernmehl, Guarkenmehl; Meersalz.",Gluten,"Nuts, Soybeans",8,B,3,,True,True,yes,moderate,low,low,low,378.0,91.0,7.4,0.9,5.3,0.8,,0.6,0.1,0.04,,,1,1,0,1,0,0,0,0,0,0
https://world.openfoodfacts.org/product/4337185632778/pommes-k-classic,4337185632778,pommes – K-Classic – 500g,500g,,K-Classic,"Chips and fries, ,, Frozen foods, ,, Frozen fried potatoes, ,, Fries, ,, Frozen fries",,,,Germany,"German: Kartoffeln (96 %), Sonnenblumenöl (4 %) Mit wertvollem Sonnenblumenöl!",,,3,,3,A,False,True,yes,moderate,low,low,low,598.5,147.0,4.0,0.3,24.0,0.5,1.728,2.5,0.05092,,,0.0,,,,,,,,,,
https://world.openfoodfacts.org/product/4056489627722/hey-saveur-vanille-lidl,4056489627722,HEY saveur vanille – Lidl – 1 kg,1 kg,,Lidl,"Fait fermentè à boire, ,, Enrichi en vitamine D, ,, Saveur vanille","No artificial flavors, ,, No colorings, ,, Nutriscore, ,, Nutriscore Grade B, ,, Triman",,,France,"French: Lait écrémé reconstitué, 6,3% sucre, 6,2% lactosérum ( lait ), 2,2% crème ( lait ), arôme naturel de vanille avec autres arômes naturels, vitamine D, ferments lactiques ( lait ). À conserver +8°C maximum.",Milk,,9,B,4,,True,True,no,low,low,moderate,low,255.0,61.0,0.7,0.5,10.2,9.9,0.0,2.9,0.1,0.04,,,1,2,1,0,2,0,0,1,0,0
https://world.openfoodfacts.org/product/8595231214842/rc-cola-zero-royal-crown,8595231214842,RC Cola Zero – Royal Crown – 1pcs,1pcs,,Royal Crown,"Beverages and beverages preparations, ,, Beverages, ,, Carbonated drinks, ,, Sodas",,,,"Czech Republic, ,, Germany",,,,,B,,,,,,low,,,low,0.0,0.0,0.0,,0.0,,,0.0,0.0295,0.0118,,,0,0,0,0,0,0,0,0,0,0
https://world.openfoodfacts.org/product/3560071474454/salad-bowl-boulgour-quinoa-au-thon-carrefour,3560071474454,Salad'bowl Boulgour Quinoa au thon – Carrefour – 250 g,250 g,,Carrefour,"Meals, ,, Prepared salads, ,, Meals with fish, ,, Salads with fish, ,, Tuna salads","Nutriscore, ,, Nutriscore Grade A",,,France,"French: Thon listao (Katsuwonus pelamis) 24,8%, boulgour réhydraté 13,2% (blé dur précuit concassé, eau), huile de colza, quinoa blanc réhydraté 9,8% (quinoa blanc, eau), poivrons rouges 8,8%, eau, quinoa rouge réhydraté 5% (quinoa rouge, eau), tomates 4,8%, carottes 4,8%, petits pois 4,8%, oignons 4%, sel, épices (curcuma, coriandre, fenouil, romarin, fenugrec, piment fort), jus de citron, épaississant : gomme guar. Zone de pêche FAO : voir sur le couvercle.","Fish, Gluten",,31,B,4,,True,False,no,moderate,low,low,moderate,776.0,186.0,11.0,0.8,9.9,1.6,2.4,9.8,0.73,0.292,0.0,,1,5,4,2,0,0,3,4,0,0
https://world.openfoodfacts.org/product/5700426220024/yoghurt-jordbaer-yoggi,5700426220024,yoghurt jordbær – yoggi – 1000g,1000g,,yoggi,"Dairies, ,, Fermented foods, ,, Fermented milk products, ,, Desserts, ,, Dairy desserts, ,, Fermented dairy desserts, ,, Yogurts",,,,Denmark,"Danish: MÆLK , jordbær (8,5%), sukker (5,9%), majsstivelse, fortykningsmiddel (pektin), naturlig aroma, YOGHURTKULTUR.",Milk,,8,B,4,B,True,,no,low,low,moderate,low,289.0,69.0,1.4,0.8,9.7,9.5,,3.8,0.1,0.04,,8.5,1,2,1,0,2,0,0,1,0,0
https://world.openfoodfacts.org/product/5201037712446/delta-yogurt-greco-antico,5201037712446,DELTA YOGURT GRECO ANTICO,,,,"Dairies, ,, Fermented foods, ,, Fermented milk products, ,, Desserts, ,, Dairy desserts, ,, Fermented dairy desserts, ,, Yogurts, ,, Greek-style yogurts",No gluten,,,Italy,"Italian: Yogurt colato 0% di grassi (80%): latte scremato, fermenti lattici vivi. Preparazione di caffè (20%): zucchero, estratto di caffè (0,8%), amido nativo di mais, succo concentrato di limone, cacao in polvere, addensante: pectina; aroma di caffè, sciroppo di zucchero caramellizzato. Senza glutine.",Milk,,13,B,4,B,True,True,no,low,low,high,low,384.0,92.0,0.1,0.1,14.4,13.6,0.1,7.7,0.12,0.048,,,1,4,3,1,3,0,0,3,0,0
https://world.openfoodfacts.org/product/3606520597876/yaourt-nature-campagne-de-france,3606520597876,Yaourt nature – Campagne de France,,,Campagne de France,"Dairies, ,, Fermented foods, ,, Fermented milk products, ,, Desserts, ,, Dairy desserts, ,, Fermented dairy desserts, ,, Yogurts, ,, Plain fermented dairy desserts, ,, Plain yogurts",,,,France,,,,,B,,B,,,,moderate,moderate,low,low,300.0,72.0,3.4,2.1,6.3,4.5,,4.0,0.11,0.044,,,2,3,1,0,1,2,0,1,0,0
https://world.openfoodfacts.org/product/5020934520103/veg-it-james-white,5020934520103,Veg It – James White – 1 litre,1 litre,,James White,"Beverages and beverages preparations, ,, Plant-based foods and beverages, ,, Beverages, ,, Plant-based beverages, ,, Vegetable-based foods and beverages, ,, Juices and nectars, ,, Vegetable-based beverages, ,, Vegetable juices",No added sugar,,,United Kingdom,"Tomato juice from concentrate (60.5%), carrot juice (25%), lactofermented beetroot juice (4.5%), celery juice (4.5%), sauerkraut juice (3%), sea salt (0.6%), leek, cress, parsley, lemon juice concentrate. NUTRITIONAL INFO Voedingsinformatie/Infos nutritionnelles /Nährwertangaben Energy / Energie per/par / pro 100ml 82kJ /",Celery,,16,B,3,,False,True,yes,low,low,moderate,moderate,79.0,19.0,0.0,0.0,3.3,3.2,,0.7,0.59,0.236,,,-1,5,6,1,2,0,2,0,0,6
https://world.openfoodfacts.org/product/29387991/microwave-wholegrain-basmati-rice-red-white-quinoa-m-s,29387991,Microwave wholegrain basmati rice & red & white quinoa – M&S – 250g,250g,,"Marks & Spencers, ,, Marks & Spencer",Wholegrains,,,,United Kingdom,"Water Brown Basmati Rice (29%), Red Quinoa Seeds (5%), White Quinoa Seeds (5%), Vegetable Oil (Rapeseed).",,,5,B,3,,True,True,yes,low,low,low,moderate,558.0,132.0,1.9,0.3,23.3,0.3,4.6,3.2,0.78,0.312,0.0,,1,4,3,1,0,0,3,1,2,0
https://world.openfoodfacts.org/product/8002470030695/olive-oil-spray-bertolli,8002470030695,Olive Oil Spray – Bertolli,,,Bertolli,"Plant-based foods and beverages, ,, Plant-based foods, ,, Fats, ,, Vegetable fats, ,, Olive tree products, ,, Vegetable oils, ,, Olive oils, ,, Vegetable oil sprays, ,, Olive oil sprays",,,,United Kingdom,olive oil,,,1,B,2,E,True,True,yes,,,,,,852.0,94.847,14.288,0.028,0.029,0.01,0.083,0.002,,,10.668,0,5,5,,0,,0,0,0,5
https://world.openfoodfacts.org/product/0818290014726/chobani-greek-yogurt-fruit-bottom,0818290014726,Chobani Greek Yogurt Fruit Bottom,,,Chobani,"Dairies, ,, Fermented foods, ,, Fermented milk products, ,, Desserts, ,, Dairy desserts, ,, Fermented dairy desserts, ,, Yogurts, ,, Greek-style yogurts",No preservatives,,,United States,"Lowfat yogurt (cultured pasteurized nonfat milk, cream , live and active cultures: s. thermophilus, l. bulgaricus, l. acidophilus, bifidus and l. casei), water, brown sugar, steel-cut oats, raisins, oat fiber , pectin, lemon juice concentrate, natural flavors, locust bean gum, guar gum.","Gluten, Milk",,20,B,4,B,True,True,no,low,low,moderate,low,279.549090909091,66.0,1.49258181818182,0.559189090909091,16.5981818181818,11.3213636363636,1.97690909090909,3.85321818181818,0.0700427272727273,,,4.90909090909091,2,3,1,0,3,0,0,1,0,0
https://world.openfoodfacts.org/product/3248650024800/miettes-de-thon-a-la-tomate-monoprix,3248650024800,Miettes de thon à la tomate – Monoprix – 80 g (poids de poisson : 52 g),80 g (poids de poisson : 52 g),"Metal, ,, Box, ,, Canned",Monoprix,"Seafood, ,, Fishes and their products, ,, Canned foods, ,, Fishes, ,, Fatty fishes, ,, Canned fishes, ,, Tunas, ,, Canned tunas, ,, Tuna chunks, ,, Tuna flakes in tomato sauce",,,,France,"French: thon , eau, concentré de tomates 7,5%, huile de tournesol, sel, sucre, vinaigre d'alcool, poivre.",Fish,,8,B,3,E,True,False,no,moderate,low,low,moderate,464.0,111.0,5.0,0.6,2.5,2.5,,14.0,1.25,0.5,,,2,7,5,1,0,0,6,5,0,0
https://world.openfoodfacts.org/product/3410280029139/pommes-frites-2-5kg-top-budget,3410280029139,Pommes frites 2.5kg – Top budget – 2500 g,2500 g,,Top budget,fr:Frites pour friteuse,"Nutriscore, ,, Nutriscore Grade B",,,France,"potatoes (98%), non-hydrogenated palm oil",,,2,B,1,,False,True,yes,moderate,low,low,low,545.0,122.0,3.6,0.4,21.0,0.1,2.4,2.1,0.07,0.028,,,1,1,0,1,0,0,0,0,0,0
https://world.openfoodfacts.org/product/8005305900255/ekstra-jomfru-olivenolie-santagata,8005305900255,Ekstra jomfru olivenolie – Santagata – 1L,1L,,Santagata,"Plant-based foods and beverages, ,, Plant-based foods, ,, Fats, ,, Vegetable fats, ,, Olive tree products, ,, Vegetable oils, ,, Olive oils, ,, Extra-virgin olive oils, ,, Virgin olive oils, ,, da:Incorrect data on label, ,, da:Incorrect nutrition facts on label",,Europe,"Santagata 1907 S.p.a., ,, Via Albisola 39 – 16162 - Genova (GE), ,, Italia",Denmark,extra virgin olive oil,,,1,B,2,D,True,True,yes,high,high,low,low,3737.0,909.0,100.0,15.0,0.0,0.0,,0.0,0.0,0.0,,,0,5,5,,0,,0,0,0,5
https://world.openfoodfacts.org/product/8017759011104/riso-bianco-curtiriso,8017759011104,Riso Bianco – Curtiriso – 2 x 500 g,2 x 500 g,,Curtiriso,"Plant-based foods and beverages, ,, Plant-based foods, ,, Cereals and potatoes, ,, Seeds, ,, Cereals and their products, ,, Cereal grains, ,, Rices, ,, Japonica rices, ,, Rices for risotto, ,, Short grain rices, ,, Arborio rices",,Italy,Curti S.r.l.,"France, ,, Italy",French: RIZ LONG ARBORIO de qualité supérieure,,,1,B,1,E,True,True,yes,low,low,low,low,1481.0,354.0,0.4,0.1,80.4,0.2,1.0,6.7,0.01,0.004,,,1,3,2,,0,,0,2,0,0
https://world.openfoodfacts.org/product/9066000211007/schardinger-formil-leichte-haltbarmilch-0-5-fett,9066000211007,"Schärdinger Formil Leichte Haltbarmilch 0,5 % Fett – 1l",1l,,Schärdinger,"Beverages and beverages preparations, ,, Beverages, ,, Dairies, ,, Milks (liquid and powder), ,, Milks",,,,"Austria, ,, Germany",,,,,B,,D,,,,low,low,moderate,low,154.0,37.0,0.5,0.3,4.8,4.8,,3.4,0.1275,0.051,,,-1,6,7,3,3,0,0,7,0,0
https://world.openfoodfacts.org/product/0063211311211/soupe-aux-legumes-du-jardin-habitant,0063211311211,SOUPE AUX LÉGUMES du jardin – Habitant – 796 ml,796 ml,,Habitant,"Plant-based foods and beverages, ,, Plant-based foods, ,, Fruits and vegetables based foods, ,, Vegetable-based foods and beverages, ,, Canned foods, ,, Meals, ,, Vegetables based foods, ,, Vegetables, ,, Soups, ,, Vegetable soups, ,, Reheatable soups, ,, Canned meals, ,, Canned soups, ,, Canned vegetable soups",,,,"Canada, ,, France","Water, Tomato paste, Carrots, Potatoes, Diced tomatoes (tomatoes, tomato juice, citric acid, calcium chloride), Celery , Corn, Green beans, Sugar, Modified corn starch, Peas, Pasta ( wheat flour ), Barley , Salt, Green bell peppers, Cabbage, Dried onion, Yeast extract, Carrot juice concentrate, Dried parsley, Dried garlic, Flavour, Citric acid.","Celery, Gluten",,28,B,4,A,True,,maybe,low,low,low,moderate,117.0,28.0,0.0,0.0,7.2,2.8,1.2,0.8,0.76,0.304,,,2,3,1,0,0,0,3,0,0,1
https://world.openfoodfacts.org/product/0190569100959/peaches-and-cream-corn-green-giant,0190569100959,Peaches and Cream Corn – Green Giant – 341 ml,341 ml,,Green Giant,"Plant-based foods and beverages, ,, Plant-based foods, ,, Fruits and vegetables based foods, ,, Canned foods, ,, Cereals and potatoes, ,, Seeds, ,, Vegetables based foods, ,, Canned plant-based foods, ,, Cereals and their products, ,, Canned vegetables, ,, Cereal grains, ,, Corn, ,, Canned cereals, ,, Canned corn, ,, Canned sweet corn",,Canada 🇨🇦,Canada,Canada,"SUPERSWEET WHOLE KERNEL CORN, WATER, SALT.",,,3,B,3,A,False,True,yes,low,low,low,moderate,200.0,48.0,0.0,0.0,11.2,1.6,0.8,1.6,0.48,0.192,,,2,2,0,,0,,2,0,0,0
https://world.openfoodfacts.org/product/3266191068411/soupe-de-legumes-d-hiver-la-vie-claire,3266191068411,Soupe de légumes d'hiver – La Vie Claire – 50 cl,50 cl,,La Vie Claire,"Plant-based foods and beverages, ,, Plant-based foods, ,, Fruits and vegetables based foods, ,, Meals, ,, Soups, ,, Vegetable soups","Organic, ,, EU Organic, ,, AB Agriculture Biologique",,,France,"French: Légumes d'hiver* 50% (carottes*, poireaux*, pommes de terre*), eau, oignons*, huile d'olive vierge extra *, ail*, sel marin de Camargue non raffiné, poivre*. *Ingrédients agricoles issus de l'Agriculture Biologique.",,"Gluten, Nuts, Sesame seeds",10,B,3,A,True,True,yes,low,low,low,moderate,184.0,44.0,2.7,0.3,3.7,1.4,,0.8,0.6,0.24,,,1,2,1,0,0,0,2,0,0,1
https://world.openfoodfacts.org/product/6130002001713/rouiba,6130002001713,Rouiba,,,Rouiba,Juce,No preservatives,,,Algeria,,,,,B,,,,,,low,low,moderate,low,184.0,44.0,0.0,0.0,11.0,10.0,,0.0,0.0,0.0,,,2,2,0,0,2,0,0,0,0,0
https://world.openfoodfacts.org/product/3454840010106/lait-bio-de-vache-yo-gourmand,3454840010106,Lait bio de vache – Yo Gourmand,,,Yo Gourmand,"Dairies, ,, Milks, ,, Homogenized milks, ,, Semi-skimmed milks, ,, UHT Milks, ,, Cow milks","Organic, ,, EU Organic, ,, AB Agriculture Biologique",France,,France,"French: Lait stérilisé U.H.T. demi-écrémé, issu de l'agriculture biologique. Lait d'origine France",Milk,,3,B,1,C,False,True,no,low,low,low,low,192.0,46.0,1.6,1.0,4.6,4.6,,3.2,0.1,0.04,,,-1,6,7,3,3,0,0,7,0,0
https://world.openfoodfacts.org/product/0096619235896/organic-apple-snack-kirkland-signature,0096619235896,organic Apple Snack – Kirkland Signature – 90 g,90 g,,Kirkland Signature,"Plant-based foods and beverages, ,, Plant-based foods, ,, Fruits and vegetables based foods, ,, Desserts, ,, Fruits based foods, ,, Compotes, ,, Fruit-puree","No gluten, ,, Organic, ,, Canada Organic",,,Canada,"Oronic apeles, Water, Ascorbic acid, Poinmesiologiques, Eau, Acide ascorbique",,,6,B,,A,False,True,yes,low,low,moderate,low,232.0,55.0,0.0,0.0,14.8148148148148,0.0,1.23456790123457,0.246913580246913,0.0,0.0,0.0,,2,2,0,0,2,0,0,0,0,0
https://world.openfoodfacts.org/product/4316268610834/jasmin-langkorn-reis-satori,4316268610834,Jasmin Langkorn Reis – Satori – 915g,915g,de:Gelbe Tonne,Satori,"Plant-based foods and beverages, ,, Plant-based foods, ,, Cereals and potatoes, ,, Seeds, ,, Cereals and their products, ,, Cereal grains, ,, Rices, ,, Aromatic rices, ,, Indica rices, ,, Long grain rices, ,, Jasmine rice","Nutriscore, ,, Nutriscore Grade A","Asia, ,, Thailand",,"France, ,, Germany",German: Jasmin Reis,,,1,B,1,D,True,True,yes,low,low,low,low,1481.0,349.0,1.0,0.3,76.0,0.5,3.0,7.5,0.01,0.004,,0.0,1,4,3,,0,,0,3,0,0
https://world.openfoodfacts.org/product/0071010120231/italian-bread-schmidt-old-tyme,0071010120231,Italian Bread – Schmidt Old Tyme – 18 oz,18 oz,,Schmidt Old Tyme,"Plant-based foods and beverages, ,, Plant-based foods, ,, Cereals and potatoes, ,, Breads",,,,United States,"WATER, MODIFIED WHEAT STARCH, ENRICHED FLOUR ( WHEAT FLOUR , MALTED BARLEY FLOUR , NIACIN, REDUCED IRON, THIAMIN MONONITRATE, RIBOFLAVIN, FOLIC ACID), WHEAT GLUTEN, SUGAR, YEAST, SOYBEAN OIL, SALT, WHEAT PROTEIN ISOLATE, POWDERED CELLULOSE, OAT FIBER , CULTURED WHEAT FLOUR, GUAR GUM, WHEAT FLOUR , WHOLE WHEAT FLOUR, VINEGAR, ENZYMES, SUNFLOWER OIL, ASCORBIC ACID (DOUGH CONDITIONER).","Gluten, Soybeans",Soybeans,27,B,4,,True,True,yes,low,low,low,moderate,1312.96296296296,148.0,1.85185185185185,0.0,51.8518518518519,3.7037037037037,29.6296296296296,7.40740740740741,1.25,0.5,,0.0,2,10,8,3,1,0,6,3,5,0
https://world.openfoodfacts.org/product/5400101258112/huile-ail-carrefour-selection,5400101258112,Huile ail – Carrefour Selection – 25 cl,25 cl,Glass bottle,"Carrefour, ,, Carrefour Selection","Plant-based foods and beverages, ,, Plant-based foods, ,, Fats, ,, Vegetable fats, ,, Olive tree products, ,, Vegetable oils, ,, Olive oils, ,, Virgin olive oils",With garlic,,,"Belgium, ,, France","huile d'olive vierge extra 95,7% aromatisée à l'ail, ail 2,6%, arôme naturel d'ail",,,3,B,4,D,True,,maybe,high,high,low,low,3388.0,824.0,91.0,14.0,0.5,0.5,0.5,0.5,0.01,0.004,,,0,5,5,,0,,0,0,0,5
https://world.openfoodfacts.org/product/3585810082325/bergamot-black-tea-kusmi-tea,3585810082325,Bergamot black tea – Kusmi Tea – 40g,40g,,Kusmi Tea,"Beverages and beverages preparations, ,, Plant-based foods and beverages, ,, Beverages, ,, Hot beverages, ,, Plant-based beverages, ,, Teas, ,, Black teas, ,, Flavored teas, ,, Flavored black teas, ,, Teas with bergamot, ,, Bergamot flavored black teas","Vegetarian, ,, Organic, ,, EU Organic, ,, USDA Organic, ,, Vegan",,,France,"Dutch: Zwarte thee*, essentiële olie van bergamot *Product van biologische landbouw",,,1,B,1,A,True,True,yes,,,,,5.1,1.0,0.0,0.0,0.2,0.0,0.0,0.1,0.0,0.0,,0.0,0,0,0,0,0,0,0,0,0,0
https://world.openfoodfacts.org/product/8002724000191/latte-scremato-arborea,8002724000191,Latte Scremato – Arborea,,,Arborea,"Dairies, ,, Milks, ,, Lactose-free milk","FSC, ,, FSC Mix, ,, No lactose, ,, Life-cycle-assessment, ,, it:Benessere-animale, ,, it:Tetra-pak, ,, it:Uni-iso-14001","Italy, ,, it:Italia (Sardegna), ,, it:Sardegna",Assegnatari Associati Arborea soc. coop. agr.,Italy,"Italian: latte scremato (
without lactose)",Milk,,1,B,1,C,True,True,no,low,low,low,low,143.0,34.0,0.1,0.06,4.9,4.9,0.0,3.3,0.1,0.04,,0.0,-2,5,7,2,3,0,0,7,0,0
https://world.openfoodfacts.org/product/0701891100014/planeta-azul,0701891100014,Planeta Azul – 8 oz,8 oz,Bottle,Planeta Azul,"Beverages, ,, Waters, ,, Purified water","NSF, ,, Nuvi",Dominican Republic,,Dominican Republic,Purified Water,,,1,B,1,,True,True,yes,,,,,18.194,3.0,0.039,0.007,1.009,0.867,0.053,0.046,0.017,,,1.017,0,0,0,0,0,0,0,0,0,0
https://world.openfoodfacts.org/product/0814558021598/organic-plant-based-cashewmilk-yogurt-forager,0814558021598,Organic plant based cashewmilk yogurt – Forager,,,Forager,"Plant-based foods and beverages, ,, Fermented foods, ,, Dairy substitutes, ,, Desserts, ,, Non-dairy desserts, ,, Non-dairy fermented foods, ,, Non-dairy yogurts","Organic, ,, USDA Organic",,,United States,"Cashewmilk (Filtered Water, Cashews* ), Coconut Cream*, Tapioca Starch*, Natural Flavors*, Guar Gum*, Pectin, Locust Bean Gum*, Agar, Vanilla Beans*, Live Active Cultures., Live Active Cultures: S. Thermophilus, L. Bulgaricus, L. Acidophilus, Bifidus, L. Lactis, L. Plantarum.",Nuts,,19,B,4,,True,True,yes,moderate,low,low,low,306.0,73.0,4.66666666666667,1.33333333333333,6.66666666666667,0.0,0.666666666666667,2.0,0.0166666666666667,0.00666666666666667,,,1,1,0,0,0,1,0,0,0,0
https://world.openfoodfacts.org/product/4056489242000/green-chalkidiki-olives-chef-select,4056489242000,GREEN CHALKIDIKI OLIVES – chef select – 150g,150g,Plastic,Chef Select,"Plant-based foods and beverages, ,, Plant-based foods, ,, Pickles, ,, Olive tree products, ,, Plant-based pickles, ,, Olives, ,, Green olives, ,, Stuffed olives, ,, Green stuffed olives, ,, Green olives stuffed of peppers","No gluten, ,, Vegetarian, ,, Vegan, ,, Nutriscore, ,, Nutriscore Grade C",,,"Austria, ,, Germany","82% green halkidiki olives* without stone, sunflower oil, 4% hot red peppers cut (spicy red peppers, salt, acidifier: citric acid, preservative: sodium benzoate, firming agent: calcium lactate), tomato paste, 1.3% garlic, brandy vinegar, 0.8% dill, herbs, extra virgin olive oil, spices, salt, acidifier: citric acid, antioxidant: ascorbic acid, preservative: potassium sorbate, *prasines elies chalkidikis pdg",,"Milk, Mustard, Nuts",24,B,4,A,False,True,yes,low,low,low,low,761.0,300.0,0.0,0.0,0.0,0.0,0.0,0.0,0.0,0.0,0.0,,2,2,0,2,0,0,0,0,0,0
https://world.openfoodfacts.org/product/3262970002911/lait-demi-ecreme-sterilise-uht-alsace-lait,3262970002911,Lait demi-écrémé stérilisé UHT – Alsace lait – 1l,1l,,Alsace lait,"Dairies, ,, Milks (liquid and powder), ,, Milks, ,, Homogenized milks, ,, Pasteurised products, ,, Semi-skimmed milks, ,, UHT Milks","Fed without GMOs, ,, Triman","Origine : Alsace, Grand Est, France.",,France,French: Lait* demi-crémé stérilisé UHT,,,1,B,,C,False,True,yes,low,low,low,low,202.0,48.0,1.6,1.1,4.6,4.6,0.0,3.8,0.12,0.048,,,0,7,7,3,3,1,0,7,0,0
https://world.openfoodfacts.org/product/8017596120069/olio-extra-virgine-di-oliva-frantoio-la-rocca,8017596120069,Olio extra virgine di oliva – Frantoio La Rocca – 1L,1L,Glass,"Frantoio La Rocca, ,, eurospin","Plant-based foods and beverages, ,, Plant-based foods, ,, Fats, ,, Vegetable fats, ,, Olive tree products, ,, Vegetable oils, ,, Olive oils, ,, Extra-virgin olive oils, ,, Virgin olive oils",,European Union,,"Croatia, ,, Germany, ,, Italy",Italian: OLIO EXTRA VERGINE DI OLIVA,,,1,B,2,D,True,True,yes,high,high,low,low,3389.0,824.0,91.6,14.1,0.0,0.0,,0.0,0.0,0.0,,,0,5,5,,0,,0,0,0,5
https://world.openfoodfacts.org/product/4305615874463/cashewbruch-enerbio,4305615874463,Cashewbruch – EnerBio – 500g,500g,,EnerBio,"Plant-based foods and beverages, ,, Plant-based foods, ,, Nuts and their products, ,, Nuts, ,, Cashew nuts","Organic, ,, Vegetarian, ,, EU Organic, ,, Vegan, ,, EG-Öko-Verordnung, ,, DE-ÖKO-006",,,Germany,German: Cashewkerne,Nuts,"Nuts, Peanuts",1,B,1,C,True,True,yes,high,high,moderate,low,2464.0,589.0,45.0,8.4,24.0,7.4,4.4,20.0,0.01,0.004,,,-3,6,9,,2,,0,7,2,0
https://world.openfoodfacts.org/product/3596710494828/veloute-tomates-vermicelles-auchan,3596710494828,Velouté tomates vermicelles – Auchan – 0.6 l,0.6 l,,Auchan,"Plant-based foods and beverages, ,, Plant-based foods, ,, Fruits and vegetables based foods, ,, Vegetable-based foods and beverages, ,, Meals, ,, Vegetables based foods, ,, Soups, ,, Tomatoes and their products, ,, Vegetable soups, ,, Cream soups, ,, Cream of vegetable soups, ,, Cream of tomato soups, ,, Soups (prepared) (Shelf Stable)","In braille, ,, Nutriscore, ,, Nutriscore Grade B, ,, Triman",,,"France, ,, World","French: Purée de tomate reconstituée 38%, eau, carotte, spécialités céréalières cuites 9,5% (semoule de BLÉ dur, blanc d' ŒUF ), pomme de terre, sucre, beurre ( LAIT ), oignon, sel, crème ( LAIT ), plantes aromatiques, ail. Teneur en légumes : 59% Elaboré à partir de légumes et de lait origine France Peut contenir des traces de soja et de céleri .","Eggs, Gluten, Milk, Soybeans",Celery,15,B,3,A,True,True,no,low,low,low,moderate,140.0,33.0,0.8,0.5,4.8,3.0,1.3,1.1,0.57,0.228,,,1,2,1,0,0,0,2,0,0,1
https://world.openfoodfacts.org/product/3700966570476/rillettes-de-thon-msc-chorizo-140g-frais-cap-ocean,3700966570476,Rillettes de thon MSC chorizo - 140g - Frais – CAP OCÉAN – 0.14 kg,0.14 kg,,CAP OCÉAN,"Seafood, ,, Fishes and their products, ,, Fish preparations, ,, Fish (Freshly prepared)","Sustainable, ,, Sustainable fishery, ,, No artificial flavors, ,, Nutriscore, ,, Nutriscore Grade B, ,, Sustainable Seafood MSC",Fabriqué en France,,France,"French: THON LISTAO MSC 34%, POISSON blanc MSC, eau, chorizo (viande origine France) 9% (viande de bœuf, viande de porc et gras de porc, épices et plantes aromatiques, sel, sirop de glucose, arômes naturels, ferments), huile de colza, tomates semi-séchées marinées (tomates, huile de colza, sel, ail, origan), tomate double concentré, fécule de manioc, protéines de LACTOSÉRUM , sel, fibre de BLÉ (fibres de BLÉ et de psyllium), ail déshydraté, jus de citron en poudre (jus concentré de citron, maltodextrine), épice.
Traces possibles de: SOJA , CRUSTACÉS , OEUF , CÉLERI, MOUTARDE , MOLLUSQUES .","Crustaceans, Eggs, Fish, Gluten, Milk, Molluscs, Mustard, Soybeans","Celery, Crustaceans, Eggs, Molluscs, Mustard, Soybeans",37,B,4,,,False,no,moderate,moderate,low,moderate,698.0,168.0,11.0,1.5,3.1,1.1,,14.0,1.0,0.4,,,2,7,5,2,0,1,4,5,0,0
https://world.openfoodfacts.org/product/5017601042051/tuscan-bean-soup-suma,5017601042051,Tuscan Bean Soup – Suma – 400g,400g,,Suma,"Plant-based foods and beverages, ,, Plant-based foods, ,, Fruits and vegetables based foods, ,, Canned foods, ,, Meals, ,, Soups, ,, Vegetable soups, ,, Canned meals, ,, Canned soups, ,, Canned vegetable soups","Organic, ,, Vegetarian, ,, EU Organic, ,, Non-EU Agriculture, ,, Vegan, ,, EU Agriculture, ,, EU/non-EU Agriculture, ,, IT-BIO-009",European Union and Non European Union,,United Kingdom,"Water, Beans* (14%) in variable proportions [Haricot, Borlotti, Red Kidney*, Cannellini ], Sieved Tomatoes* (5%), Onion*, Red Pepper, Celery* , Vegetable Bouillon* (Salt, Vegetables in variable proportions (Onion, Celery* Carrot), Parsley*, Corn starch*, Yeast extract, Spices*), Sunflower Oil*, Garlic* Corn Starch*, Herbs* (Basil*, Parsley* Rosemary*), Ground Black Pepper Salt. *From organic farming",Celery,,21,B,3,A,False,True,yes,low,low,low,moderate,196.0,47.0,0.8,0.1,6.4,1.3,2.0,2.6,0.7,0.28,,,2,3,1,0,0,0,3,1,0,0
https://world.openfoodfacts.org/product/26005485/paella-royale-la-cuisine-des-saveurs,26005485,Paëlla royale – la cuisine des saveurs – 900 g,900 g,,la cuisine des saveurs,"Meats and their products, ,, Frozen foods, ,, Meals, ,, Meals with meat, ,, Rice dishes, ,, Poultry meals, ,, Meals with chicken, ,, Paella","Sustainable, ,, Sustainable fishery, ,, Nutriscore, ,, Nutriscore Grade B, ,, Responsible aquaculture, ,, Responsible aquaculture ASC, ,, Sustainable Seafood MSC",,,France,"French: Riz cuit 42,3% (eau, riz, curcuma), eau, émincés de viande de cuisse de poulet traité en salaison 6,3% (viande de cuisse de poulet 6,1% (origine: UE), dextrose, amidon, sel, petits pois 6,1%, crevettes 4,4% ( crevettes 3,9%, eau, sel), chorizo 3,6% [viande et graisse de porc 2,7% (origine: UE), sel, protéines de lait , épices, arôme naturel, arôme de fumée, antioxydant: ascorbate de sodium, conservateur: nitrite de sodium, colorants: (bêta - carotène, extrait de paprika), calamar 3,1% ( calamar 2,8%, eau, sel), poivrons rouges 3,1%, poivrons verts 3,1%, oignons, moules 2,1% ( moules 1,9%, eau), tomates 2%, double concentré de tomates, huile de colza, jus de citron à base de concentré, bouillon de poisson (sirop de glucose, sel, poudre de poisson , huile de tournesol, poudre d'oignon, épices), amidon de riz, poudre d'ail, sel, poudre de tomate, poudre de crevette , poudre d'oignon blanc, poudre de homard , sucre, poivre blanc, curcuma en poudre, poudre de safran","Crustaceans, Fish, Milk, Molluscs","Celery, Eggs, Gluten, Mustard, Sesame seeds, Soybeans, Sulphur dioxide and sulphites",62,B,4,C,,False,no,moderate,low,low,moderate,455.0,108.0,3.0,0.8,15.0,1.0,0.8,5.0,0.72,0.288,,,2,4,2,1,0,0,3,2,0,0
https://world.openfoodfacts.org/product/8590421042106/semi-skimmed-milk-nature-s-promise,8590421042106,Semi skimmed milk – Nature's Promise – 1 l,1 l,"Cardboard, ,, Recyclable material, ,, SIG, ,, Combibloc",Nature's Promise,"Dairies, ,, Milks, ,, Lactose-free milk","No lactose, ,, FSC-C020428",Czech Republic,Czech Republic,"Czech Republic, ,, Serbia",Allergens: Milk,Milk,,,B,,C,,,,low,low,low,low,197.0,47.0,1.5,0.9,4.9,4.9,,3.4,0.1,0.04,,,-1,6,7,3,3,0,0,7,0,0
https://world.openfoodfacts.org/product/0850027702186/cream-soda-olipop,0850027702186,Cream Soda – OLIPOP,,,OLIPOP,"Beverages, ,, Carbonated drinks, ,, Sodas","No GMOs, ,, Non GMO project",,,"United States, ,, World","Carbonated Water, Cassava Root Fiber, Chicory Root Inulin, Jerusalem Artichoke Inulin, Nopal Cactus*, Marshmallow Root*, Calendula Flower*, Kudzu Rool*), Cassava Root Syrup, Allulose Syrup, Lemon Juice, Natural Dark Vanilla Flavor, Stevia Leaf*, Himalayan Pink Sall, Natural Vanilla Flavor",,,15,B,4,,False,True,yes,low,,low,low,58.0,14.0,0.0,,5.35211267605634,0.0,2.53521126760563,0.0,0.0,0.0,,,1,1,0,1,0,0,0,0,0,0
https://world.openfoodfacts.org/product/3266191101316/pois-chiches-la-vie-claire,3266191101316,Pois chiches – La Vie Claire – 330 g,330 g,,La Vie Claire,"Plant-based foods and beverages, ,, Plant-based foods, ,, Legumes and their products, ,, Canned foods, ,, Legumes, ,, Seeds, ,, Canned plant-based foods, ,, Legume seeds, ,, Pulses, ,, Chickpeas, ,, Canned legumes, ,, Canned chickpeas","Organic, ,, EU Organic, ,, AB Agriculture Biologique",France,,France,,,,,B,,A,,,,low,low,low,moderate,468.0,112.0,1.9,0.2,15.0,2.1,4.2,6.5,0.35,0.14,,,-2,2,4,,0,,1,2,2,0
https://world.openfoodfacts.org/product/2006050109982/petites-escalopes-de-volaille-et-penne-la-cuisine-des-saveurs,2006050109982,Petites escalopes de volaille et penne – La cuisine des saveurs – 900 g,900 g,fr:Sachet plastique,La cuisine des saveurs,"Meats and their products, ,, Meals, ,, Pasta dishes, ,, Meals with meat, ,, Poultry meals, ,, Meals with chicken","Green Dot, ,, Nutriscore",,,France,"French: Pâtes cuites 45,1 % (eau, semoule de blé dur), champignons 20,6 %, bouchées de blanc de poulet traité en salaison 15,6 % [bouchées de filet et/ou aiguillette , crème 7,9%, amidon de tapioca, huile de colza, ail, persil, amidon de riz, champignons en poudre 0,27 % (champignons en poudre, maltodextrine), légumes en poudre (oignon, carotte, tomate), épices, huile de tournesol, sel, échalotes, lait écrémé en poudre, champignon Boletus 0,02%, thym, poivre eau, blanc","Gluten, Milk","Celery, Crustaceans, Eggs, Fish, Gluten, Molluscs, Mustard, Sesame seeds, Soybeans, Sulphur dioxide and sulphites",28,B,4,E,True,True,no,moderate,moderate,low,moderate,541.0,129.0,3.4,1.7,15.0,0.5,3.2,7.5,0.63,0.252,,,1,5,4,1,0,1,3,3,1,0
https://world.openfoodfacts.org/product/8431876326451/crema-de-calabaza-carrefour,8431876326451,Crema de calabaza – Carrefour,,,Carrefour,"Plant-based foods and beverages, ,, Plant-based foods, ,, Fruits and vegetables based foods, ,, Meals, ,, Soups, ,, Vegetable soups, ,, Cream soups, ,, Cream of vegetable soups, ,, Cream of pumpkin soups","Nutriscore, ,, Nutriscore Grade A",,,Spain,,,,,B,,A,,,,low,low,low,moderate,184.0,44.0,1.7,0.2,6.0,1.3,0.4,0.9,0.4425,0.177,,,2,2,0,0,0,0,2,0,0,0
https://world.openfoodfacts.org/product/5900497300506/pepsi-max-0-5,5900497300506,Pepsi Max 0.5 – 500 ml,500 ml,,Pepsi,"Beverages and beverages preparations, ,, Beverages, ,, Carbonated drinks, ,, Artificially sweetened beverages, ,, Sodas, ,, Diet beverages, ,, Colas, ,, Diet sodas",Green Dot,,,"Poland, ,, Ukraine","Polish: woda, dwutlenek węgla, barwnik (E150d), substancje słodzące (patan acesulfam K), kwasy (kwas fosforowy, kwas cytrynowy), regulator kwasow fcytryniany sodu), aromaty, w tym kofeina.",,,12,B,4,,True,True,yes,low,low,low,low,2.0,1.0,0.0,0.0,0.0,0.0,,0.0,0.01,0.004,,,0,0,0,0,0,0,0,0,0,0
https://world.openfoodfacts.org/product/5391526417447/promise-gluten-free-brown-loaf,5391526417447,Promise Gluten Free brown loaf,,,Promise,Brown-loaf-gluten-free,"No gluten, ,, Vegetarian, ,, Vegan, ,, Green Dot",,,United Kingdom,"Water, Tapioca Starch, Rice Flour, Thickeners: Cellulose, Hydroxypropyl Methyl Cellulose, Co Carboxymethyl Cellulose, Methyl Cellulose, Xanthan Pr Gum; Wholegrain Maize Flour, Potato Starch, Yeast, Psyllium Husk Powder, Humectant: Glycerol; Rapeseed Oil, Rice Starch, Golden Syrup, Maize Starch, Salt, Preservatives: Sodium Propionate, Sorbic Acid, Burnt Sugar, Spirit Vinegar.",,,25,B,4,,True,True,yes,moderate,low,low,moderate,951.0,227.0,5.25,0.5,49.75,1.875,13.375,2.625,1.09375,0.4375,,,1,7,6,2,0,0,5,1,5,0
https://world.openfoodfacts.org/product/5900820021467/mleko-uht-3-2-mazurski-smak,5900820021467,Mleko UHT 3.2% – Mazurski smak – 1 L,1 L,,Mazurski smak,"Dairies, ,, Milks, ,, Homogenized milks, ,, UHT Milks, ,, Whole milks, ,, Whole milk UHT",,,,Poland,,,,,B,,D,,,,moderate,moderate,low,low,251.0,60.0,3.2,2.0,4.7,4.7,,3.2,0.1,0.04,,,2,9,7,5,3,1,0,7,0,0
https://world.openfoodfacts.org/product/4056489970101/paella-royale-lidl,4056489970101,Paella royale – Lidl,,,Lidl,"Meals, ,, Meals with meat, ,, Rice dishes, ,, Paella","Nutriscore, ,, Nutriscore Grade A",,,France,"French: 1 boîte de garniture 800g: Eau, 26% , poulet (origine France), 10% carottes, 8% moules du Pacifique, 7,5% petits pois, 3,1% poivrons, 3,1% chorizo (viande de porc (origine France), gras de porc, piment, sel, dextrose, plantes aromatiques, antioxydant: extraits de romarin, ferments), oignons, concentré de tomates, plantes aromatiques, sel, sucre, arômes naturels, fumet de poisson aromatisé (arômes naturels, maltodextrine, sel, poissons en poudre, plante aromatique), huile d'olive vierge, épice. Les pourcentages sont exprimés sur la boîte de garniture-1 coupelle de riz 200g - 1 sachet d'assaisonnement 0,8g: curcuma, piment doux, ail, poivre. Traces éventuelles de crustacés , soja , céleri , moutarde , lait et céréales contenant du gluten .","Fish, Molluscs","Celery, Crustaceans, Gluten, Milk, Mustard, Soybeans",36,B,4,D,,False,no,moderate,low,low,moderate,589.0,141.0,3.5,1.2,18.6,1.5,1.3,8.0,0.66,0.264,,,2,5,3,1,0,1,3,3,0,0
https://world.openfoodfacts.org/product/5000112669169/fanta-zero-sugar-orange,5000112669169,Fanta zero sugar orange – 330ml,330ml,,Fanta,"Beverages and beverages preparations, ,, Plant-based foods and beverages, ,, Beverages, ,, Plant-based beverages, ,, Carbonated drinks, ,, Fruit-based beverages, ,, Artificially sweetened beverages, ,, Sodas, ,, Fruit sodas, ,, Orange soft drinks, ,, Sweetened beverages","Low or no sugar, ,, No sugar",,,Norway,"Bokmål: Kullsyreholdig vann, appelsinjuice fra konsentrat (4%). syrer (E 330, E 296). setstoffer (acesulfam K aspartam). naturlig appelsinaroma med andre naturlige 331), stabilisator (E 412). gulrotekstrakt, fargestoff (E160a aromaer, antioksidant (E 300), surhetsregulerende middel Inneholder en kilde til fenylalanin.",,,16,B,4,,False,True,yes,low,low,low,low,11.0,3.0,0.0,0.0,0.4,0.4,,0.0,0.01,0.004,,,0,0,0,0,0,0,0,0,0,0
https://world.openfoodfacts.org/product/8713500013129/kersen-zero-hero,8713500013129,Kersen zero – Hero – 300 gram,300 gram,,Hero,"Plant-based foods and beverages, ,, Plant-based foods, ,, Breakfasts, ,, Spreads, ,, Plant-based spreads, ,, Sweet spreads, ,, Fruit and vegetable preserves, ,, Jams, ,, Cherry jams",,,,Netherlands,"Dutch: Kersen (50%), water, zoetstoffen (maltitolsiroop, sucralose), aroniaconcentraat, geleermiddel (pectine), zuurteregelaar(citroenzuur), conserveermiddel (kaliumsorbaat), verstevigingsmiddel (calciumchloride).",,,14,B,4,D,True,True,yes,low,low,moderate,low,226.0,54.0,0.2,0.0,15.0,7.1,0.8,0.5,0.075,0.03,,55.3571428571429,1,2,1,0,2,0,0,0,0,1
https://world.openfoodfacts.org/product/5060678710774/isn-t-roast-chicken-and-stuffing-this,5060678710774,Isn't Roast Chicken And Stuffing – This,,,This,"Plant-based foods and beverages, ,, Plant-based foods, ,, Meat alternatives, ,, Meat analogues","Vegetarian, ,, Vegan",,,United Kingdom,"Plant-based chicken flavoured roast with stuffing (16%) made from soya protein (15%) and pea protein (3%), with garlic vegan melt (2%) and sage. Water, Soya Protein Concentrate, Vegetable Oils (Shea, Rapeseed, RSPO Palm, Olive), Natural Flavouring, Textured Pea Protein, Thickeners (Methylcellulose, Xanthan Gum, Konjac, Carrageenan), Pea Protein Isolate, Fava Protein Isolate, Potato Starch, Salt, Pea Fibre, Dextrin, Pea Starch, Dried Onion, Spices, Vinegar, Stabiliser (Calcium Sulphate), Herbs, Garlic Puree, Vitamin B12, Iron, Colour (Carotenes, Beetroot Red), Dextrose, Cacao Extract, Apple Extract. For allergens, see ingredients in bold. Produced in an environment that handles cereals containing gluten. S In V * a C P",Soybeans,,43,B,4,,,True,yes,moderate,moderate,low,moderate,840.0,201.0,13.5,3.9,5.2,0.3,5.1,14.2,0.9825,0.393,,,1,9,8,2,0,3,4,6,2,0
https://world.openfoodfacts.org/product/5059697764400/breaded-chicken-steaks-tesco,5059697764400,Breaded Chicken Steaks – Tesco,,,Tesco,"Meats and their products, ,, Meat preparations, ,, Meats, ,, Chicken and its products, ,, Poultries, ,, Breaded products, ,, Chicken preparations, ,, Chickens, ,, Breaded chicken",,,,United Kingdom,"Chicken (63%), Wheat Flour Wheat Flour, Calcium Carbonate, Iron, Niacin, Thiamin], Water, Rapeseed Oil, Pea Fibre, Salt, Deactivated Yeast (contains Wheat , Barley ), Wheat Starch, Yeast, Wheat Gluten, Yeast Extract, Spirit Vinegar Powder, Onion Powder, Spices, Sugar, Garlic Powder, Sage, Sunflower Oil, Concentrated Lemon Juice, Thyme Extract, Evaporated Cane Syrup, Cumin Extract, Black Pepper Extract. Made using British chicken.","Chicken, Gluten",,28,B,4,E,True,False,no,moderate,moderate,low,moderate,1013.9,243.0,14.2,2.5,11.0,1.2,2.2,16.7,0.58,0.232,,0.0,1,7,6,3,0,2,2,6,0,0
https://world.openfoodfacts.org/product/3450970060813/paella-poulet-et-fruit-de-mer-eco,3450970060813,Paella Poulet et Fruit de Mer – Eco+ – 1 KG,1 KG,,Eco+,"Meats and their products, ,, Frozen foods, ,, Meals, ,, Meals with meat, ,, Rice dishes, ,, Paella","Nutriscore, ,, Nutriscore Grade B",,,France,"French: Riz cuit 53 % (eau, riz (origine: Europe), sel), eau, petit pois 7.7%, poivron rouge 6,4 %, poulet rôti reconstitué traité en salaison 6.0 % (viande de poulet (origine: UE), amidon de tapioca, lactose , sel, protéines de pois), oignon 4,3 %, colin d'Alaska (pêché en océan Pacifique) 3,2 %, chorizo 2,0 % (viande et gras de porc (origine: France), piment, sel, dextrose, ail, origan, extrait de romarin, ferments), crevette décortiquée cuite 1,7 % ( crevette (pêchée en océan Indien), eau, sel, correcteur d'acidité: E330), moule du Pacifique décoquillée cuite (élevée au Chili) 1,6 %, anneau de calmar (pêché en océan Indien) 1,6%, huile de tournesol, arômes naturels (dont crustacés ), purée de tomates double concentrée, curcuma, colorant: E160c, bouillon de legumes (extrait d'épices, extrait de plantes aromatiques, maltodextrine, extrait de carotte, extrait de poireau, arômes naturels, sel), oignon en poudre, sel, amidon modifié de manioc, maltodextrine, épices, fecule de pomme de terre, lactose , poisson en poudre, plantes aromatiques.","Crustaceans, Fish, Milk, Molluscs",,60,B,4,E,True,False,no,low,low,low,moderate,460.0,110.0,1.9,0.4,17.0,0.5,0.7,5.8,0.66,0.264,,,2,4,2,1,0,0,3,2,0,0
https://world.openfoodfacts.org/product/4056489896401/wild-caught-smoked-haddock-fillets-lighthouse-bay,4056489896401,Wild Caught Smoked Haddock Fillets – Lighthouse bay – 230 g,230 g,,Lighthouse bay,"Seafood, ,, Fishes and their products, ,, Fishes, ,, Marine fishes","Sustainable, ,, Sustainable fishery, ,, Source of proteins, ,, High proteins, ,, Sustainable Seafood MSC",,,United Kingdom,"98% Haddock ( Fish ), Salt, Colour: Curcumin.",Fish,,4,B,4,,True,False,no,low,low,low,high,410.0,98.0,0.3,0.1,0.1,0.1,0.5,23.5,1.525,0.61,,,1,8,7,1,0,0,7,7,0,0
https://world.openfoodfacts.org/product/4061458049474/knusper-filets-kase-krauter-aldi,4061458049474,Knusper-Filets - Käse-Kräuter – Aldi – 400g,400g,,"Aldi, ,, A. Espersen, ,, Golden Seafood","Seafood, ,, Fishes and their products, ,, Breaded products, ,, Fish preparations, ,, Breaded fish, ,, Breaded Alaska pollock","Sustainable, ,, Sustainable fishery, ,, Sustainable Seafood MSC",,,"France, ,, Germany",,,,,B,,E,,,,moderate,moderate,low,moderate,815.0,195.0,9.0,1.7,17.0,0.7,,11.0,0.79,0.316,,,2,6,4,2,0,1,3,4,0,0
https://world.openfoodfacts.org/product/3596710521852/poulet-roti-crudites-auchan,3596710521852,Poulet rôti crudités – Auchan – 0.23 kg,0.23 kg,,Auchan,"Sandwiches, ,, Poultry sandwiches, ,, Chicken sandwiches, ,, Raw vegetable sandwiches","Nutriscore, ,, Nutriscore Grade A",,,"France, ,, World","French: Pain de mie complet 53% (farine complète de BLÉ , eau, huile de colza, sucre, farine de BLÉ , GLUTEN de BLÉ , levure, sel, agent de traitement de la farine : acide ascorbique), dés de viande de poulet rôti cuit traité en salaison 16% [viande de poulet ( origine : France) 14%, amidon, dextrose, sel], mayonnaise allégée en matières grasses* 11% [eau, huile de colza, vinaigre, MOUTARDE (eau, graines de MOUTARDE ,vinaigre, sel), jaune d' OEUF , amidon, sucre, sel, épaississant : gomme xanthane], tomate 11%, salade 7,5%. Traces éventuelles de lait , de poissons , de soja et de sésame . * Réduction d'au moins 30% de la teneur en matières grasses par rapport à la moyenne des mayonnaises classiques. Pourcentages exprimés sur le total de la recette. Élaboré à partir de viande de poulet origine France.","Eggs, Gluten, Mustard","Fish, Milk, Sesame seeds, Soybeans",35,B,4,D,True,False,no,moderate,low,low,moderate,840.0,200.0,7.2,0.9,23.0,3.4,3.3,8.8,1.0,0.4,,,2,6,4,2,0,0,4,3,1,0
https://world.openfoodfacts.org/product/8717163865620/bolognese-unsere-beste-knorr,8717163865620,Bolognese Unsere Beste! – Knorr – 38g,38g,"Plastic, ,, Bag",Knorr,"Condiments, ,, Meats and their products, ,, Dried products, ,, Dried products to be rehydrated, ,, Sauces, ,, Meat-based sauces, ,, Pasta sauces, ,, Meat-based pasta sauces, ,, Bolognese sauces, ,, Groceries","Vegetarian, ,, No preservatives, ,, Vegan, ,, European Vegetarian Union, ,, European Vegetarian Union Vegan, ,, No colorings, ,, No flavors",,,Germany,"German: 36% Tomatenpulver, Stärke, jodiertes Speisesalz, Weizenmehl , Zwiebeln, Zucker, 2,3% Karotten, Knoblauch, Würze, Oregano, Maiskeimöl, Paprika, Rote-Bete-Pulver, Basilikum, Petersilie, Aromen",Gluten,"Celery, Eggs, Milk, Mustard, Soybeans",16,B,4,,True,True,yes,moderate,low,low,moderate,585.0,140.0,3.2,0.8,20.0,1.1,1.6,7.5,0.63,0.252,,,1,4,3,1,0,0,3,3,0,0
https://world.openfoodfacts.org/product/3770028156016/mango-power-bombon-proteine-rebelle,3770028156016,Mango power - Bombon protéiné – REBELLE,,,REBELLE,"Snacks, ,, Sweet snacks, ,, Confectioneries, ,, Candies","Vegetarian, ,, Vegan, ,, Nutriscore, ,, Nutriscore Grade A, ,, Triman",,,France,"French: Édulcorants: sirop de maltitol, isolat de protéine de pois, gélifiant: pectine, acidifiant: acide citrique, correcteur d'acidité: citrate trisodique, arômes naturels, concentré de carthame, colorant: anthocyanes, agent d'enrobage :cire de carnauba.",,,15,B,4,D,True,True,yes,low,low,low,moderate,1108.0,265.0,0.0,0.0,69.0,0.0,0.0,10.0,0.43,0.172,,,1,5,4,3,0,0,2,4,0,0
https://world.openfoodfacts.org/product/4061459142747/olivenol-cucina-nobile,4061459142747,Olivenöl – Cucina Nobile – 750ml,750ml,,Cucina Nobile,"Plant-based foods and beverages, ,, Plant-based foods, ,, Fats, ,, Vegetable fats, ,, Olive tree products, ,, Vegetable oils, ,, Olive oils, ,, Extra-virgin olive oils",,,,"Austria, ,, Germany",German: Olivenöl.,,,1,B,2,E,True,True,yes,high,high,,low,3489.0,819.0,91.0,14.0,0.0,,,0.0,0.0,0.0,,,0,5,5,,0,,0,0,0,5
https://world.openfoodfacts.org/product/8017596011886/latte-di-capra-eurospin,8017596011886,Latte di capra – Eurospin,,it:Latte di capra,Eurospin,"Dairies, ,, Milks, ,, Goat milks",,,,Italy,,,,,B,,E,,,,low,low,low,low,192.0,46.0,1.6,1.3,4.6,4.6,,3.4,0.1975,0.079,,,0,7,7,3,3,1,0,7,0,0
https://world.openfoodfacts.org/product/3268651780017/carola-petillante-mangue-fruits-de-la-passion,3268651780017,Carola Pétillante mangue fruits de la passion,,,Carola,"Beverages and beverages preparations, ,, Beverages, ,, Carbonated drinks, ,, Waters, ,, Carbonated waters, ,, Carbonated fruit soft drink",,,,France,,,,,B,1,,,,,low,low,low,low,0.0,0.0,0.0,0.0,0.0,0.0,,0.0,0.03,0.012,,,0,0,0,0,0,0,0,0,0,0
https://world.openfoodfacts.org/product/0017400140007/white-rice-minute,0017400140007,White Rice – Minute,,,Minute,"Plant-based foods and beverages, ,, Plant-based foods, ,, Cereals and potatoes, ,, Meals, ,, Seeds, ,, Cereals and their products, ,, Cereal grains, ,, Rices","No gluten, ,, No GMOs, ,, No preservatives, ,, Non GMO project",,,"United States, ,, World","Water, long grain parboiled rice, sunflower oil, salt, soy lecithin (emulsifier).",Soybeans,,6,B,4,D,True,True,yes,low,low,low,moderate,665.2,160.0,2.0,0.0,31.2,0.0,0.8,3.2,0.3,0.12,,0.0,0,1,1,,0,,1,1,0,0
https://world.openfoodfacts.org/product/5411188138617/alpro-plantaardige-yoghurt-griekse-stijl,5411188138617,Alpro Plantaardige yoghurt Griekse stijl – 400 g,400 g,,Alpro,"Plantaardige yoghurt, ,, Plantaardige yoghurt met smaak, ,, Plantaardige zuivel alternatieven, ,, Vegetarisch, ,, Vegan en plantaardig","Vegetarian, ,, Vegan, ,, Natural flavors, ,, No lactose, ,, Vitamin B12 source",,,Belgium,"Romanian: Soya Base (95.4%) [Water, Hulled Soya Beans (15.7%)], Sugar, Stabiliser [Pectins], Calcium (Tri-Calciumcitrate), Acidity Regulators [Sodium Citrates, Citric Acid], Natural Flavouring, Sea Salt, Antioxidants [Tocopherol-Rich Extract, Fatty Acid Esters of Ascorbic Acid], Vitamins B12, D2, Live Cultures [S. Thermophilus, L. Bulgaricus]",,,19,B,4,,False,True,yes,moderate,low,low,moderate,245.1,61.0,3.4,0.8,2.5,1.6,1.1,4.0,0.55,0.22,,0.0,1,2,1,0,0,0,2,1,0,0
https://world.openfoodfacts.org/product/3175681263604/pan-campagnolo-cereal,3175681263604,Pan campagnolo – Céréal – 175 g,175 g,,Céréal,"Plant-based foods and beverages, ,, Plant-based foods, ,, Cereals and potatoes, ,, Cereals and their products, ,, Specific products, ,, Products for specific diets, ,, Breads, ,, Products without gluten, ,, Gluten-free breads","No gluten, ,, No palm oil",,,Italy,"Italian: Acqua, lievito madre a base di riso 19% (farina di riso, acqua), amido di mais, farina di grano saraceno integrale 7,3%, farina di riso, fibre vegetali (psyllium), olio di semi di girasole alto oleico, emulsionanti: idrossi-propil metilcellulosa, mono - e digliceridi degli acidi grassi, proteine isolate di pisello, farina di miglio decorticato, sciroppo di zucchero, fibre di agrumi, sciroppo di riso, sale, lievito. Può contenere uova , latte , soia , senape e sesamo .",,"Eggs, Milk, Mustard, Sesame seeds, Soybeans",20,B,4,B,,True,yes,moderate,low,moderate,moderate,1007.0,240.0,4.3,0.6,40.0,10.0,12.0,4.2,0.79,0.316,,,2,8,6,3,2,0,3,1,5,0
https://world.openfoodfacts.org/product/4088600032863/yogurt,4088600032863,Yogurt,,,,"Dairies, ,, Fermented foods, ,, Fermented milk products, ,, Desserts, ,, Dairy desserts, ,, Fermented dairy desserts, ,, Yogurts, ,, Whole milk yogurts",,,,Ireland,,,,,B,,B,,,,moderate,moderate,moderate,low,334.0,80.0,3.9,2.4,6.5,5.7,,4.6,0.13,0.052,,,2,3,1,0,1,2,0,1,0,0
https://world.openfoodfacts.org/product/6111046002065/yaourt-brasse,6111046002065,Yaourt brassé,,,,"Dairies, ,, Fermented foods, ,, Fermented milk products, ,, Desserts, ,, Dairy desserts, ,, Fermented dairy desserts, ,, Yogurts, ,, Stirred yogurts",,,,"France, ,, Morocco",,,,,B,,B,,,,moderate,moderate,low,low,437.4,106.0,3.0,3.0,16.0,3.0,,3.2,0.1,0.04,,,2,3,1,1,0,2,0,1,0,0
https://world.openfoodfacts.org/product/0011110016508/natural-crunchy-peanut-butter-kroger,0011110016508,Natural Crunchy Peanut Butter – Kroger – 32 g,32 g,Plastic,Kroger,"Plant-based foods and beverages, ,, Plant-based foods, ,, Legumes and their products, ,, Cereals and potatoes, ,, Spreads, ,, Nuts and their products, ,, Plant-based spreads, ,, Oilseed purees, ,, Legume butters, ,, Nut butters, ,, Peanut butters","No gluten, ,, Kosher, ,, No added sugar, ,, Organized Kashrut Kosher",,,United States,"ROASTED PEANUTS, SALT.",Peanuts,,2,B,3,D,True,True,yes,high,high,low,moderate,2353.0,562.0,50.0,6.25,15.625,0.0,9.375,25.0,1.015625,0.40625,,,2,7,5,,0,,5,,5,0
https://world.openfoodfacts.org/product/0041508802185/sparkling-natural-mineral-water-sanpellegrino,0041508802185,Sparkling Natural Mineral Water – Sanpellegrino – 237 ml,237 ml,"Pet-bottle, ,, Pp-cap, ,, fr:bouteille en verre","Sanpellegrino, ,, Sanpellegrino S.P.A.","Beverages and beverages preparations, ,, Beverages, ,, Carbonated drinks, ,, Waters, ,, Carbonated waters",,United States,,United States,CARBONATED MINERAL WATER,,,1,B,1,,True,True,yes,low,low,low,low,0.0,0.0,0.0,0.0,0.0,0.0,0.0,0.0,3e-06,1e-06,0.0,,0,0,0,0,0,0,0,0,0,0
https://world.openfoodfacts.org/product/0073360707513/natural-pure-sparkling-water-lacroix,0073360707513,Natural Pure Sparkling Water – LaCroix,,,LaCroix,"Beverages, ,, Waters","No GMOs, ,, Non GMO project",,,"France, ,, United States, ,, World",carbonated water,,,1,B,1,,True,True,yes,low,low,low,low,1.0,0.0,0.0,0.0,0.0,0.01,,0.0,0.0,0.0,,,0,0,0,0,0,0,0,0,0,0
https://world.openfoodfacts.org/product/3364699011523/riz-complet-rouge-tang-freres,3364699011523,Riz Complet Rouge – Tang Freres – 1 kg,1 kg,,Tang Freres,"Plant-based foods and beverages, ,, Plant-based foods, ,, Cereals and potatoes, ,, Seeds, ,, Cereals and their products, ,, Cereal grains, ,, Rices, ,, Brown rices",,,,France,French: riz complet rouge,,,1,B,,E,False,True,yes,low,low,low,low,1381.0,330.0,2.6,0.8,69.0,1.9,6.9,8.2,0.0,0.0,,,-3,4,7,,0,,0,3,4,0
https://world.openfoodfacts.org/product/3700994200239/caffe-latte-saveur-vanille-macadamia-les-deux-chefs,3700994200239,Caffé latte saveur vanille macadamia – Les Deux Chefs – 115 g,115 g,,Les Deux Chefs,"Snacks, ,, Sweet snacks, ,, Biscuits and cakes, ,, Cakes","Nutriscore, ,, Nutriscore Grade A",,,France,"French: Farine de blé Cassonade, Margarine (Hut)es et graisSes végétales t Paime,. coprct), tournesol, eau, ërnuisfiant : [efithine, E471 , (2020 oc Idifiant : acide citrique, tnrOrnes, Cnlorarxt•, Catoténoldes), oeufs , nob( de pécan , 6,596, NOIX Bicnrhonate de sodium, Selt Arôme vonille, Peut contenir des traces de à coquet soja et latt","Eggs, Nuts",,21,B,4,,False,True,no,low,low,low,low,142.0,34.0,0.6,0.5,5.0,4.4,,1.8,0.09,0.036,,,1,1,0,0,1,0,0,0,0,0
https://world.openfoodfacts.org/product/0061400000632/knorr-bovril-chicken,0061400000632,Knorr / Bovril Chicken – 750 ml,750 ml,fr:Bouteille plastique,Bovril,"Broths, ,, fr:Bouillon de poulet concentré",,United States,"TORONTO, ,, ONTARIO M4W 3R2, ,, Unilever, ,, Ontario",Canada,"French: WATER, SALT, MONOSODIUM GLUTAMATE, CORN SYRUP SOLIDS, DEHYDRATED MECHANICALLY SEPARATED COOKED CHICKEN, SUGAR, MODIFIED CORN STARCH, YEAST EXTRACT ( BARLEY ), DEHYDRATED CHICKEN BROTH, DEHYDRATED PARSLEY, COLOUR, XANTHAN GUM, FLAVOUR, SPICE &SPICE EXTRACTS. MAY CONTAIN: MILK, SOY , SULPHITES , WHEAT .","Gluten, Soybeans, Sulphur dioxide and sulphites","Gluten, Milk, Soybeans, Sulphur dioxide and sulphites",20,B,4,,False,True,yes,low,low,low,moderate,62.0,15.0,0.5,0.0,2.0,1.0,,0.4,0.37,0.148,,,1,1,0,0,0,0,1,0,0,0
https://world.openfoodfacts.org/product/4009300504955/infuso-menta-piperita-pompadour,4009300504955,Infuso Menta Piperita – Pompadour – 20 x 2.25 g,20 x 2.25 g,,Pompadour,"Plant-based foods and beverages, ,, Beverages, ,, Hot beverages, ,, Plant-based beverages, ,, Herbal teas, ,, Herbal teas in tea bags","No gluten, ,, 100% natural, ,, FSC, ,, FSC Mix, ,, Rainforest Alliance",,,"France, ,, Italy",Italian: Mentha Piperita,,,1,B,1,A,True,True,yes,low,low,low,low,4.0,1.0,0.1,0.1,0.01,0.01,0.01,0.1,0.01,0.004,,,-6,0,6,0,0,0,0,0,0,6
https://world.openfoodfacts.org/product/8431876264043/leche-sin-lactosa-semidesnatada-carrefour,8431876264043,Leche sin lactosa semidesnatada – Carrefour – 100 ml,100 ml,,Carrefour,"Dairies, ,, Milks, ,, Semi-skimmed milks, ,, Cow milks",No lactose,,,Spain,"Spanish: Leche semidesnatada de vaca,enzima lactasa, vitamina A,D, E y ácido fólico",Milk,,7,B,1,D,True,True,no,low,low,low,low,190.0,45.0,1.5,1.0,4.7,4.7,0.0,3.2,0.13,0.052,,,-1,6,7,3,3,0,0,7,0,0
https://world.openfoodfacts.org/product/3256227206207/dessert-fruitier-puree-de-pruneaux-sans-sucres-ajoutes-4-coupelles-de100g-u,3256227206207,Dessert fruitier Purée de pruneaux sans sucres ajoutés 4 coupelles de100g – U – 400 g,400 g,"Pot, ,, Fresh",U,"Plant-based foods and beverages, ,, Plant-based foods, ,, Fruits and vegetables based foods, ,, Desserts, ,, Fruits based foods, ,, Compotes, ,, Apple compotes, ,, fr:Compotes pommes pruneau","No added sugar, ,, Transformed in France",France,,France,"French: Purée de pruneaux 78 % (pruneaux 39 %, eau), eau 21,6 %, antioxydant : acide ascorbique.",,,6,B,1,A,True,True,yes,low,low,high,low,376.0,89.0,0.5,0.1,19.0,14.0,1.36,1.8,0.02,0.008,,78.0,2,4,2,1,3,0,0,0,0,2
https://world.openfoodfacts.org/product/20401856/orange-juice-lidl,20401856,Orange juice – Lidl,,,Lidl,"Plant-based foods and beverages, ,, Beverages, ,, Plant-based beverages, ,, Fruit-based beverages, ,, Juices and nectars, ,, Fruit nectars, ,, Orange nectars",,,,United Kingdom,,,,,B,,A,,,,low,low,low,low,30.0,7.0,0.0,0.0,1.1,1.1,0.5,0.1,0.03,0.012,,,1,1,0,0,1,0,0,0,0,0
https://world.openfoodfacts.org/product/8414807534316/caldo-de-pollo-bajo-en-sal-consum,8414807534316,Caldo de pollo bajo en sal – Consum – 1 l,1 l,,Consum,"Broths, ,, Liquid broths, ,, Liquid chicken broths","Low or no salt, ,, Low salt, ,, No gluten, ,, FSC, ,, FSC Mix, ,, Green Dot",,,Spain,"Spanish: Agua, pollo 2% (carne de pollo 1.8%, grasa de pollo 0.2%), hortalizas 1.7% (patata 0.58%, cebolla 0.36%, zanahoria 0.3%, puerro 0.3%, apio 0.2%), extracto de levadura, aroma ( huevo , leche , apio ), aceite de oliva virgen extra, extracto de carne, pimentón, colorante (carotenos).","Celery, Eggs, Milk","Crustaceans, Fish, Soybeans",20,B,4,A,,False,no,low,low,low,moderate,41.0,10.0,0.6,0.2,0.5,0.5,0.0,0.6,0.3,0.12,,,1,1,0,0,0,0,1,0,0,0
https://world.openfoodfacts.org/product/3188720004304/filets-de-maquereaux-au-naturel-bonne-nature,3188720004304,Filets De Maquereaux - Au Naturel – Bonne Nature – 100 g,100 g,,Bonne Nature,"Seafood, ,, Fishes and their products, ,, Fishes, ,, Fatty fishes, ,, Fish fillets, ,, Mackerels, ,, Mackerel fillets","Sustainable, ,, Sustainable fishery, ,, Made in France, ,, Sustainable Seafood MSC",European Union and Non European Union,,France,"French: Filets de maquereaux cuits au court-bouillon 70% [filets de maquereaux, sel, épices* et aromates*],eau, sel.",Fish,"Milk, Mustard",6,B,3,C,True,False,no,moderate,moderate,low,moderate,556.0,133.0,8.3,2.5,0.0,0.0,0.0,14.3,0.9825,0.393,,,1,7,6,1,0,2,4,6,0,0
https://world.openfoodfacts.org/product/0028400183918/flamin-hot-baked-cheetos,0028400183918,Flamin' Hot Baked Cheetos,,,Cheetos,Snacks,No gluten,,,"France, ,, United States","enriched corn meal (corn meal, ferrous sulfate, niacin, thiamin mononitrate, ribofiavin, folic acid), vegetable oil (corn, canola, and/or sunflower oil), salt, sea minerals (calcium carbonate and magnesium carbonate), sugar, monosodium glutamate, yeast extracts, citric acid, artificial color (red 40 lake, yellow 6 lake, yellow 6, yellow 5), hydrolyzed corn protein, onion powder, cheddar cheese ( milk , cheese cultures, salt, enzymes), whey , maltodextrin (made from corn), whey protein concentrate, garlic powder, buttermilk , natural flavor, sodium diacetate, lactic acid, disodium inosinate, disodium guanylate, and skim milk. contains milk ingredients. frito-lay, inc. plano, tx 75024-4099 © 2017 frito-lay north america, inc.",Milk,,49,B,4,A,True,True,no,moderate,low,low,moderate,567.0,464.0,5.0,1.0,20.0,0.0,1.0,2.0,0.35,0.14,,0.0,2,2,0,1,0,0,1,0,0,0
https://world.openfoodfacts.org/product/3266191040097/the-matcha-menthe-poivree-la-vie-claire,3266191040097,Thé matcha menthe poivrée – La Vie Claire,,,La Vie Claire,"Beverages and beverages preparations, ,, Plant-based foods and beverages, ,, Beverages, ,, Hot beverages, ,, Plant-based beverages, ,, Teas, ,, fr:Infusion froide, ,, fr:Thé infusé glacé","Organic, ,, EU Organic, ,, FR-BIO-01, ,, AB Agriculture Biologique",,,France,"French: Infusion de menthe poivrée* 97,5%, sirop d'agave 14% *Ingrédients agricoles issus de l'Agriculture Biologique.",,,2,B,1,A,False,True,yes,,,,,25.0,6.0,0.0,0.0,1.5,1.5,0.0,0.0,0.0,0.0,,,1,1,0,0,1,0,0,0,0,0
https://world.openfoodfacts.org/product/01363289/roast-chicken-gravy-sainsbury-s-taste-the-difference,01363289,ROAST CHICKEN GRAVY – Sainsbury's taste the difference – 450g,450g,,"Sainsbury's, ,, Sainsbury's taste the difference",Chicken gravy,,,,United Kingdom,"Chicken Stock (29%) (Water, Chicken Carcass), Roasted Chicken Stock (29%) (Water, Chicken Carcass, Onions, Carrots, Leeks, Parsley, Garlic, White Pepper, Bay Leaf), Water, Onion, Cornflour, Chicken Stock (4%) (Chicken Bone Stock (Chicken Bones, Water, Salt), Chicken Extract (Chicken Extract, Water, Salt), Chicken Fat, Salt), White Wine, Chicken Fat, Lemon Juice, Demerara Sugar, Yeast Extract, Thyme Leaves, Black Pepper.",,,34,B,3,A,,False,no,low,low,low,moderate,248.088888888889,59.0,1.68888888888889,0.444444444444444,4.8,0.0,0.533333333333333,5.86666666666667,0.637777777777778,0.255111111111111,,18.9375,1,3,2,0,0,0,3,2,0,0
https://world.openfoodfacts.org/product/8711741356579/nudeln-aus-naturreis-fairtrade-original,8711741356579,Nudeln aus Naturreis – fairtrade original – 225g,225g,,fairtrade original,"Plant-based foods and beverages, ,, Plant-based foods, ,, Pastas, ,, Noodles, ,, Rice vermicelli, ,, Pflanzliche-lebensmittel-und-getranke, ,, Rice-noodles","Vegetarian, ,, Fair trade, ,, Organic, ,, EU Organic, ,, Vegan, ,, The Vegan Society",,,Germany,"German: Vollkornreis* (50%), Reis* (30%), Reiskleie* (15%), Tapiocastärke*.",,,4,B,3,A,True,True,yes,low,low,low,low,1447.0,346.0,2.2,0.7,76.0,0.9,,8.9,0.1,0.04,,,1,4,3,4,0,0,0,3,0,0
https://world.openfoodfacts.org/product/3256228649164/saucisse-haricot-boite-1-2-420g-u,3256228649164,Saucisse haricot boîte 1/2 420g – U – 420 g,420 g,,U,"Meals, ,, Bean dishes","French meat, ,, No artificial flavors, ,, Nutriscore, ,, Nutriscore Grade A, ,, Transformed in France",,,France,"French: Eau, haricots blancs précuits 35 %, saucisses fumées 19 % (viande de dinde*, viande de porc*, eau, gras et couenne de porc, plasma de porc, amidon de pois, sel, fibre de BLE , arômes naturels, épices, sucre), purée de tomates double concentrée, amidon de maïs, saindoux, arômes naturels, épices, sel, affermissant : chlorure de calcium. * origine : France. Traces éventuelles de lait .",Gluten,Milk,23,B,4,,,False,no,moderate,low,low,moderate,448.0,107.0,4.0,1.4,9.0,0.9,4.1,6.7,0.64,0.256,,37.75,2,5,3,1,0,1,3,2,1,0
https://world.openfoodfacts.org/product/8054729871153/tonno-all-olio-d-oliva-mareblu,8054729871153,Tonno all'olio d'oliva – Mareblu,,,Mareblu,"Seafood, ,, Fishes and their products, ,, Canned foods, ,, Fishes, ,, Fatty fishes, ,, Canned fishes, ,, Tunas, ,, Canned tunas, ,, Tunas in oil, ,, Tuna in olive oil, ,, it:Tonno all'olio d'oliva",,,,Italy,,,,,B,,E,,,,moderate,moderate,low,moderate,1029.0,246.0,17.0,2.6,0.0,0.0,,23.0,1.0,0.4,,,2,9,7,3,0,2,4,7,0,0
https://world.openfoodfacts.org/product/8695077105011/do%C4%9Fal-yo%C4%9Furt-dost,8695077105011,"Doğal Yoğurt – Dost – 1,5kg","1,5kg",,Dost,"Dairies, ,, Fermented foods, ,, Fermented milk products, ,, Desserts, ,, Dairy desserts, ,, Fermented dairy desserts, ,, Yogurts",,,,"Netherlands, ,, Turkey","Turkish: Pastorize inek sütü, yoğurt kültürü.",Milk,,2,B,1,B,False,True,no,moderate,moderate,low,low,294.2,70.0,4.0,2.6,4.6,4.6,,4.0,0.0,0.0,,0.0,2,3,1,0,1,2,0,1,0,0
https://world.openfoodfacts.org/product/0058496459482/jasmine-rice-ben-s-original-bistro-express,0058496459482,JASMINE RICE – Ben's Original Bistro Express – 240g,240g,,Ben's Original Bistro Express,"Plant-based foods and beverages, ,, Plant-based foods, ,, Cereals and potatoes, ,, Seeds, ,, Cereals and their products, ,, Cereal grains, ,, Rices, ,, Aromatic rices, ,, Indica rices, ,, Long grain rices, ,, Jasmine rice","No artificial flavors, ,, No preservatives, ,, No artificial colors, ,, No Bisphenol-A",,,"Canada, ,, Germany","Water, Jasmine rice, Canola oil, Soy lecithin",Soybeans,,4,B,4,,True,True,yes,low,low,low,low,732.0,175.0,1.67,0.21,35.4,0.0,,3.75,0.0,0.0,,,0,1,1,,0,,0,1,0,0
https://world.openfoodfacts.org/product/3379670020470/puree-aux-courgettes-a-l-huile-d-olive-paul-louise,3379670020470,Purée aux courgettes à l’Huile d’Olive – Paul & Louise – 180 g,180 g,Plastic,Paul & Louise,"Plant-based foods and beverages, ,, Plant-based foods, ,, Meals, ,, Prepared vegetables, ,, Purées, ,, Mashed vegetables, ,, Mashed zucchini","No preservatives, ,, No colorings, ,, Nutriscore, ,, Nutriscore Grade B",,,France,"French: Pommes de terre cuites 42,8%, courgettes 40,7%, eau, huile d'olive vierge extra 3,3%, amidon, sel, épices.",,"Celery, Crustaceans, Fish, Gluten, Milk, Mustard, Soybeans",7,B,3,A,True,True,yes,moderate,low,low,moderate,355.0,84.0,3.7,1.0,10.8,1.2,1.5,1.5,0.58,0.232,,,2,3,1,1,0,0,2,0,0,1
https://world.openfoodfacts.org/product/5425038430431/puffed-spelt-honey-turtle,5425038430431,Puffed Spelt Honey – Turtle – 300g,300g,,Turtle,"Plant-based foods and beverages, ,, Plant-based foods, ,, Breakfasts, ,, Cereals and potatoes, ,, Cereals and their products, ,, Breakfast cereals, ,, Puffed grains, ,, Puffed cereals","Organic, ,, EU Organic, ,, Source of fibre, ,, EU Agriculture, ,, IT-BIO-009",European Union,,"Belgium, ,, Germany","German: Gepuffter Dinkel 83%, Honig 17%",Gluten,,2,B,3,C,True,True,no,low,low,high,low,1583.0,378.0,1.7,0.3,76.0,15.0,6.1,11.0,0.01,0.004,,,1,8,7,4,4,0,0,4,3,0
https://world.openfoodfacts.org/product/4088600461427/wholewheat-brown-bread-ballymore-crust,4088600461427,Wholewheat brown bread – Ballymore Crust – 500 g,500 g,,Ballymore Crust,"Plant-based foods and beverages, ,, Plant-based foods, ,, Cereals and potatoes, ,, Breads, ,, Sliced breads",Vegetarian,,,Ireland,"BUTTERMILK (36%), Wheat Flour ( Wheat Flour , Raising Agents: Sodium Carbonates, Diphosphates) WHOLEMEAL WHEAT FLOUR (26%), WHOLEWHEAT (4%), Sugar, Rapeseed Oil, Raising Agent: Sodium Carbonates; Salt, Wheatgerm.","Gluten, Milk",,14,B,3,B,True,True,no,low,low,low,moderate,968.0,231.0,1.84210526315789,0.263157894736842,42.1052631578947,4.47368421052632,5.26315789473684,7.63157894736842,1.19078947368421,0.476315789473684,,,2,8,6,2,1,0,5,3,3,0
https://world.openfoodfacts.org/product/8901262152952/protein-buttermilk-amul,8901262152952,Protein Buttermilk – Amul – 200 ml,200 ml,"Plastic, ,, Paper, ,, Tetra Pak",Amul,"Beverages, ,, Dairies, ,, Fermented foods, ,, Fermented milk products, ,, Desserts, ,, Dairy desserts, ,, Dairy drinks, ,, Fermented dairy desserts, ,, Fermented drinks, ,, Yogurts, ,, Fermented milk drinks, ,, Drinkable-yogurts",,India,"Gujarat, ,, India",India,"Milk solids, water, iodized salt, stabilizers (440, 418), active culture",Milk,,7,B,4,E,False,True,no,low,low,moderate,low,225.0,54.0,0.5,0.3,4.0,4.0,,7.5,0.125,0.05,,,0,7,7,4,3,0,0,7,0,0
https://world.openfoodfacts.org/product/0096619193431/sparkling-water-kirkland,0096619193431,Sparkling water – Kirkland,,,Kirkland,"Beverages, ,, Waters",,,,United States,"CARBONATED WATER, NATURAL FLAVORS",,,2,B,4,,True,,maybe,low,low,low,low,14.0,3.0,0.0,0.0,0.0,0.0,0.0,0.0,0.0,0.0,,,0,0,0,0,0,0,0,0,0,0
https://world.openfoodfacts.org/product/5410238850042/bubble-tea-tropical-jungle-bubble-go,5410238850042,Bubble tea tropical jungle – Bubble Go – 450 ml,450 ml,,Bubble Go,fr:Bubble tea,,,,France,,,,,B,,,,,,low,low,moderate,low,175.0,42.0,0.0,0.0,10.5,10.0,0.0,0.0,0.0,0.0,,,2,2,0,0,2,0,0,0,0,0
https://world.openfoodfacts.org/product/7501639308428/bebida-organica-sabor-almendra-gud,7501639308428,Bebida orgánica sabor almendra – GÜD – 1 L,1 L,,GÜD,"Beverages and beverages preparations, ,, Plant-based foods and beverages, ,, Beverages, ,, Plant-based foods, ,, Vegetable-based foods and beverages, ,, Cereals and potatoes, ,, Dairy substitutes, ,, Cereals and their products, ,, Milk substitutes, ,, Plant-based beverages, ,, Plant-based milk alternatives, ,, Vegetable-based beverages, ,, Cereal-based drinks","Kosher, ,, FSC, ,, FSC Mix, ,, No added sugar, ,, es:Orgánico México",Mexico,,Mexico,"Spanish: Agua, pasta de almendras orgánica, cloruro de potasio, cloruro de sodio, carbonato de calcio, vitamina E-alfa tocoferol, riboflavina, vitamina A, ácido fólico, vitamina D, ergocalciferol, vitamina B12 y leticina de girasol.",Nuts,,14,B,1,C,True,True,yes,low,low,low,moderate,56.0,13.0,1.1,0.1,0.5,0.3,0.3,0.4,0.1625,0.065,,0.0,1,1,0,1,0,0,0,0,0,0
https://world.openfoodfacts.org/product/5000306003519/eggs,5000306003519,Eggs,,,,"Farming products, ,, Eggs","Organic, ,, Soil Association Organic",,,United Kingdom,,,,,B,,D,,,,moderate,moderate,low,moderate,585.0,140.0,9.83,2.64,0.27,0.27,0.0,12.7,0.775,0.31,,,1,6,5,1,0,2,3,5,0,0
https://world.openfoodfacts.org/product/5016316012595/scampi,5016316012595,Scampi –,,,,"Seafood, ,, Crustaceans",,,,United Kingdom,"Breadcrumbs ( Wheat Flour [ Wheat Flour , Calcium Carbonate, Iron, Niacin, Thiamin], Yeast, Dextrose, Salt), Scampi ( Crustaceans ) (33%), Batter (Water, Wheat Flour [ Wheat Flour , Calcium Carbonate, Iron, Niacin, Thiamin], Wheat Starch, Salt, Colour: E160c), Water, Rapeseed Oil, Stabilisers (E339, E451, E452)","Crustaceans, Gluten",,29,B,4,,False,True,yes,moderate,low,low,moderate,868.0,207.0,7.7,0.6,23.0,0.2,3.0,10.0,0.96,0.384,,,2,6,4,2,0,0,4,4,0,0
https://world.openfoodfacts.org/product/3850108037562/vindija-kefir-330g,3850108037562,vindija kefir 330g – 330 g,330 g,,Vindija,"Snacks, ,, Salty snacks, ,, Appetizers, ,, Biscuits and crackers, ,, Crackers (Appetizers)",Povratna naknada,,,North Macedonia,,,,,B,,B,,,,moderate,moderate,low,low,272.3,65.0,3.5,2.3,4.8,4.8,,3.6,0.1175,0.047,,,2,3,1,0,1,2,0,1,0,0
https://world.openfoodfacts.org/product/3487400006318/langkorn-reis-ben-s-original,3487400006318,LANGKORN-REIS – Ben's Original – 250g,250g,,Ben's Original,"Plant-based foods and beverages, ,, Plant-based foods, ,, Cereals and potatoes, ,, Seeds, ,, Cereals and their products, ,, Cereal grains, ,, Rices, ,, Long grain rices","Vegetarian, ,, No artificial preservatives, ,, Vegan, ,, Green Dot, ,, No artificial colors, ,, Nutriscore, ,, Nutriscore Grade B, ,, fr:Sans arômes ni colorants artificiels",,,Germany,"German: Langkornreis (99%), Sonnenblumenöl",,,2,B,3,C,True,True,yes,low,low,low,low,568.0,134.0,0.9,0.1,28.0,0.0,0.7,2.7,0.01,0.004,0.0,0.0,0,1,1,,0,,0,1,0,0
https://world.openfoodfacts.org/product/3596710530519/muffins-graines-auchan,3596710530519,Muffins Graines – Auchan – 0.25 kg,0.25 kg,,Auchan,"Plant-based foods and beverages, ,, Plant-based foods, ,, Cereals and potatoes, ,, Frozen foods, ,, Breads, ,, Special breads, ,, English muffins, ,, Frozen breads","Nutriscore, ,, Nutriscore Grade A",FRANCE,,"France, ,, World","French: Farine de BLÉ 49,5%, eau, graines de tournesol 6%, levure, sucre, semoule de BLÉ dur, GLUTEN de BLÉ , huile de colza, graines de lin brun 1,7%, graines de millet 1,6%, graines de pavot 1,6%, graines de lin doré 1,2%, alcool, sel, amidon de maïs, poudre d'acérola, conservateurs : propionate de calcium et acide sorbique, levure sèche désactivée. Traces éventuelles de lait , graines de sésame , soja , moutarde et œufs .",Gluten,"Eggs, Milk, Mustard, Nuts, Sesame seeds, Soybeans",20,B,4,B,True,True,maybe,moderate,low,moderate,moderate,1240.0,294.0,6.4,0.7,46.0,0.0,4.7,11.0,0.74,0.296,,0.37,1,7,6,3,1,0,3,4,2,0
https://world.openfoodfacts.org/product/4280001939912/heidelbeere-fermentiertes-erzeugnis-mit-ackerbohnenprotein-vly,4280001939912,"Heidelbeere, Fermentiertes Erzeugnis mit Ackerbohnenprotein – vly – 400g",400g,,vly,"Plant-based foods and beverages, ,, Dairy substitutes, ,, Desserts, ,, Vegan products, ,, Non-dairy desserts, ,, de:Joghurtalternative","Nutriscore, ,, Nutriscore Grade A",Germany,,Germany,"German: Ackerbohnenbasis (Wasser, Ackerbohnenprotein (4,7%)), Apfelsaftkonzentrat, Heidelbeere (4,6%), Rapsöl, Stärke, natürliche Aromen, Säureregulator: Trinatriumcitrat, Salz, Säuerungsmittel: Milchsäure, Citronensäure, färbendes Saftkonzentrat (Karotte, Hibiskus), vegane Joghurtkulturen",,,18,B,4,,True,True,yes,low,low,low,low,237.0,57.0,1.2,0.1,6.0,4.5,0.4,4.1,0.25,0.1,,,1,2,1,0,1,0,1,1,0,0
https://world.openfoodfacts.org/product/2244863003190/bruin-brood-albert-heijn,2244863003190,Bruin brood – Albert Heijn – 568 gram,568 gram,,Albert Heijn,"Plant-based foods and beverages, ,, Plant-based foods, ,, Cereals and potatoes, ,, Cereals and their products, ,, Pastas, ,, Breads, ,, Cereal pastas, ,, Spelt pastas",,,,Netherlands,"Dutch: Water, 26% SPELT - bloem ( tarwe ), 22% volkoren SPELTmeel ( tarwe ), 11% SPELTzuurdesem ( tarwe ), 7,5% boekweitmeel, gejodeerd zout, SESAMzaad , 0,5% gedroogde SPELTzuurdesem ( tarwe ), maanzaad, bakkersgist, enzym ( TARWE ), raapolie.","Gluten, Sesame seeds",,18,B,3,,True,True,yes,low,low,low,moderate,1062.0,254.0,2.6,1.4,45.0,0.9,5.5,10.0,1.0625,0.425,,,1,8,7,3,0,0,5,4,3,0
https://world.openfoodfacts.org/product/3450971457995/panes-au-poisson-eco,3450971457995,Panés au poisson – Éco+,,,Éco+,"Seafood, ,, Fishes and their products, ,, Breaded products, ,, Fish preparations, ,, Breaded fish","Nutriscore, ,, Nutriscore Grade B",,,France,"INGRÉDIENTS Poisson 58,1%; chapelure (farine de blé, levure, sel, curcuma, paprika); huiles végétales (colza, tournesol) en proportion variable; eau; farine de blé; amidon modifié de pomme de terre; pomme de terre déshydratée; fécule de pomme de terre; dextrose; sel; épaississant: E461; blanc d'œuf en poudre ; ail déshydraté. Traces de: céleri, lait, mollusques et soja.",,,26,B,4,,False,True,yes,moderate,low,low,moderate,878.0,210.0,9.6,0.9,19.0,1.2,1.2,11.0,0.91,0.364,,,2,6,4,2,0,0,4,4,0,0
https://world.openfoodfacts.org/product/3380380103186/veloute-poireaux-pommes-de-terre-primeal,3380380103186,Velouté Poireaux Pommes de Terre – Primeal,,,Priméal,"Plant-based foods and beverages, ,, Plant-based foods, ,, Fruits and vegetables based foods, ,, Meals, ,, Soups, ,, Vegetable soups, ,, Cream soups, ,, Reheatable soups, ,, Cream of vegetable soups, ,, Reheatable mixed vegetables soup, ,, fr:Veloutés de légumes verts","Organic, ,, EU Organic, ,, FR-BIO-10",,,France,"French: Légumes origine France (49%) [légumes verts* 29% (poireaux*18%, courgettes*, épinards*, haricots*, brocoli*), pommes de terre* 13%, oignons*, céleri* ], eau, onctueux à l'amande* 6% (eau, poudre d'amandes*, huile de colza*), huile de colza*, sel, cerfeuil*, thym*, ail*. *issus de l'agriculture biologique. Peut contenir des traces de lait , gluten , crustacés , poisson , mollusques , moutarde , oeufs et soja .","Celery, Nuts","Crustaceans, Eggs, Fish, Gluten, Milk, Molluscs, Mustard, Soybeans",20,B,3,A,True,True,yes,low,low,low,moderate,150.0,36.0,1.6,0.1,3.9,1.3,1.1,0.9,0.52,0.208,,,2,2,0,0,0,0,2,0,0,0
https://world.openfoodfacts.org/product/8002670009330/high-protein-ricotta-granarolo,8002670009330,High Protein Ricotta – Granarolo,,,Granarolo,"Dairies, ,, Fermented foods, ,, Fermented milk products, ,, Cheeses, ,, Italian cheeses, ,, Ricotta",No lactose,,,"Portugal, ,, Sweden",,,,,B,,D,,,,moderate,moderate,low,low,397.0,95.0,5.0,3.6,4.0,2.9,,8.5,0.23,0.092,,,2,5,3,1,0,3,1,3,0,0
https://world.openfoodfacts.org/product/0070074407012/original-nutrition-shake-ensure,0070074407012,Original nutrition shake – Ensure,,Pp-bottle,Ensure,Nutritional shake,No gluten,,,United States,"23 78 30% vitamn b 25% • vitamin b12 25% pr 25% riboflavin hemin ate (60mog folic acid) rthenic acid 25% phosphorus 15% • lodine 30% selenium 25% magnesum 2 25% warganee romiur 25% molybdenum 25% • chloride 10% choline 2 25% • copper nc he dali value (dv) tells you how much of a nutrient in a serving of food contributes t and 2,000 alories a day is used for general nutrition advice, igredien ts: water, corn maltodextrin, sugar, milk protein concentrate vegeta to come oils (canola, corn), soy protein isolate , cocoa powder proces th alka ), less than 0,5% of: vitamins and minerals nonfat milk, cellilose tural a nd artificial flavor, salt, cellulose gum, soy lecithin , monoglycer prageed an, turmeric color, acesulfame potassium, sucralose, and red 3, wita d mine ials: potassium citrate, magnesium phosphate, calcium carbonate, su rate, ca lcium phosphate, choline chloride, ascorbic acid, ferrous sulfaie, pua loride, alpha-tocopheryl acetate, zinc sulfate niacinamide, calcum pan anganese sulfate, pyridoxine hydrochloride, thiamine hydrochloride, opper s boflamn vit a dalmitate, folic acid, chromium chloride, potassim koe pabmate, sodium wiulybdate, phylloquinone, biotin, vitamin d, vitamin b contains milksoy ingredients, but nutritic, aseut laboratories, columbus, ohio 43219-3004us4",Soybeans,,58,B,4,,False,True,yes,low,low,low,low,388.0,92.0,2.53164556962025,0.421940928270042,13.9240506329114,3.79746835443038,0.421940928270042,3.79746835443038,0.221518987341772,0.0886075949367089,,,2,3,1,1,1,0,1,1,0,0
https://world.openfoodfacts.org/product/03323427/chow-mein-stir-fry-sauce-tesco,03323427,Chow Mein Stir Fry Sauce – Tesco – 165 g,165 g,,Tesco,"Condiments, ,, Sauces, ,, Meal sauces","Vegetarian, ,, Vegan",,,United Kingdom,"Water, Tamari Soy Sauce (8%) (Water, Soya Bean , Salt, Spirit Vinegar), Ginger Purée (7%), Sugar Garlic Puree, Rice Vinegar Corallour. Ginger, Garlic, Rapese Caramelised Sugar Syred Chilli, Yellow Soya Bean, Spiritingar. Chinese Five Spice (Cinnan Powder, Fennel Powder, Ginger Powder, Star Anise, Clove Powder). Salt, Soya Bean , Alcohol. Allergy Advice For allergens, see Ingredients in bold. Prepared to a vegan recipe. not suitable for milk and egg allergy sufferers because the ergens are present ment. Pack contains 2 s *Reference intake d (8400kJ/",Soybeans,,27,B,3,,False,True,yes,low,low,moderate,low,247.0,59.0,1.56626506024096,0.120481927710843,9.63855421686747,5.18072289156626,0.481927710843373,1.20481927710843,0.00376506024096386,0.00150602409638554,,,1,1,0,0,1,0,0,0,0,0
https://world.openfoodfacts.org/product/3701283800444/biscuits-petit-dej-gouter-pois-gourmands-citron-greendoz,3701283800444,Biscuits Petit Dej & Goûter - Pois Gourmands & Citron – Greendoz,,,Greendoz,"Snacks, ,, Breakfasts, ,, Sweet snacks, ,, Biscuits and cakes, ,, Biscuits and crackers, ,, Biscuits, ,, Dry biscuits, ,, Breakfast biscuit, ,, Breakfast biscuit with cereals fortified with vitamins and chemical elements","Low or no sugar, ,, Low sugar, ,, Organic, ,, EU Organic, ,, Reduced sugar, ,, 30% less sugar, ,, No colorings, ,, No palm oil, ,, AB Agriculture Biologique",,,France,"French: BISCUITS PETIT DÉJEUNER À BASE DE LÉGUMES ET LEGUMINEUSES Ingrédients Farines de BLE * (T65 et T110); farines de légumes* et légumineuses* 16,0% (farine de pois verts* 7%, farine de pois chiche* 5%, poudre d'épinards*, farine de sarrasin*, farine de lin*, farine de pois jaunes* 1%); huile de colza* sucre de canne* flocons d'AVOINE* pépites de chocolat* 8% (masse de cacao*, sucre de canne*, beurre de cacao*, extrait de vanille*); graines* 6,5% ( SÉSAME * 2,3%, kasha*, chia* (Salvia hispanica)); poudre à lever: carbonates d'ammonium et carbonates de sodium;","Gluten, Sesame seeds",,23,B,3,B,True,True,yes,moderate,moderate,high,low,1670.0,452.0,19.6,3.0,53.3,15.2,7.0,10.4,0.2,0.08,,,2,10,8,4,4,2,0,4,4,0
https://world.openfoodfacts.org/product/00749619/bbq-teriyaki-chicken-trader-joe-s,00749619,BBQ Teriyaki Chicken – Trader Joe's – 21 oz,21 oz,,Trader Joe's,"Meals, ,, Meals with meat, ,, Poultry meals, ,, BBQ Terriyaki Chicken",,,,United States,"Boneless Skinless Chicken Leg Meat, Water, Sugar, Soy Sauce (Water, Soybean , Wheat , Salt), Dark Soy Sauce (Water, Soybean , Salt, Sugar, Wheat Flour , Mushroom Extract), Modified Cornstarch, Salt, Lime Juice Concentrate, Ginger, Garlic, Green Onion","Gluten, Soybeans",,21,B,4,E,True,True,yes,moderate,low,moderate,moderate,703.333333333333,160.0,6.0,1.33333333333333,7.33333333333333,6.66666666666667,0.666666666666667,20.6666666666667,1.18333333333333,0.473333333333333,,4.74488636363635,2,9,7,2,1,1,5,7,0,0
https://world.openfoodfacts.org/product/0819215020747/summer-berry-sparkling-water-waterloo,0819215020747,Summer Berry Sparkling Water – Waterloo,,,Waterloo,"Beverages and beverages preparations, ,, Beverages, ,, Carbonated drinks, ,, Waters, ,, Carbonated waters, ,, Flavored waters","No GMOs, ,, Non GMO project",,,"United States, ,, World","Purified Carbonated Water, Natural Flavors",,,2,B,4,,True,,maybe,low,low,low,low,0.0,0.0,0.0,0.0,0.0,0.0,,0.0,0.0,0.0,,,0,0,0,0,0,0,0,0,0,0
https://world.openfoodfacts.org/product/0078742097282/white-hot-dog-buns-great-value,0078742097282,White Hot Dog Buns – Great value – 11 oz,11 oz,,Great value,"Plant-based foods and beverages, ,, Plant-based foods, ,, Cereals and potatoes, ,, Breads, ,, Special breads, ,, Hot dog buns",,,,United States,"enriched wheat flour (flour, barley malt, niacin, iron, thiamin mononitrate, riboflavin, folic acid), water, high fructose corn syrup, soybean oil (non-hydrogenated), yeast, salt, contains 2% or less of the following: wheat gluten, soy flour , dough conditioners (monoglycerides, datem, ethoxylated mono and diglycerides, enzymes, soy lecithin , ascorbic acid), yeast nutrients (ammonium sulfate, monocalcium phosphate), and calcium propionate (a preservative)","Gluten, Soybeans",,28,B,4,B,,True,yes,moderate,low,moderate,low,1191.44494772727,282.0,6.67061415909091,1.00846256363636,49.4241804659091,6.44737698863636,4.36828295454546,6.46110070454546,0.24157822625,,,0.0,2,6,4,3,1,1,1,2,2,0
https://world.openfoodfacts.org/product/3023290076958/latte-cookies-nescafe,3023290076958,Latte cookies – Nescafé – 205 ml,205 ml,,Nescafé,"Snacks, ,, Sweet snacks, ,, Biscuits and cakes, ,, Biscuits and crackers, ,, Biscuits",No gluten,,,Spain,"Spanish: LECHE semidesnatada pasteurizada (94%), azúcar, café soluble (1%), LECHE desnatada en polvo, aromas, cacao",Milk,,6,B,4,C,True,,no,low,low,moderate,low,272.93,64.0,1.5651,1.0621,8.853,8.2844,0.3385,3.4811,0.081089,,,0.0,2,3,1,0,2,1,0,1,0,0
https://world.openfoodfacts.org/product/8027890011666/mini-burger-alle-verdure-grigliate-kioene,8027890011666,Mini Burger alle Verdure Grigliate – Kioene – 160 g,160 g,,Kioene,"Meats and their products, ,, Frozen foods, ,, Meats, ,, Meat alternatives, ,, Steaks, ,, Frozen meats, ,, Ground steaks, ,, Frozen steaks, ,, Frozen ground steaks, ,, Vegetarian hamburgers","Vegetarian, ,, Vegan, ,, FSC, ,, FSC Mix",,,Italy,"Italian: Zucchine grigliate 31%, melanzane grigliate 19%, carote, olio di semi di girasole, pomodoro 7%, farina di SOIA ristrutturata, pane integrale (farina di GRANO integrale, farina di GRANO , sale, lievito di birra), amidi, peperoni grigliati 3,5%, glutine di GRANO , fibra di pisello, prezzemolo, cipolla, sale, addensante: metilcellulosa; acqua, aglio, basilico. Può contenere SEDANO , SENAPE e LUPINI .","Gluten, Soybeans","Celery, Lupin, Mustard",23,B,4,B,True,True,yes,moderate,low,low,moderate,620.0,149.0,8.5,0.7,10.0,1.8,3.8,6.2,1.1,0.44,,,1,6,5,1,0,0,5,2,1,2
https://world.openfoodfacts.org/product/4025500205393/passione-alla-greca-yogurt-magro-alla-fragola-muller,4025500205393,Passione alla greca yogurt magro alla fragola – Muller – 150 g,150 g,,Muller,"Dairies, ,, Fermented foods, ,, Fermented milk products, ,, Desserts, ,, Dairy desserts, ,, Fermented dairy desserts, ,, Yogurts, ,, Greek-style yogurts",,,,Italy,,,,,B,,B,,,,low,,high,low,376.0,88.0,0.0,,14.1,13.5,,7.9,0.01,0.004,,,1,4,3,1,3,0,0,3,0,0
https://world.openfoodfacts.org/product/8001420006933/blond-il-sempre-al-dente-integrale-gallo,8001420006933,Blond il Sempre al Dente integrale – Gallo,,,Gallo,"Plant-based foods and beverages, ,, Plant-based foods, ,, Cereals and potatoes, ,, Seeds, ,, Cereals and their products, ,, Cereal grains, ,, Rices",,,,Italy,,,,,B,,,,,,low,low,low,low,1481.0,354.0,2.7,0.7,73.0,0.0,3.4,7.8,0.0,0.0,,,-1,3,4,,0,,0,3,1,0
https://world.openfoodfacts.org/product/4335619000995/haltbare-fettarme-milch-milbona,4335619000995,Haltbare fettarme Milch – Milbona – 12l,12l,,Milbona,"Beverages and beverages preparations, ,, Beverages, ,, Dairies, ,, Milks (liquid and powder), ,, Milks, ,, Homogenized milks, ,, Pasteurised products, ,, UHT Milks",,,,"Germany, ,, United States",Milch,,,1,B,,D,False,True,yes,moderate,moderate,moderate,low,192.0,46.0,1.5,1.0,4.8,4.8,0.0,3.2,0.000325,0.00013,,,-1,6,7,3,3,0,0,7,0,0
https://world.openfoodfacts.org/product/4056489000914/semi-skimmed-milk-dairy-manor,4056489000914,Semi skimmed milk – Dairy Manor,,,Dairy Manor,"Dairies, ,, Milks, ,, Semi-skimmed milks",Assured Food Standards,"United Kingdom, ,, Great Britain, ,, Cornwall",,United Kingdom,,,,,B,,C,,,,low,low,low,low,206.0,49.0,1.7,1.1,4.7,4.7,0.5,3.5,0.11,0.044,,,0,7,7,3,3,1,0,7,0,0
https://world.openfoodfacts.org/product/6130760000843/yaourt-light-soummam,6130760000843,Yaourt light – Soummam – 100g,100g,,Soummam,"Beverages, ,, Dairies, ,, Fermented foods, ,, Fermented milk products, ,, Desserts, ,, Dairy desserts, ,, Dairy drinks, ,, Fermented dairy desserts, ,, Fermented drinks, ,, Yogurts, ,, Fermented milk drinks, ,, Drinkable-yogurts, ,, Flavoured-drinkable-yogurts-with-sugar",,,,Algeria,,,,,B,,E,,,,low,moderate,moderate,low,188.79,44.0,1.39,0.92,4.45,4.45,,3.63,0.11,0.044,,,-1,6,7,3,3,0,0,7,0,0
https://world.openfoodfacts.org/product/5901869016766/kraina-w%C4%99dlin,5901869016766,Kraina Wędlin – 300g & 6,300g & 6,,Kraina Wędlin,"Meats and their products, ,, Prepared meats, ,, Sausages, ,, Sausage meat",,,,Poland,,,,,B,,,,,,moderate,low,low,moderate,263.0,63.0,4.66666666666667,1.33333333333333,0.266666666666667,0.266666666666667,0.166666666666667,5.0,0.6225,0.249,,,2,4,2,0,0,1,3,2,0,0
https://world.openfoodfacts.org/product/4337256792363/soja-vanille-yoghurt-rewe,4337256792363,Soja Vanille Yoghurt – Rewe – 500 g,500 g,,"Rewe, ,, Rewe Beste Wahl","Plant-based foods and beverages, ,, Fermented foods, ,, Dairy substitutes, ,, Desserts, ,, Vegan products, ,, Non-dairy desserts, ,, Non-dairy fermented foods, ,, Non-dairy yogurts, ,, Soy milk yogurts","Vegetarian, ,, Vegan, ,, Nutriscore, ,, Nutriscore Grade B",,,Germany,"German: Wasser, Sojabohnen 11 %, Zucker, modifizierte Stärke, Säureregulator (Citronensäure, Natriumcitrate, Calciumcitrate), Stärke, natürliches Aroma, färbendes Karottenkonzentrat, Meersalz, Verdickungsmittel (Johannisbrotkernmehl), gemahlene extrahierte Vanilleschoten, Joghurtkulturen.",Soybeans,,16,B,4,A,True,True,yes,low,low,moderate,low,290.0,69.0,1.8,0.2,9.3,7.5,0.7,3.5,0.23,0.092,,,2,3,1,0,2,0,1,1,0,0
https://world.openfoodfacts.org/product/0044000020187/nutter-butter-bites-nabisco,0044000020187,Nutter Butter Bites – Nabisco – 1 oz,1 oz,,Nabisco,"Snacks, ,, Sweet snacks, ,, Biscuits and cakes, ,, Biscuits",,,,United States,"Unbleached enriched flour ( wheat flour , niacin, reduced iron, thiamine mononitrate {vitamin b1}, riboflavin {vitamin b2}, folic acid), sugar, peanut butter ( peanuts , corn syrup solids, hydrogenated rapeseed and/or cottonseed and/or soybean oils, salt, peanut oil), high fructose corn syrup, canola oil, palm oil, whole grain wheat flour, salt, leavening (baking soda and/or calcium phosphate), cornstarch, soy lecithin , artificial flavor.","Gluten, Peanuts, Soybeans",,28,B,4,D,False,True,yes,moderate,moderate,moderate,low,1638.7675,500.0,11.2433125,2.80808425,61.9818375,7.4070375,5.625725,8.375356875,0.1845828125,,,0.0,2,8,6,4,2,2,0,3,3,0
https://world.openfoodfacts.org/product/0073360747519/naturally-essenced-berry-sparkling-water-la-croix,0073360747519,Naturally Essenced Berry Sparkling Water – La Croix,,Aluminium-can,"La Croix, ,, LaCroix","Beverages, ,, Artificially sweetened beverages","No GMOs, ,, Non GMO project",,,"Spain, ,, United States, ,, World","Carbonated water, natural flavor.",,,2,B,4,,True,,maybe,low,low,low,low,0.0,0.0,0.0,0.0,0.0,0.0,,0.0,0.0,0.0,,,0,0,0,0,0,0,0,0,0,0
https://world.openfoodfacts.org/product/20853433/volkoren-knackebrod-tastino,20853433,Volkoren Knäckebröd – Tastino – 375g,375g,,Tastino,"Plant-based foods and beverages, ,, Plant-based foods, ,, Cereals and potatoes, ,, Breads","Nutriscore, ,, nl:A",,,France,"French: 45% farine d'orge complet, farine de blé , 14% farine de blé complet, levure, sucre, huiles végétales (palme, navette), sel, chapelure ( blé , seigle , graines de sésame ). Peut contenir des traces d'autres céréales contenant du gluten , d' œuf , de soja , de lait et de lupin .","Eggs, Gluten, Lupin, Milk, Sesame seeds","Eggs, Gluten, Lupin, Milk, Soybeans",17,B,3,,False,True,no,low,low,moderate,low,233.175,57.0,0.885,0.105,9.6,0.0,0.51,1.95,0.1025,0.041,,1.570625,1,1,0,0,1,0,0,0,0,0
https://world.openfoodfacts.org/product/3277390014055/yaourt-nature-savoie-yaourt,3277390014055,Yaourt Nature – Savoie Yaourt – 125 g,125 g,"Pot, ,, Frais, ,, Verre",Savoie Yaourt,"Dairies, ,, Fermented foods, ,, Fermented milk products, ,, Desserts, ,, Dairy desserts, ,, Fermented dairy desserts, ,, Yogurts, ,, Plain fermented dairy desserts, ,, Plain yogurts, ,, Desserts-lactés, ,, Desserts-lactés-fermentés, ,, Desserts-lactés-fermentés-nature, ,, Produits-fermentés, ,, Produits-laitiers-fermentés",Lait Français,"France, ,, Auvergne-Rhône-Alpes, ,, Rhône-Alpes, ,, Savoy",France,France,"French: Lait entier 99,6%, lactose et protéines de lait , ferments lactiques .",Milk,,3,B,4,A,True,True,no,moderate,moderate,low,low,265.0,63.0,3.5,2.1,4.6,4.6,0.0,3.4,0.1,0.04,,0.0,2,3,1,0,1,2,0,1,0,0
https://world.openfoodfacts.org/product/40352473/dessert-sosse-vanille-ohne-kochen-ruf,40352473,Dessert Soße Vanille ohne kochen – Ruf – 24g,24g,Paper,Ruf,"Condiments, ,, Sauces, ,, Groceries",,,,Germany,"sugar, modified starch, thickener (guar gum, carrageenan), flavor, colorant beta-carotene",,,7,B,4,,,,maybe,low,low,moderate,low,332.0,78.0,1.5,0.9,13.0,10.0,0.3,3.1,0.13,0.052,,,1,2,1,0,2,0,0,1,0,0
https://world.openfoodfacts.org/product/42341673/coco-coconutwater-imp,42341673,"Coco, Coconutwater imp –  – 330ml",330ml,,,"Beverages and beverages preparations, ,, Plant-based foods and beverages, ,, Beverages, ,, Plant-based beverages, ,, Coconut waters","Fair trade, ,, Organic, ,, EU Organic, ,, Fairtrade International, ,, DE-ÖKO-003, ,, Nutriscore, ,, Nutriscore Grade B",,,"France, ,, Germany",French: 100% Eau de noix de coco bio.,,,1,B,1,C,True,True,yes,low,low,low,low,54.0,13.0,0.0,0.0,3.4,2.2,,0.0,0.07,0.028,,,-3,3,6,1,2,0,0,0,0,6
https://world.openfoodfacts.org/product/50412044/beer-advent-calendar-j2o,50412044,Beer Advent Calendar – J2o – 275 ml,275 ml,Glass-bottle,"J2o, ,, Marks & Spencers","Festive foods, ,, Christmas foods and drinks, ,, Advent calendars",,,,"France, ,, United Kingdom","French: Water, Fruit Juices from Concentrate ( Apple 26% Mango 6%), Sugar, Acid (Citric Acid Stabiliser (Pectin), Acienty Regulator (Sodium Citrate), Flavourings, Presenteuve (Potassium Sorbate), Antioxidant (Ascorbic Acid), Sweetener (Sucralose).",Apple,,16,B,4,,False,True,yes,low,low,low,low,242.0,58.0,0.0,0.0,4.7,4.7,,0.0,0.06,0.024,,,1,1,0,0,1,0,0,0,0,0
https://world.openfoodfacts.org/product/0071537001105/natural-selzer-black-cherrry-polar,0071537001105,Natural Selzer Black Cherrry – Polar – 12 fl oz (355 ml) can,12 fl oz (355 ml) can,Aluminium-can,Polar,"Beverages, ,, Carbonated drinks, ,, Waters, ,, Carbonated waters",,,,United States,"carbonated water, natural flavors",,,2,B,4,,True,,maybe,low,low,low,low,0.0,0.0,0.0,0.0,0.0,0.0,,0.0,0.0,0.0,,,0,0,0,0,0,0,0,0,0,0
https://world.openfoodfacts.org/product/0657622419774/apple-juice-honest-kids,0657622419774,Apple Juice – Honest Kids – 177ml,177ml,,Honest Kids,"Plant-based foods and beverages, ,, Beverages, ,, Plant-based beverages, ,, Fruit-based beverages, ,, Juices and nectars, ,, Fruit nectars, ,, Apple nectars","No gluten, ,, Organic, ,, No GMOs, ,, USDA Organic, ,, FSC, ,, FSC Mix, ,, No added sugar",,,United States,"filtered water, organic apple juice from concentrate 42%, natural flavor, vitamin c (ascorbic acid), organic natural flavor, citric acid (provides tartness)",,,8,B,4,E,True,,maybe,low,low,moderate,low,82.0,19.0,0.0,0.0,5.0847457627119,4.5197740112994,,0.0,0.021186440677966,0.0084745762711864,,,2,4,2,1,3,0,0,0,0,2
https://world.openfoodfacts.org/product/5400141305487/pistolets-a-l-epautre-boni,5400141305487,Pistolets à l'épautre – boni – 300g,300g,,"Boni, ,, boni","Plant-based foods and beverages, ,, Plant-based foods, ,, Cereals and potatoes, ,, Cereals and their products, ,, Breads, ,, Baguettes, ,, fr:Pains de tradition française, ,, French-baguette-with-yeast, ,, fr:Pain a l'epeautre précuit, ,, fr:Pains-a-l-epautre","Green Dot, ,, Nutriscore, ,, Nutriscore Grade A",,,Belgium,"French: FR PISTOLETS À L'ÉPEAUTRE PRÉCUITS - Farine d' ÉPEAUTRE , eau, 7% levain d' ÉPEAUTRE , graines de lin, graines de tournesol, huile d'olive, sel iodé, levure, flocons d' ÉPEAUTRE , gluten d' ÉPEAUTRE , graines de SÉSAME , granulés de LUPIN , farine grise d' ORGE maltée, miel en poudre, farine grise d' ÉPEAUTRE malté, huile de navette, cacao en poudre, extrait d pois, farine grise de riz, enzyme, agent de traitement de la farine (E300). PEUT CONTENIR DES TRACES DE FRUITS À COQUE ET DE MOUTARDE .","Gluten, Lupin, Sesame seeds","Mustard, Nuts",23,B,3,A,True,True,no,moderate,low,low,moderate,1213.0,290.0,5.8,0.8,47.0,2.0,4.2,11.0,0.915,0.366,,,1,7,6,3,0,0,4,4,2,0
https://world.openfoodfacts.org/product/7791120031557/arroz-largo-fino-molinos-ala,7791120031557,Arroz largo fino – Molinos Ala,,,Molinos Ala,"Plant-based foods and beverages, ,, Plant-based foods, ,, Cereals and potatoes, ,, Seeds, ,, Cereals and their products, ,, Cereal grains, ,, Rices, ,, White rices","No gluten, ,, es:Sin TACC",,,"Argentina, ,, Spain",,,,,B,,,,,,low,low,low,low,1456.0,348.0,0.0,0.0,76.8,0.0,1.0,8.8,0.0,0.0,,,-3,0,3,,0,,0,3,0,0
https://world.openfoodfacts.org/product/4020400893039/krauter-mint-hustenbonbons-vivil,4020400893039,Kräuter Mint Hustenbonbons – Vivil – 120 g,120 g,,Vivil,"Snacks, ,, Sweet snacks, ,, Confectioneries, ,, Candies","Contains a source of phenylalanine, ,, Nutriscore, ,, Nutriscore Grade B",,Deutschland,"Germany, ,, Switzerland","German: Süßungsmittel: Isomalt, Maltitsirup, Acesulfam-K, Aspartam; Kräuterextrakt (1,2%), Aroma, Eukalyptusöl, Menthol. Enthält eine Phenylalaninquelle.",,,9,B,4,C,True,True,yes,low,low,low,low,993.0,238.0,0.0,0.0,95.9,0.2,,0.1,0.0,0.0,95.7,,2,2,0,2,0,0,0,0,0,0
https://world.openfoodfacts.org/product/0073410956090/multigrain-bread-brownberry,0073410956090,Multigrain bread – Brownberry,,,Brownberry,"Plant-based foods and beverages, ,, Plant-based foods, ,, Cereals and potatoes, ,, Breads",,,,United States,"Whole wheat flour, water, wheat gluten, sugar, bulgur wheat, cellulose fiber, flaxseed, cornmeal, oats , brown rice, black & white sesame seeds, soybean oil, yeast, salt, preservatives (calcium propionate, sorbic acid), datem, monoglycerides, grain vinegar, poppy seeds, soy , calcium sulfate, reb a (stevia leaf sweetener), soy lecithin , whey .","Gluten, Milk, Sesame seeds, Soybeans",,28,B,4,,,True,no,moderate,low,low,moderate,1216.27,279.0,4.65,1.16,46.51,4.65,6.98,11.63,0.9451,0.37804,,0.0,1,9,8,3,1,1,4,4,4,0
https://world.openfoodfacts.org/product/0068721704423/bagels-everything-tout-garni-dempster-s,0068721704423,Bagels Everything Tout Garni – Dempster's,,Ldpe-bag,Dempster's,"Plant-based foods and beverages, ,, Plant-based foods, ,, Cereals and potatoes, ,, Breads, ,, Special breads, ,, Bagel breads","No artificial flavors, ,, No artificial colors, ,, No artificial colours or flavours",,Canada,Canada,"enriched wheat flour, water, sugar, sesame seeds , toasted onions, wheat gluten*, fried onions (onion, vegetable oil, wheat flour , salt), poppy seeds, yeast';, salt, cornmeal, vegetable oil (canola or soybean), garlic powder, calcium propionate, sorbic acid*, malted barley flour , soy lecithin , potassium sorbate. *ingredients may vary. may contain : milk , eggs , sulfites .","Gluten, Sesame seeds, Soybeans","Eggs, Milk, Sulphur dioxide and sulphites",25,B,4,A,,True,yes,moderate,low,low,moderate,1171.0,280.0,4.66666666666667,0.666666666666667,50.6666666666667,0.0,2.66666666666667,10.6666666666667,0.8,0.32,,,2,6,4,3,0,0,3,4,0,0
https://world.openfoodfacts.org/product/6111070000280/thon-ala-sauce-tomate-le-soleil,6111070000280,Thon àla sauce tomate – Le soleil – 80g,80g,,Le soleil,"Seafood, ,, Fishes and their products, ,, Fishes, ,, Fatty fishes, ,, Tunas, ,, fr:Thon à la saice tomate",Halal,,,Morocco,French: المعلومات الغذائية /,,,1,B,,E,False,True,yes,moderate,moderate,low,moderate,685.0,163.0,9.5,1.5,3.6,0.0,,15.9,1.0,0.4,,,1,7,6,2,0,1,4,6,0,0
https://world.openfoodfacts.org/product/8718265453876/ah-lactosevrije-houdbare-volle-melk,8718265453876,AH Lactosevrije houdbare volle melk – 1 l,1 l,,Albert Heijn,"Lactosevrije melk, ,, Melk, ,, Zuivel, ,, Eieren","No gluten, ,, No lactose",,,Belgium,"Dutch: Volle melk, lactase.",Milk,,2,A,1,,True,,no,moderate,low,low,low,269.0,64.0,3.6,0.0021,4.7,4.7,0.0,3.3,0.1,0.04,,0.0,0,1,1,0,1,0,0,1,0,0
https://world.openfoodfacts.org/product/0658686600740/avocado-oil-ottavio,0658686600740,Avocado Oil – Ottavio,,,Ottavio,"Plant-based foods and beverages, ,, Plant-based foods, ,, Fats, ,, Vegetable fats, ,, Vegetable oils, ,, Fruit and fruit seed oils, ,, Avocado oils, ,, Oil",,,,United States,Avocado oil,,,1,B,2,,True,True,yes,high,high,,low,3347.0,800.0,93.3333333333333,13.3333333333333,0.0,,,0.0,0.0,0.0,,,0,5,5,,0,,0,0,0,5
https://world.openfoodfacts.org/product/8411190005935/aceite-de-oliva-virgen-extra-coosur,8411190005935,Aceite de oliva virgen extra – Coosur – 3 l,3 l,,Coosur,"Plant-based foods and beverages, ,, Plant-based foods, ,, Fats, ,, Vegetable fats, ,, Olive tree products, ,, Vegetable oils, ,, Olive oils, ,, Extra-virgin olive oils",Green Dot,Spain,,Spain,Spanish: Aceite de oliva virgen extra.,,,1,B,2,D,True,True,yes,high,high,low,low,3381.0,822.0,91.0,12.0,0.0,0.0,,0.0,0.0,0.0,,,-1,4,5,,0,,0,0,0,5
https://world.openfoodfacts.org/product/3560071304560/galettes-aux-cereales-et-legumes-carottes-et-poireaux-carrefour-bio,3560071304560,Galettes aux céréales et légumes carottes et poireaux – Carrefour BIO – 225 g,225 g,,"Carrefour BIO, ,, Carrefour",fr:Galettes surgelées aux céréales et légumes,"Organic, ,, EU Organic, ,, Non-EU Agriculture, ,, EU Agriculture, ,, EU/non-EU Agriculture, ,, Nutriscore, ,, Nutriscore Grade A, ,, AB Agriculture Biologique",,,"France, ,, Italy, ,, Spain","French: Boulgour cuit* 34% (eau, blé dur concassé*), carottes* 33%, poireaux* 19%, huile de tournesol*, fécule de pommes de terre*, eau, blanc d' œuf * en poudre, œuf * en poudre, flocons de pommes de terre déshydratés*, sel, ail déshydraté*, romarin*, muscade*.
 *ingrédients issus de l'agriculture biologique.
Peut contenir des traces de poissons , soja , céleri , lait et autres céréales contenant du gluten .","Eggs, Gluten","Celery, Fish, Gluten, Milk, Soybeans",15,B,3,,True,True,no,moderate,low,low,moderate,491.0,117.0,4.8,0.5,13.0,1.8,3.1,3.7,0.68,0.272,,,1,4,3,1,0,0,3,1,1,1
https://world.openfoodfacts.org/product/5410673006943/bens-original-rice-uncle-bens,5410673006943,bens original rice – Uncle Bens – 500,500,,Uncle Bens,"Plant-based foods and beverages, ,, Plant-based foods, ,, Cereals and potatoes, ,, Seeds, ,, Cereals and their products, ,, Cereal grains, ,, Rices, ,, White rices",,,,Greece,,,,,B,,,,,,low,low,low,low,560.0,132.0,0.5,0.1,29.0,0.5,0.5,3.1,0.01,0.004,,,1,2,1,,0,,0,1,0,0
https://world.openfoodfacts.org/product/0850014634407/bona-fide-chicken-broth-bonafide-provisions,0850014634407,Bona-fide chicken broth – Bonafide provisions,,,Bonafide provisions,Meals,"Organic, ,, USDA Organic",,,United States,"filtered water, organic free-range chicken bones, celtic sea salt, organic onions, organic carrots, organic celery, organic apple cider vinegar, organic garlic, and organic parsley",Celery,,9,B,3,,True,True,yes,low,low,low,moderate,26.0,6.0,0.0,0.0,0.0,0.0,0.0,1.25,0.5,0.2,,,2,2,0,0,0,0,2,0,0,0
https://world.openfoodfacts.org/product/4056489523642/camomilla-con-melatonina-lord-nelson,4056489523642,Camomilla con Melatonina – Lord Nelson,,,Lord Nelson,"Plant-based foods and beverages, ,, Beverages, ,, Hot beverages, ,, Plant-based beverages, ,, Herbal teas, ,, Chamomile",,,,Italy,"Italian: Maltodestrine, 8% estratto di camomilla (Matricaria Chamomilla L. - fiori), 0.025% melatonina.",,,5,B,4,A,False,True,yes,low,low,low,low,66.0,16.0,0.0,0.0,3.9,0.5,0.0,0.0,0.01,0.004,,,1,1,0,1,0,0,0,0,0,0
https://world.openfoodfacts.org/product/4770265217517/graiki%C5%A1ka-amfora-var%C5%A1k%C4%97-protein-su-%C5%A1ilauog%C4%97mis-pieno-%C5%BEvaig%C5%BEd%C4%97s,4770265217517,GRAIKIŠKA AMFORA VARŠKĖ PROTEIN su šilauogėmis – PIENO ŽVAIGŽDĖS,,,PIENO ŽVAIGŽDĖS,Greek cottage cheese with blueberries,,,,Lithuania,,,,,B,,,,,,low,low,moderate,low,376.0,90.0,0.8,0.5,11.7,0.0,,9.0,0.0875,0.035,,,1,4,3,1,3,0,0,3,0,0
https://world.openfoodfacts.org/product/8002470016828/olive-oil-bertolli,8002470016828,Olive Oil – Bertolli – 750 ml,750 ml,,Bertolli,"Plant-based foods and beverages, ,, Plant-based foods, ,, Fats, ,, Vegetable fats, ,, Olive tree products, ,, Vegetable oils, ,, Olive oils","Vegetarian, ,, Vegan",,,"Belgium, ,, Netherlands",,,,,B,2,E,,True,yes,high,high,low,low,3367.0,823.0,91.0,14.0,0.0,0.0,,0.0,0.0,0.0,,,0,5,5,,0,,0,0,0,5
https://world.openfoodfacts.org/product/5400141800197/lentilles-blondes-boni,5400141800197,Lentilles blondes – Boni,,,Boni,"Plant-based foods and beverages, ,, Plant-based foods, ,, Legumes and their products, ,, Legumes, ,, Seeds, ,, Legume seeds, ,, Pulses, ,, Lentils, ,, Blonde lentils",,,,"Belgium, ,, Luxembourg","Met B i Plan't wordt plaaardig eten lekker makkelijk. Ingrediënten - Ingrédients NL LINZEN-Linzen, water, zout, verstevigingsmiddel (E509), natuurlijk aroma (SELDERIJ). Van nature rijk aan vezels en eiwitten. FR LENTILLES-Lentille, eau, sel, affermissant (E509) arôme naturel (CÉLERI). Naturellement riche en fibres et en protéines. Gemiddelde voedingswaarde (uitgelekt) Valeur nutritionnelle moyenne (égoutté) TH-SCORE DE Energie 100 g = 1 portie - portion R 405 kJ Verzadigde vetzuren waarvan - dont Vetten - Matières grasses",,,26,B,,A,False,True,yes,low,low,low,low,405.0,96.0,0.5,0.0,13.0,0.0,5.0,7.3,0.25,0.1,,,-4,1,5,,0,,1,3,2,0
https://world.openfoodfacts.org/product/4260462985901/hafer-crunch-granola-3bears,4260462985901,Hafer-Crunch Granola – 3Bears – 325g,325g,,3Bears,"Plant-based foods and beverages, ,, Plant-based foods, ,, Breakfasts, ,, Cereals and potatoes, ,, Cereals and their products, ,, Breakfast cereals, ,, Mueslis, ,, Crunchy mueslis","Vegetarian, ,, Vegan, ,, Nutriscore, ,, Nutriscore Grade A",,,Germany,"German: 67% Hafer-Vollkornflocken, 21% Dattelsaftkonzentrat, Sonnenblumenöl, 2,8% gepuffte Quinoa, 1,4% gepuffter Amaranth, Kokosraspel, 0,1% Zimt, Meersalz. Hinweis für Allergiker: Kann Erdnüsse, Schalenfrüchte , Sesamsamen , Milch - und Sojaerzeugnisse, Senf und Lupine enthalten.","Lupin, Mustard","Lupin, Milk, Mustard, Nuts, Sesame seeds",11,B,3,B,True,True,yes,moderate,moderate,high,low,1811.0,433.0,13.0,2.0,64.0,17.0,7.8,11.0,0.14,0.056,,,1,10,9,5,4,1,0,4,5,0
https://world.openfoodfacts.org/product/4056489840862/riz-basmati-golden-sun,4056489840862,Riz basmati – Golden Sun – 500 g,500 g,,Golden Sun,"Plant-based foods and beverages, ,, Plant-based foods, ,, Cereals and potatoes, ,, Seeds, ,, Cereals and their products, ,, Cereal grains, ,, Rices, ,, Aromatic rices, ,, Indica rices, ,, Long grain rices, ,, White rices, ,, Basmati rices, ,, White Basmati rices","Nutriscore, ,, Nutriscore Grade A",,,France,French: Riz basmati,,,1,B,1,,True,True,yes,low,low,low,low,1468.0,351.0,0.8,0.2,77.0,0.5,0.8,8.5,0.01,0.004,,,0,3,3,,0,,0,3,0,0
https://world.openfoodfacts.org/product/5055540029139/black-beans-in-water-ocado,5055540029139,Black beans in water – Ocado – 400g,400g,,Ocado,"Plant-based foods and beverages, ,, Plant-based foods, ,, Legumes and their products, ,, Legumes, ,, Seeds, ,, Legume seeds, ,, Pulses, ,, Common beans, ,, Black beans, ,, Canned black beans",,,,United Kingdom,"black beans, water, firming agent (calcium chloride)",,,4,B,4,,True,True,yes,low,low,low,low,465.0,108.0,0.9,0.2,15.0,0.8,5.7,7.2,0.05,0.02,,,-4,3,7,,0,,0,2,3,2
https://world.openfoodfacts.org/product/4056489599067/kevyt-maito-pohjalan-meijeri,4056489599067,Kevyt Maito – Pohjalan Meijeri,,,Pohjalan Meijeri,"Dairies, ,, Milks (liquid and powder), ,, Milks",,Finland,,Finland,"Finnish: Pastöroitu maito (alkuperä: Suomi), D-vitamiini",Milk,,2,B,1,C,True,True,no,low,low,low,low,196.0,47.0,1.5,1.0,4.8,4.8,0.0,3.5,0.0975,0.039,,,-1,6,7,3,3,0,0,7,0,0
https://world.openfoodfacts.org/product/9341650001735/soy-milky-regular-vitasoy,9341650001735,Soy Milky Regular – Vitasoy – 1 litre,1 litre,,Vitasoy,"Beverages and beverages preparations, ,, Plant-based foods and beverages, ,, Beverages, ,, Dairies, ,, Plant-based foods, ,, Legumes and their products, ,, Dairy substitutes, ,, Milk substitutes, ,, Milks (liquid and powder), ,, Plant-based beverages, ,, Milks, ,, Plant-based milk alternatives, ,, Legume-based drinks, ,, Soy-based drinks","Australian made, ,, Health Star Rating, ,, Health Star Rating 4.5",,,Australia,"Filtered water, whole soybeans (min. 14%), raw sugar, sunflower oil, mineral (calcium phosphate), natural flavour, sea salt. Contains Soy . The protein in this product is derived from Australian grown whole soybeans. It may appear as white sediment so make sure you shake the product well before consuming it",Soybeans,,10,B,4,B,True,True,yes,moderate,low,moderate,low,221.0,53.0,3.0,0.4,3.4,2.5,0.2,3.0,0.08,0.032,,,0,6,6,4,2,0,0,6,0,0
https://world.openfoodfacts.org/product/4056489939412/fettarme-milch-milbona-lidl,4056489939412,Fettarme Milch – Milbona (Lidl),,,Milbona (Lidl),"Dairies, ,, Milks (liquid and powder), ,, Milks, ,, Semi-skimmed milks, ,, ro:B","No GMOs, ,, Ohne Gentechnik, ,, FSC, ,, FSC Mix, ,, Nutriscore, ,, Nutriscore Grade B, ,, PDO",,,Germany,,,,,B,,D,,,,low,low,low,low,192.0,46.0,1.5,1.0,4.8,4.8,,3.2,0.000325,0.00013,,,-1,6,7,3,3,0,0,7,0,0
https://world.openfoodfacts.org/product/8431876325096/muesli-crunch-carrefour,8431876325096,Muesli Crunch – Carrefour,,,"Carrefour, ,, Carrefour sensation","es:A, ,, es:Cereales sin gluten","No gluten, ,, Organic, ,, Source of fibre, ,, Green Dot, ,, No added sugar, ,, Non-organic, ,, Nutriscore, ,, Nutriscore Grade A",,,Spain,"Spanish: Copos de avena sin gluten (20,6%), copos de maíz (20,6%) (maíz, emulgente: lecitina de girasol, sal), cereal cacao (20,6%) (maíz, arroz, cacao), edulcorantes (isomaltosa, sucralosa), maíz extrusionado (7,7%) (maíz, sal), arroz extrusionado (7,7%) (arroz, maíz, sal), aceite de girasol, emulgente ( lecitina de soja ).",Soybeans,"Nuts, Peanuts",23,B,4,,False,True,yes,moderate,low,low,low,1485.0,355.0,4.0,0.5,79.0,0.5,4.9,6.3,0.24,0.096,,,1,5,4,4,0,0,1,2,2,0
https://world.openfoodfacts.org/product/3596710494019/auchan-lait-vitamine-demi-ecreme-bouteille-1l,3596710494019,Auchan lait vitamine demi-ecreme bouteille 1l – 1 l,1 l,,Auchan,"Dairies, ,, Milks (liquid and powder), ,, Milks, ,, Homogenized milks, ,, Pasteurised products, ,, Semi-skimmed milks, ,, UHT Milks, ,, ESL milks","Nutriscore, ,, Nutriscore Grade A",,,"France, ,, World","French: LAIT demi-écrémé , vitamines : A, B1, B2,B3, B5, B6, B8, B9, B12, E et D Elaboré à partir de lait origine France",Milk,,13,B,1,D,True,True,no,low,low,low,low,197.0,47.0,1.6,1.0,4.8,4.8,0.0,3.3,0.1,0.04,,,-1,6,7,3,3,0,0,7,0,0
https://world.openfoodfacts.org/product/4260335835586/cashewkerne-bruch-koro,4260335835586,Cashewkerne Bruch – KoRo – 1000g,1000g,,KoRo,"Plant-based foods and beverages, ,, Plant-based foods, ,, Nuts and their products, ,, Nuts, ,, Cashew nuts",Triman,,,"Germany, ,, Switzerland",,,,,B,,E,,,,high,high,moderate,low,2314.0,553.0,44.0,7.8,30.0,5.9,3.3,18.0,0.0,0.0,,,-3,5,8,,1,,0,7,1,0
https://world.openfoodfacts.org/product/3302100010048/saucisses-saumon-colin-d-alaska,3302100010048,"Saucisses saumon, colin d'Alaska –  – 200 g",200 g,,,"Seafood, ,, Fishes and their products, ,, Fish preparations",,,,France,"French: SAUMON Atlantique 70%, COLIN d'Alaska 19%, eau, fibre de BLÉ , oignons grillés, ail, sel, vinaigre en poudre, persil, muscade, poivre, cumin. Boyau naturel de mouton. Traces éventuelles de mollusques , crustacés , œufs , fruits à coque , lait , soja , céleri , moutarde , graines de sésame , sulfites .","Fish, Gluten","Celery, Crustaceans, Eggs, Milk, Molluscs, Mustard, Nuts, Sesame seeds, Soybeans, Sulphur dioxide and sulphites",13,B,4,,True,False,no,moderate,moderate,low,moderate,669.0,160.0,9.2,1.5,1.5,0.5,2.7,18.0,1.3,0.52,,,1,8,7,1,0,1,6,7,0,0
https://world.openfoodfacts.org/product/4860008431291/milk-%E1%83%A1%E1%83%9D%E1%83%A4%E1%83%9A%E1%83%98%E1%83%A1-%E1%83%9C%E1%83%9D%E1%83%91%E1%83%90%E1%83%97%E1%83%98-soplis-nobati,4860008431291,Milk – სოფლის ნობათი (Soplis Nobati),,,სოფლის ნობათი (Soplis Nobati),"Dairies, ,, Milks (liquid and powder), ,, Milks",,,,"Georgia, ,, United States",,,,,B,,D,,,,low,moderate,low,low,222.0,53.0,2.5,1.62,4.7,4.7,,2.9,0.00025,0.0001,,,2,8,6,4,3,1,0,6,0,0
https://world.openfoodfacts.org/product/4262413260044/bio-knabber-hulsen-reich,4262413260044,BIO KNABBER – HULSEN REICH,,,"HULSEN REICH, ,, Hülsenreich","Plant-based foods and beverages, ,, Plant-based foods, ,, Legumes and their products, ,, Snacks, ,, Legumes, ,, Salty snacks, ,, Seeds, ,, Legume seeds, ,, Pulses, ,, Chickpeas","Vegetarian, ,, Vegan, ,, European Vegetarian Union, ,, European Vegetarian Union Vegan",,,Germany,"German: 95% Bio-Kichererbsen*, Tomate-Basilikum-Gewürz (Tomatenpulver*, Zwiebel*, Knoblauch*, Paprika*, Basilikum*, Oregano*), Sonnenblumenöl* Überzugsmittel: Gummi Arabicum*, Salz *aus kontrolliert biologischem Anbau",,,11,B,3,A,False,True,yes,moderate,low,low,high,1474.0,352.0,6.0,0.9,40.9,4.2,21.9,22.6,1.8,0.72,,,0,10,10,,1,,8,,5,5
https://world.openfoodfacts.org/product/8000050028162/classico-star-tra,8000050028162,Classico - Star Tra,,,Star,"Beverages and beverages preparations, ,, Plant-based foods and beverages, ,, Beverages, ,, Hot beverages, ,, Plant-based beverages, ,, Teas, ,, it:Tè in bustine",,India,,Italy,"Italian: 30 org Ο o A della restale abile 84371 INFORMAZIONI NUTRIZIONALI - INFUSO PRONTO Valori medi Per 100ml Per 200ml %AR* Energia 3 kJ/1 Kcal 7 kJ/2 Kcal 0% Carboidrati 0,2 g 0,4 g 0% di cui: zuccheri Og 0g 0% *Assunzioni di riferimento di un adulto medio (8400 kJ / 2000Kcal) 1 tazza = 200 ml; 1 confezione = 45 tazze. Tè Classico Unico ingrediente: Tè Nero.",,,11,B,,A,False,True,yes,,,,,3.0,1.0,0.0,0.0,0.2,0.2,0.0,0.0,0.0,0.0,0.0,,0,0,0,0,0,0,0,0,0,0
https://world.openfoodfacts.org/product/8008110025946/uova-ariaperta-aia,8008110025946,UOVA ARIAPERTA – Aia,,,Aia,"Farming products, ,, Eggs",,,,Italy,,,,,B,,D,,,,moderate,moderate,low,moderate,527.0,126.0,8.7,3.2,0.0,0.0,,12.0,0.34,0.136,,,1,5,4,1,0,3,1,4,0,0
https://world.openfoodfacts.org/product/4056489721819/passata-di-pomodoro-italiamo,4056489721819,Passata di pomodoro – Italiamo,,,Italiamo,"Condiments, ,, Sauces, ,, Tomato sauces",,,,Italy,,,,,B,,B,,,,low,low,moderate,moderate,120.0,28.0,0.0,0.0,5.5,5.1,,1.2,0.3,0.12,,,2,2,0,0,1,0,1,0,0,0
https://world.openfoodfacts.org/product/0196633954466/100-spanish-extra-virgin-olive-oil-kirkland-signature,0196633954466,100% Spanish Extra Virgin Olive Oil – Kirkland Signature,,,Kirkland Signature,"Plant-based foods and beverages, ,, Plant-based foods, ,, Fats, ,, Vegetable fats, ,, Olive tree products, ,, Vegetable oils, ,, Olive oils, ,, Extra-virgin olive oils",,,,United States,extra virgin olive oil,,,1,B,2,E,True,True,yes,high,high,,low,3347.0,800.0,93.3333333333333,13.3333333333333,0.0,,,0.0,0.0,0.0,,,0,5,5,,0,,0,0,0,5
https://world.openfoodfacts.org/product/4337256789844/vollkornsandwich-rewe-bio,4337256789844,Vollkornsandwich – REWE Bio – 750 g,750 g,,REWE Bio,"Plant-based foods and beverages, ,, Plant-based foods, ,, Cereals and potatoes, ,, Cereals and their products, ,, Breads, ,, Toasts, ,, B","Organic, ,, EU Organic, ,, DE-ÖKO-006, ,, Nutriscore, ,, Nutriscore Grade B",,,Germany,"German: 60 % Weizenvollkornmehl, Wasser, Weizenmehl , Rohrohrzucker, Rapsöl, Meersalz, Weizengluten , Hefe, Gerstenmalzmehl , Leinsamenmehl, Säuerungsmittel (Äpfelsäure), Ethanol.",Gluten,"Lupin, Milk, Soybeans",13,B,4,A,True,True,yes,moderate,low,low,moderate,1121.0,266.0,3.7,0.4,46.4,3.9,6.4,8.5,1.1,0.44,,,2,9,7,3,1,0,5,3,4,0
https://world.openfoodfacts.org/product/5400119574761/pain-aux-graines-sans-gluten-delhaize,5400119574761,Pain aux graines sans gluten – Delhaize,,,Delhaize,"Plant-based foods and beverages, ,, Plant-based foods, ,, Cereals and potatoes, ,, Breads, ,, fr:Pains multicéréales","No gluten, ,, Nutriscore, ,, Nutriscore Grade B",,,Belgium,"French: eau, amidon (maïs, tapioca), épaississants (gomme xanthane, gomme guar, hydroxypropylméthylcellulose), graines de lin 5.6%, concentré de protéines de soja, graines de tournesol 4.5%, huile de tournesol raffinée, Psyllium, farine de riz, sucre, correcteur d'acidité (acétates de sodium), caramel en poudre, dextrose, levain séché (farine de riz, culture de départ), inuline, sel iodé, maltodextrine, lentilles grillées, extrait de levure, levure, flocons de millet, conservateur (sorbate de potassium)",Soybeans,,31,B,4,,True,True,yes,moderate,low,low,moderate,1054.0,252.0,9.7,1.3,31.0,2.1,8.2,6.2,1.2,0.48,,,2,9,7,3,0,1,5,2,5,0
https://world.openfoodfacts.org/product/7501040097539/yogurt-griego-yoplait,7501040097539,Yogurt Griego – Yoplait – 442 g,442 g,,Yoplait,"Dairies, ,, Fermented foods, ,, Fermented milk products, ,, Desserts, ,, Dairy desserts, ,, Fermented dairy desserts, ,, Yogurts, ,, Plain fermented dairy desserts, ,, Plain yogurts, ,, Greek-style yogurts",Low or no sugar,,,Mexico,"Spanish: Leche papalmente descremada estandarizada, enzimas, cultivos Lácticos, cultivos probióticos y cultivos de origen griego.Contiene: Le Puede Contener: Gluten ( Trigo ) nueces Contiene 19% Grasa Leche Contiene azúcares propios de la leche de producto 10g de proteina por 150g","Gluten, Milk, Nuts","Gluten, Milk, Nuts",9,B,1,B,False,True,yes,low,low,moderate,low,307.0,73.0,1.9,1.19,6.8,6.8,0.0,7.0,0.2675,0.107,,0.0,1,3,2,0,1,1,1,2,0,0
https://world.openfoodfacts.org/product/4335619019959/tuna-salad-mexican-style-lidl,4335619019959,Tuna salad mexican style – Lidl – 220g,220g,,Lidl,"Meals, ,, Prepared salads, ,, Meals with fish, ,, Salads with fish",,,,"Germany, ,, United Kingdom","Ingredients 26% Red Kidney Beans, 19% Sweetcorn, 18% Tuna ( Fish ), 10% Red Pepper, Water, Carrot, Onion, Sunflower Oil, Salt, Sugar, Natural Flavouring, Chilli Powder, Thickener: Guar Gum. Allergy Advice For allergens, see ingredients in bold. May also contain Celery",Fish,Celery,14,B,4,,True,False,no,moderate,low,low,moderate,515.0,123.0,5.5,0.7,8.2,2.2,3.6,8.4,0.9,0.36,,,1,5,4,1,0,0,4,3,1,0
https://world.openfoodfacts.org/product/0084253240468/potato-leek-creamy-soup-imagine,0084253240468,POTATO LEEK CREAMY SOUP – Imagine – 32 FL OZ,32 FL OZ,Brick,Imagine,"Canned foods, ,, Meals, ,, Soups, ,, Canned meals, ,, Canned soups","No gluten, ,, Organic, ,, Vegetarian, ,, No GMOs, ,, No preservatives, ,, Vegan, ,, FSC, ,, Non GMO project",,,"United States, ,, World","Filtered water, potatoes*, onions*, leeks*, tapioca starch flour*, expeller pressed canola oil* and/or safflower oil* and/or sunflower oil*, sea salt, roasted garlic*, natural flavors, onion powder*, spices*.",,,13,B,4,,True,True,yes,low,low,low,moderate,156.0,37.0,0.833333333333333,0.0,7.08333333333333,0.833333333333333,0.416666666666667,0.833333333333333,0.4375,0.175,,,2,2,0,0,0,0,2,0,0,0
https://world.openfoodfacts.org/product/3266191055480/galette-au-son-d-avoine-la-vie-claire,3266191055480,Galette au Son d'avoine – La Vie Claire – 4 x 60 g,4 x 60 g,,La Vie Claire,"Crêpes and galettes, ,, Galettes, ,, fr:Galettes au Son d'avoine","Organic, ,, EU Organic, ,, EU Agriculture, ,, FR-BIO-01, ,, Green Dot, ,, Made in France, ,, AB Agriculture Biologique",,,France,,,,,B,,,,,,low,low,low,moderate,627.0,150.0,2.8,0.5,21.0,2.0,,8.3,0.86,0.344,,,2,5,3,1,0,0,4,3,0,0
https://world.openfoodfacts.org/product/3325350832291/noisette-poudre-holy-fruits,3325350832291,Noisette poudre – Holy Fruits,,,Holy Fruits,"Plant-based foods and beverages, ,, Plant-based foods, ,, Nuts and their products, ,, Nuts, ,, Hazelnuts, ,, Hazelnuts-powder",,,,France,,,,,B,,E,,,,high,moderate,moderate,low,2811.0,672.0,57.9,4.5,16.0,8.4,,17.8,0.01,0.004,,,-4,3,7,,2,,0,7,0,0
https://world.openfoodfacts.org/product/0051000156341/swanson-broth-chicken,0051000156341,Swanson broth chicken,,,Swanson,"Broths, ,, Liquid broths, ,, Liquid chicken broths","No gluten, ,, Organic, ,, USDA Organic",,,United States,"Chicken stock**, chicken flavor**, sea salt, carrot juice**, onion juice**, garlic**, spice**, tomato paste**, turmeric**. **organic",,,9,B,4,A,True,False,no,low,low,low,moderate,16.0,4.0,0.0,0.0,0.42,0.42,0.0,0.42,0.5725,0.229,,,2,2,0,0,0,0,2,0,0,0
https://world.openfoodfacts.org/product/20560898/soda-water-freeway,20560898,Soda Water – Freeway – 330 ml,330 ml,Aluminium can,Freeway,"Beverages and beverages preparations, ,, Beverages, ,, Carbonated drinks, ,, Waters, ,, Sodas, ,, Non-alcoholic beverages, ,, Carbonated waters",,,"Thessaloniki, ,, Greece",Cyprus,"water, carbon dioxide, sodium hydrogen carbonate",,,3,B,4,,True,True,yes,low,low,low,low,0.0,100.0,0.0,0.0,0.0,0.0,0.0,0.0,0.0,0.0,0.0,,0,0,0,0,0,0,0,0,0,0
https://world.openfoodfacts.org/product/6111252421759/pepsi,6111252421759,Pepsi – 500ml,500ml,,Pepsi,"Beverages and beverages preparations, ,, Beverages, ,, Carbonated drinks, ,, Artificially sweetened beverages, ,, Sodas, ,, Diet beverages, ,, Colas, ,, Diet sodas, ,, Diet cola soft drink",Contains a source of phenylalanine,,,Morocco,Arabic: فية حامض القوسفوريك، حامض الستريك(، مادة منظمة للحموضة )سیترات « و حال من السـرات الحرارية مع محليــات. المكونات: مياه غازيـة، لون )کراهیل خلية )اسبرتی یم * *، اسيسولفيم البوتاسیوم، سكرالوز(، کافیین، مواد حاف و و«، بنزوات الصوديوم(، نكهة طبيعية. تاريخ الإنتاج )P(، إنتهاء الصلاحية )E( اندر من طرف قارون بقیردجز مورک ALIMENTAIREالصناعية PAR 100mبوســكورة 27182، ص،ب ک0 ENERGIE ((Kcal المغرب، بترخيص من شركة بيسك 1  هذائنيه دوری\ 0\ %0 [و 0 0% إنـك، بورشــاس، نیویرد. يحفظ في مـکان بارد  يحتوي على مصدر من فينيلالانين. 0,,,27,B,,,False,True,yes,low,low,low,low,0.0,0.0,0.0,0.0,0.0,0.0,0.0,0.0,0.045,0.018,,,0,0,0,0,0,0,0,0,0,0
https://world.openfoodfacts.org/product/0747479400046/vegetable-minestrone-rao-s,0747479400046,Vegetable Minestrone – RAO'S – 16 oz,16 oz,,RAO'S,"Meals, ,, Soups, ,, Minestrone soups",No preservatives,,,United States,"water, carrots, italian whole peeled tomatoes (tomatoes, tomato juice), celery , crushed tomatoes, onions, enriched ditalini pasta (durum semolina [ wheat ], egg whites , niacin, ferrous sulfate, thiamine mononitrate, riboflavin, folic acid), potatoes, zucchini, peas, green beans, corn starch, dark red kidney beans, sea salt, chickpeas, garlic, basil, potassium chloride, parmesan cheese ( milk , cheese culture, salt, enzymes), fennel, parsley, black pepper, oregano, bay leaf","Celery, Eggs, Gluten, Milk",,38,B,3,,True,True,no,low,low,low,moderate,156.0,37.0,0.22026432,0.0,7.48898678414097,0.0,1.3215859030837,1.54185022026432,0.671806167400881,0.268722466960352,,,2,3,1,0,0,0,3,0,0,1
https://world.openfoodfacts.org/product/6111242680791/riz-basmati-sundari,6111242680791,Riz basmati – SUNDARI,,Paper,SUNDARI,"Plant-based foods and beverages, ,, Plant-based foods, ,, Cereals and potatoes, ,, Seeds, ,, Cereals and their products, ,, Cereal grains, ,, Rices, ,, Aromatic rices, ,, Indica rices, ,, Long grain rices, ,, Basmati rices",,India,Inde,Morocco,,,,,B,,,,,,low,low,low,low,1474.0,352.0,0.7,0.1,78.0,0.3,0.6,8.2,0.1,0.04,,,-2,1,3,,0,,0,3,0,0
https://world.openfoodfacts.org/product/7627534173258/bio-hummus-au-chili-et-a-l-ail-coop,7627534173258,Bio hummus au chili et à l'ail – Coop – 175g,175g,,Coop,"Plant-based foods and beverages, ,, Plant-based foods, ,, Condiments, ,, Spreads, ,, Plant-based spreads, ,, Salted spreads, ,, Sauces, ,, Dips, ,, Hummus","Organic, ,, Vegetarian, ,, EU Organic, ,, Vegan, ,, CH-BIO-006, ,, European Vegetarian Union",,,Switzerland,"German: Kichererbsen 45%, Wasser, Peperoni, Sesampaste , Knoblauch 7 %, Sonnenblumenöl, Zitronensaft, Peperoncini 2%, Tomatenmark, Rohrohrzucker, Kochsalz, Gewürze, Säuerungsmittel (E270). Alle landwirtschaftlichen Zutaten stammen aus biologischer Produktion.",Sesame seeds,,15,B,3,A,True,True,yes,moderate,moderate,low,moderate,790.0,189.0,11.0,1.6,14.0,2.7,4.6,6.2,1.1,0.44,,,2,8,6,2,0,1,5,2,2,2
https://world.openfoodfacts.org/product/7340150800819/original-drink-powered-by-peas-vegan-1l-sproud,7340150800819,Original drink powered by peas vegan /1L – Sproud – 1L,1L,Tetra Pak,Sproud,"Plant-based foods and beverages, ,, Beverages, ,, Dairy substitutes, ,, Milk substitutes, ,, Plant-based beverages, ,, Plant-based milk alternatives","No gluten, ,, Vegetarian, ,, Vegan",,,Sweden,"Water, protein from pea (2.5%), agave syrup, rapeseed oil, acidity regulator (dipotassium phosphate), calcium carbonate, calcium phosphate, gluten free oat oil, salt, vitamins [vitamin D, riboflavin & vitamin B12]. SE/DK/NO: Ingredienser: Vatten/vand/vann, ärt-/ ærte - protein (2.5%), agavesirap, rapsolja/-olie, surhetsregle - rande medel/middel (dikalium - fosfat), kalciumkarbonat, kal - ciumfosfater, glutenfri havre - olja, salt, vitaminer [vitamin D, riboflavin, vitamin B12]. FI: Vesi, agave, herneproteiini (2.5%), rapsiöljy, happamude säätöaine (dikaliumfosfaatti), kalsiumkarbonaatti, kalsiumf - faatteja, gluteeniton kauraöljy, suola, vitamiinit (D, B2 ja B12). DE: Zutaten: Wasser, eiweiss von erbsen (2,5%), agaven - sirup, rapsöl, säureregulator (dikaliumphosphat), calciumcarbonat, calciump - hosphat, glutenfreies haferöl, salz, vitamine [vitamin D, riboflavin, vitamin B12]. NL: Ingrediënten: Water, eiwit uit erwten (2,5%), agavesiroop, koolzaadolie, zuurteregelaar (kaliumwater - stoffosfaat), calciumcarbo - naat, calciumfosfaat, glutenvrije haverolie, zout, vitaminen [vitamine D, riboflavine, vitamine B12]. FR: Ingrédients: Eau, sirop d'agave, protéine de pois (2,5%), huile de colza, correcteur d'acidité (phosphate de potassium), carbonate de calcium, gras saturés Carbohydrate / Kolhydrat / Karbohydrater / Hiilihydraatit / Kohlenhydrate / Koolhydraten/Glucides of which sugars/varav sockerarter / heraf / hvorav sukkerarter / 0,2 g 2,0 g josta sokereita / davon Zucker/waarvan suikers/ 2,0 g Protein / Proteiini / Eiweiss / 2,5 g dont sucres/ Eiwit / Protéines Salt / Suola / Salz / Zout / Sel 0,1 g Vitamine D/ Vitamin D / 1,0 ug (20%*) D-Vitamiini Riboflavin / Riboflaviini / Riboflavine 0,21 mg (15%*) Vitamine B12/ Vitamin B12/ 0,38 ug (15%*) B12 - Vitamiini Calcium / Kalcium / 120 mg (15%*) Kalzium/ *Reference Intake *Dagligt Referensintag *Dagligt Referenceindtag *Päivan Saantisuosituksesta Referenzmengen für die tägliche Zufuhr Dagelijkse referentie-inname * Apports quotidiens de référence/ phosphate de calcium, huile d'avoine sans gluten, sel, vitamines [vitamine D, riboflavine, vitamine B12].",,,150,B,4,,,True,yes,moderate,low,low,low,142.0,34.0,2.1,0.2,2.0,2.0,,2.5,0.1,0.04,,,-2,3,5,2,1,0,0,5,0,0
https://world.openfoodfacts.org/product/3760153841246/salsa-roja-jajaja,3760153841246,Salsa Roja – JAJAJA – 160 g,160 g,"Glass, ,, Pot",JAJAJA,"Condiments, ,, Sauces, ,, Meal sauces, ,, Tomato sauces, ,, Pimented tomato sauces",No additives,France,France,France,"French: Purée de tomates, purée d'oignons, sucre, vinaigre, jus de citron vert, jus de citron jaune, sel, mélange d'épices (dont piment chipotle).",Sulphur dioxide and sulphites,,9,B,3,A,True,True,yes,low,low,moderate,moderate,212.0,46.0,0.4,0.1,9.7,8.7,1.6,1.0,0.9,0.36,0.0,,1,6,5,0,2,0,4,0,0,5
https://world.openfoodfacts.org/product/5600798960613/oat-avoine-shoyce,5600798960613,oat avoine – Shoyce,,,Shoyce,pt:Bebida vegetal,,pt:Bebida de aveia,,Portugal,,,,,B,,,,,,low,low,moderate,low,234.0,56.0,1.0,0.2,8.5,6.3,1.6,1.0,0.1,0.04,,,1,1,0,0,1,0,0,0,0,0
https://world.openfoodfacts.org/product/7421000840817/leche-sula,7421000840817,Leche – Sulá,,,Sulá,"Dairies, ,, Milks (liquid and powder), ,, Milks",No lactose,,,Honduras,,,,,B,,D,,,,low,low,moderate,low,217.0,52.0,2.0,1.2,5.2,5.2,,3.2,0.16,0.064,,,2,9,7,4,4,1,0,7,0,0
https://world.openfoodfacts.org/product/4337256389006/fruhstucks-brotchen-rewe,4337256389006,Frühstucks Brötchen – Rewe – 1pcs,1pcs,Bag,"Rewe, ,, ja!","Plant-based foods and beverages, ,, Plant-based foods, ,, Cereals and potatoes, ,, Breads, ,, Bread rolls","Nutriscore, ,, Nutriscore Grade B",,,Germany,"German: Weizenmehl , Wasser, Speisesalz, Hefe, Dextrose, Emulgator (Mono - und Diacetylweinsbureester von Mono - und Diglyceriden von Soneteauren), Säureregulator (Natriumacetate)",Gluten,,9,B,4,,True,True,yes,low,low,low,low,1121.0,268.0,1.0,0.3,54.0,3.8,2.5,9.1,0.0025,0.001,,,1,4,3,3,1,0,0,3,0,0
https://world.openfoodfacts.org/product/3266191103686/haricots-rouges-la-vie-claire,3266191103686,Haricots rouges – La vie claire – 345 g,345 g,,La vie claire,"Plant-based foods and beverages, ,, Plant-based foods, ,, Legumes and their products, ,, Legumes, ,, Seeds, ,, Legume seeds, ,, Pulses, ,, Common beans, ,, Red beans",Organic,,,France,"French: Haricots rouges réhydratés* (origine France), eau, sel marin non raffiné
*Ingrédient agricole issu de l'Agriculture Biologique.",,,3,B,3,A,True,True,yes,low,low,low,moderate,328.0,78.0,0.9,0.2,7.0,0.4,6.6,7.2,0.35,0.14,,,-4,4,8,,0,,1,2,4,2
https://world.openfoodfacts.org/product/0818290011589/greek-yogurt-honey-blended-chobani,0818290011589,Greek Yogurt Honey Blended – Chobani – 150g,150g,,Chobani,"Dairies, ,, Fermented foods, ,, Fermented milk products, ,, Desserts, ,, Dairy desserts, ,, Fermented dairy desserts, ,, Yogurts, ,, Greek-style yogurts",es:Grade A,United States,,"Greece, ,, Panama, ,, United States","cultured milk, cane sugar, water, honey, fruit pectin, guar gum, natural flavors, locust bean gum, lemon juice concentrate",Milk,July-11-2025-32-09-l09-36-82-16,9,B,4,A,True,,no,moderate,moderate,moderate,low,451.51,107.0,3.0,2.0,12.7,8.66666666666667,,7.33,0.08325,0.0333,,2.5,2,5,3,1,3,1,0,3,0,0
https://world.openfoodfacts.org/product/5400141519938/tofu-laniere-marine-a-l-orientale-boni,5400141519938,Tofu lanière mariné à l orientale – Boni – 170 g,170 g,,Boni,"Plant-based foods and beverages, ,, Plant-based foods, ,, Legumes and their products, ,, Meat alternatives, ,, Tofu","Vegetarian, ,, Vegan, ,, Eco-Score, ,, Eco-Score A, ,, Nutriscore, ,, Nutriscore Grade B",,,Belgium,"91% tofu (water, soybean , calcium sulphate), marinade [water, salt, yeast extract, onion powder, coriander, paprika, pepper, garlic powder, ginger, spices, mace, thickener (e412), acidifier (e330), stabiliser (e415), turmeric], sunflower oil",Soybeans,,24,B,4,A,True,True,yes,moderate,moderate,low,moderate,807.0,193.0,14.0,1.9,1.4,1.1,1.3,15.0,1.1,0.44,,,2,8,6,2,0,1,5,6,0,0
https://world.openfoodfacts.org/product/0754686002703/1-low-fat-milk-marcel-s-modern-pantry,0754686002703,1% Low Fat Milk – Marcel's Modern Pantry – 32 fl oz,32 fl oz,,Marcel's Modern Pantry,"Dairies, ,, Milks (liquid and powder), ,, Milks, ,, Homogenized milks, ,, Pasteurised products, ,, UHT Milks, ,, Skimmed milks, ,, UHT Skimmed milks",No gluten,,,United States,"LOWFAT MILK, VITAMIN A PALMITATE, VITAMIN D3.",Milk,,3,B,1,D,True,,no,low,low,moderate,low,191.0,45.0,1.04166666666667,0.625,5.41666666666667,0.0,0.0,3.33333333333333,0.135416666666667,0.0541666666666667,,,-1,6,7,3,3,0,0,7,0,0
https://world.openfoodfacts.org/product/8431876326444/crema-de-verduras-carrefour,8431876326444,Crema de verduras – Carrefour,,,Carrefour,"Plant-based foods and beverages, ,, Plant-based foods, ,, Fruits and vegetables based foods, ,, Meals, ,, Soups, ,, Purées, ,, Vegetable soups, ,, Cream soups, ,, Cream of vegetable soups, ,, Cream of pumpkin soups, ,, es:Crema, ,, pt:sopa",Green Dot,,,Spain,"Portuguese: Agua, zanahoria (15%), patata (15%), calabacín (15%), puerro (9%), cebolla (6%), aceite de oliva virgen extra y sal.",,"Gluten, Milk",7,B,,A,False,True,yes,low,low,low,moderate,188.0,45.0,1.9,0.2,5.6,1.3,1.0,0.8,0.33,0.132,,,1,1,0,0,0,0,1,0,0,0
https://world.openfoodfacts.org/product/4056489221630/microwaveable-rice-jasmine-taste-of,4056489221630,Microwaveable Rice Jasmine – Taste of,,,Taste of,"Plant-based foods and beverages, ,, Plant-based foods, ,, Cereals and potatoes, ,, Seeds, ,, Cereals and their products, ,, Cereal grains, ,, Rices, ,, Aromatic rices, ,, Indica rices, ,, Long grain rices, ,, Jasmine rice","Vegetarian, ,, Vegan",,,"France, ,, United Kingdom","water, jasmine rice, sunflower oil, salt",,,4,B,3,E,True,True,yes,low,low,low,low,706.0,168.0,1.28,0.16,35.84,0.0,1.04,3.28,0.024,0.0096,,,0,1,1,,0,,0,1,0,0
https://world.openfoodfacts.org/product/3760275574671/riz-basmati-1-2-complet-autour-du-riz,3760275574671,riz basmati 1/2 complet – Autour du Riz – 400 g,400 g,,Autour du Riz,"Plant-based foods and beverages, ,, Plant-based foods, ,, Cereals and potatoes, ,, Seeds, ,, Cereals and their products, ,, Cereal grains, ,, Rices, ,, Aromatic rices, ,, Indica rices, ,, Long grain rices, ,, Brown rices, ,, Basmati rices, ,, Brown Basmati rices","Fair trade, ,, Organic, ,, EU Organic, ,, Fair for Life, ,, IT-BIO-014, ,, AB Agriculture Biologique, ,, Triman",Pakistan,,France,French: Riz basmati,,,1,B,1,D,True,True,yes,low,low,low,low,1503.0,355.0,2.3,0.6,73.0,0.0,4.3,8.4,0.06,0.024,,,-2,3,5,,0,,0,3,2,0
https://world.openfoodfacts.org/product/0850031700703/severed-lime-flavoured-sparkling-water-liquid-death,0850031700703,Severed Lime Flavoured Sparkling Water – Liquid Death,,,Liquid Death,"Beverages and beverages preparations, ,, Beverages, ,, Carbonated drinks, ,, Waters, ,, Carbonated waters",,,,United Kingdom,"Carbonated Water, Sweetener: Agave Necter, Natural Flavouring, Preservative: Citric Acid",,,6,B,4,,True,True,yes,low,low,low,low,16.0,4.0,0.0,0.0,0.6,0.6,0.0,0.0,0.0,0.0,,,1,1,0,0,1,0,0,0,0,0
https://world.openfoodfacts.org/product/4056489881667/metzgerfrisch,4056489881667,Metzgerfrisch – 400g,400g,,"Metzgerfrisch, ,, Pro Tierwohl","Meats and their products, ,, Meats, ,, Poultries, ,, Fresh meats, ,, Turkey and its products, ,, Fresh meat preparations, ,, Ground meats, ,, Turkeys, ,, Ground turkey meat","No GMOs, ,, Haltungsform, ,, Haltungsform 3, ,, de:Herkunftskennzeichen Deutschland, ,, Ohne Gentechnik, ,, Nutriscore, ,, Nutriscore Grade B, ,, Nutriscore Grade C, ,, QS certification mark",Germany,,Germany,"German: 98% Putenfleisch*, Speisesalz, Schwarzer Pfeffer, Antioxidationsmittel: Ascorbinsäure, Natriumascorbat; Gewürzextrakte. Kann Spuren von Senf , Sellerie , Milch und Weizen enthalten.",,"Celery, Gluten, Milk, Mustard",7,B,3,D,True,False,no,moderate,moderate,low,moderate,670.0,161.0,9.8,3.3,0.7,0.4,0.0,17.4,1.05,0.42,,,2,9,7,1,0,3,5,7,0,0
https://world.openfoodfacts.org/product/3017800512326/les-legumes-gratines-epinard-pommes-de-terre-emmental,3017800512326,Les légumes gratinés épinard pommes de terre  emmental,,,,Meals,"Nutriscore, ,, Nutriscore Grade B","fr:pomme de terre UE, ,, fr:Épinard Espagne",,France,"French: Épinards 30% (Espagne), pommes de terre précuites 25% origine UE (Allemagne et/ou France et/ou Pays-Bas), eau, emmental râpé 6,8% (lait de vache pasteurisé, sel de saumure, ferments lactiques ), fromage blanc (lait écrémé pasteurisé, crème pasteurisée, ferments lactiques ), oignons, crème fraîche 2,4%, poudre de lait , amidon de riz, farine de blé , beurre , sel de mer et minéraux de mer (potassium, magnésium et calcium), muscade. Peut contenir des traces de céréales contenant du gluten , œufs et céleri . Ce produit convient aux végétariens.","Gluten, Milk","Celery, Eggs, Gluten",24,B,3,,True,True,no,moderate,low,low,moderate,460.0,110.0,5.7,0.8,9.3,0.8,1.9,4.5,0.51,0.204,,,2,3,1,1,0,0,2,1,0,0
https://world.openfoodfacts.org/product/3027030028368/ferments-lactiques-alsa,3027030028368,Ferments lactiques – Alsa,,,Alsa,Frozen foods,,,,France,"French: Maltodextrine, sucre, ferments lactiques lyophilisés (streptococcus thermophilus et lacto bacillus bulgonicus)",,,5,B,4,,False,True,yes,moderate,moderate,low,low,271.0,65.0,3.6,2.4,4.9,4.8,0.0,3.3,0.11,0.044,,,2,3,1,0,1,2,0,1,0,0
https://world.openfoodfacts.org/product/8718907825252/ah-terra-plantaardige-kleine-salade-quinoa-noten,8718907825252,AH Terra Plantaardige kleine salade quinoa noten – 205 g,205 g,,Albert Heijn Terra,"Kleine salades, ,, Maaltijden, ,, Salades, ,, Salades","Vegetarian, ,, Vegan, ,, Nutriscore, ,, Nutriscore Grade A",,,Belgium,"Dutch: groente (12% wortel, 12% groene sojaboon, 10% tuinerwt, 8,2% broccoli), water, 9,2% quinoa, plantaardige olie (zonnebloem, olijf), pompoenpit, 3,7% pistachenoot, 3,6% amandel, azijn, suiker, verse koriander, natuurlijk aroma, sojaboon, zout, specerijenextract, paprikapureeconcentraat, limoenconcentraat, knoflook, 0,1% gember, glutenvrije tarwe, citroensap, 0,06% sesamolie, 0,04% sesamzaad, stabilisator (xanthaangom [E415], guarpitmeel [E412]), conserveermiddel (kaliumsorbaat [E202], natriumbenzoaat [E211]), voedingszuur (citroenzuur [E330]).","Nuts, Sesame seeds, Soybeans",,37,B,4,,True,True,yes,moderate,moderate,low,moderate,808.0,194.0,13.0,1.5,11.0,0.0,3.70000004768372,6.5,0.4,0.16,,24.85126953125,1,4,3,2,0,1,1,2,1,0
https://world.openfoodfacts.org/product/4056489893974/veganske-okruglice-lidl,4056489893974,veganske okruglice – Lidl – 250g,250g,,"Vemondo, ,, Lidl","Plant-based foods and beverages, ,, Plant-based foods, ,, Meat alternatives, ,, Meat analogues, ,, Lentils-vegetables-ball, ,, Vegan-lentils-vegetables-balls, ,, Veget","Vegetarian, ,, Vegan, ,, Nutriscore, ,, Nutriscore Grade B, ,, V-Label International, ,, V-Label International Vegan",Germany,,"Croatia, ,, Denmark, ,, Germany","Croatian: 36% kuhana leća (voda, sušena leca), 18% mrkva, simjesa za paniranje ( pšenično brašno , kuhinjska sol, kvasac), biljna ulja (repica, suncokret, 4,5% luk, voda, pšenično brašno , modificirani škrob, kukuruzne pahuljice (kukuruz, kuhinjska sol, secer, ekstrakt ječmenog slada), regulatori kiselosti: kalijev laktat, kalijevi acetati; rajčica u prahu, peršin, kuhinjska sol, škrob (sadrži pšenicu ), sjemenke lana, sjemenke suncokreta, sjemenke bundeve, začini, zgušnjivač: metil celuloza. Može sadržavati tragove soje , gorušice , celera i badema .",Gluten,"Celery, Mustard, Nuts, Soybeans",34,B,4,,,True,yes,moderate,low,low,moderate,794.0,190.0,6.5,0.6,23.0,2.2,6.1,6.7,1.2,0.48,,,2,7,5,2,0,0,5,2,3,0
https://world.openfoodfacts.org/product/4104060031939/bio-jogurt-mild-3-8-fett-andechser-natur,4104060031939,"Bio-Jogurt mild 3,8% Fett – Andechser Natur – 1kg",1kg,Pot,Andechser Natur,"Dairies, ,, Fermented foods, ,, Fermented milk products, ,, Desserts, ,, Dairy desserts, ,, Fermented dairy desserts, ,, Yogurts, ,, Plain fermented dairy desserts, ,, Plain yogurts","Organic, ,, EU Organic, ,, Bioland, ,, DE-ÖKO-001",,,Germany,,,,,B,,A,,,,moderate,moderate,low,low,284.0,68.0,3.8,2.6,3.7,3.7,,4.7,0.18,0.072,,,2,3,1,0,1,2,0,1,0,0
https://world.openfoodfacts.org/product/5601312513513/skyr-aroma-morango-continente,5601312513513,Skyr Aroma Morango – Continente – 160 g,160 g,,"Continente, ,, Continente Equilíbrio, ,, Equilíbrio","Beverages and beverages preparations, ,, Beverages, ,, Dairies, ,, Fermented foods, ,, Fermented milk products, ,, Desserts, ,, Dairy desserts, ,, Fermented dairy desserts, ,, Yogurts, ,, Flavoured fermented dairy desserts, ,, Flavoured yogurts","Low or no fat, ,, Made in Portugal, ,, No added sugar, ,, No fat, ,, pt:Alto teor em proteína",,Portugal,Portugal,"Portuguese: Leite pasteurizado desnatado (Origem:Portugal), água, proteínas do leite , leite pasteurizado desnatado concentrado, aroma natural, espessantes (goma de guar e goma gelana), concentrado de beterraba e cenoura negra, fermentos lácteos e edulcorante 22 SENSE sucralose). Pode conter vestigios de gluten.",Milk,,14,B,4,D,False,True,no,low,low,moderate,moderate,209.0,50.0,0.4,0.3,4.4,4.0,,7.1,0.25,0.1,,,0,7,7,3,3,0,1,7,0,0
https://world.openfoodfacts.org/product/5601312101376/tapioca-massa-pronta-continente,5601312101376,Tapioca Massa pronta – Continente – 500 g,500 g,,Continente,"Plant-based foods and beverages, ,, Plant-based foods, ,, Fruits and vegetables based foods, ,, Vegetables based foods, ,, Vegetables, ,, Tapioca","Green Dot, ,, ISO 9001, ,, pt:Ecoponto amarelo, ,, pt:Ecoponto azul",Origem da fécula de mandioca: Brasil,,Portugal,"Portuguese: Fécula de mandioca, água, conservante (sorbato de potássio).",,,4,B,3,A,False,True,yes,low,low,low,low,986.0,235.0,0.714285714285714,0.142857142857143,58.1428571428571,0.714285714285714,0.714285714285714,0.714285714285714,0.0142857142857143,0.00571428571428571,,,2,2,0,2,0,0,0,0,0,0
https://world.openfoodfacts.org/product/0840290700132/simple-ingredient-skyr-siggi-s,0840290700132,simple ingredient skyr – siggi's – 681g,681g,,siggi's,"Dairies, ,, Fermented foods, ,, Fermented milk products, ,, Desserts, ,, Dairy desserts, ,, Fermented dairy desserts, ,, Fromages blancs - petit suisses and skyr, ,, Yogurts, ,, Skyrs","No gluten, ,, No artificial flavors, ,, No artificial preservatives, ,, No artificial sweeteners, ,, Certified gluten-free, ,, No artificial colors, ,, No artificial colours and preservatives, ,, No artificial flavourings or sweeteners",United States,,United States,"Cultured Pasteurized Whole Milk, Cane Sugar, Madagascar Bourbon Vanilla (Vanilla Extract, Vanilla Bean Specks), Fruit Pectin",Milk,,6,B,4,A,True,True,no,moderate,moderate,moderate,low,766.0,180.0,6.0,4.0,15.0,4.11764705882353,0.0,17.0,0.2,0.08,,0.0,2,8,6,2,3,3,0,6,0,0
https://world.openfoodfacts.org/product/5607047016770/magro-maracuja-curcuma-pingo-doce,5607047016770,magro Maracujá & Curcuma – pingo doce – 4 x 163 ml,4 x 163 ml,,pingo doce,"Beverages and beverages preparations, ,, Beverages, ,, Dairies, ,, Fermented foods, ,, Fermented milk products, ,, Desserts, ,, Dairy desserts, ,, Dairy drinks, ,, Fermented dairy desserts, ,, Fermented drinks, ,, Fermented dairy desserts with fruits, ,, Fermented milk drinks, ,, Yogurts, ,, Fruit yogurts, ,, Yogurt drinks","Nutriscore, ,, Nutriscore Grade A",,,Portugal,"Fibra/Fibre Pasteurized skimmed milk****, passion-fruit juice Proteinas / Protein from a concentrated product, dietary fibre (inulin), Sal/Salt flavors, corn starch, turmeric, sweetener (steviol Por 1 Per 13 31 glycosides), thickener (E440ii), starter cultures, fruit VITAMINAS E SAIS MINERA preservative (E202), vitamins (B12, D, B6). Vitamina B6 ****Origin: EU | Conservar entre 0 °C e 6 °C. / Keep Vitamin B6 between 0°C and 6°C. | Agitar antes de abrir./Shake Vitamina B12 before use. | Consumir até: ver topo da embalagem Vitamin B12 Use by: see on the top | Esta embalagem contém 4 garrafas. / This package contains 4 bottles. Vitamina D **Dose de Referência para um adulto médio Vitamin D (8400 kJ/",,,32,B,4,E,False,True,yes,low,low,moderate,low,131.0,31.0,0.1,0.1,4.0,3.9,1.0,3.0,0.12,0.048,0.0,,-1,5,6,2,3,0,0,6,0,0
https://world.openfoodfacts.org/product/0850031700697/sparkling-water-liquid-death,0850031700697,Sparkling Water – Liquid Death,,,Liquid Death,"Beverages and beverages preparations, ,, Beverages, ,, Waters",,,,Denmark,,,,,B,1,,,,,low,low,low,low,0.0,0.0,0.0,0.0,0.0,0.0,,0.0,0.0,0.0,,,0,0,0,0,0,0,0,0,0,0
https://world.openfoodfacts.org/product/0025500304199/folgers-classic-roast,0025500304199,Folgers classic roast – 40.3 oz (2lbs 8.3oz),40.3 oz (2lbs 8.3oz),,Folgers,"Beverages and beverages preparations, ,, Plant-based foods and beverages, ,, Beverages, ,, Plant-based foods, ,, Coffees, ,, Ground coffees",,,,United States,100% pure coffee,,,1,B,1,,True,True,yes,,,,,,,,,,,,,,,,,-2,10,12,10,0,0,0,7,5,0
https://world.openfoodfacts.org/product/3421557922251/crousty-noisette-grillon-d-or,3421557922251,Crousty noisette – Grillon d'Or – 375 g,375 g,,Grillon d'Or,"Plant-based foods and beverages, ,, Plant-based foods, ,, Breakfasts, ,, Cereals and potatoes, ,, Cereals and their products, ,, Breakfast cereals, ,, Extruded cereals","Organic, ,, EU Organic, ,, Made in France, ,, Nutriscore, ,, Nutriscore Grade A, ,, AB Agriculture Biologique",European Union and Non European Union,,France,"French: Blé complet* 40%, sucre de canne, seigle complet 14%, farine de blé 14%, purée de noisettes 9,5%, orge complète* 3,6%, sel. Ingredients issus de l'Agriculture Biologique. Les informations soulignées sont destinées aux personnes intolérantes ou allergiques, Traces possibles d'autres fruits à coque , de soja , de graines de sésame , de lait , d' arachide , de moutarde et de lupin .","Gluten, Milk, Nuts","Lupin, Milk, Mustard, Nuts, Peanuts, Sesame seeds, Soybeans",7,B,3,B,True,True,yes,moderate,low,high,moderate,1631.0,390.0,7.4,0.7,66.0,20.0,11.0,9.3,0.38,0.152,,,2,10,8,4,5,0,1,3,5,0
https://world.openfoodfacts.org/product/3800501117019/%D0%BA%D0%B8%D1%81%D0%B5%D0%BB%D0%BE-%D0%BA%D0%BE%D0%B7%D0%B5-%D0%BC%D0%BB%D1%8F%D0%BA%D0%BE-3-7-kozarev,3800501117019,Кисело козе мляко 3.7% – Kozarev – 300 г,300 г,,Kozarev,"Dairies, ,, Fermented foods, ,, Fermented milk products, ,, Desserts, ,, Dairy desserts, ,, Fermented dairy desserts, ,, Yogurts, ,, Goat milk yogurts",,Bulgaria,,Bulgaria,"Bulgarian: Козе МЛЯКО, българска закваска",Milk,,2,B,1,A,True,,no,moderate,moderate,low,low,263.0,63.0,3.7,2.3,3.8,3.8,,3.5,0.2,0.08,,,2,3,1,0,1,2,0,1,0,0
https://world.openfoodfacts.org/product/0194346135516/organic-grass-fed-ground-beef-marketside,0194346135516,Organic Grass-Fed Ground Beef – Marketside – 16 oz,16 oz,,Marketside,"Meats and their products, ,, Beef and its products, ,, Meats, ,, Beef","Organic, ,, USDA Organic",,,United States,organic beef,,,1,B,1,,True,False,no,moderate,moderate,,low,613.392857142857,151.0,7.14285714285714,2.67857142857143,0.0,,,20.5357142857143,0.167410714285714,0.0669642857142857,,0.0,1,3,2,1,0,2,0,2,0,0
https://world.openfoodfacts.org/product/4337256724586/bauernbrotchen-zum-fertigbacken-rewe-beste-wahl,4337256724586,Bauernbrötchen zum Fertigbacken – REWE Beste Wahl – 360g,360g,de:Packung(en),REWE Beste Wahl,"Plant-based foods and beverages, ,, Plant-based foods, ,, Cereals and potatoes, ,, Breads, ,, Bread rolls, ,, de:Weizenmischbrötchen","Nutriscore, ,, Nutriscore Grade B, ,, Nutriscore Grade B",,,Germany,"German: Weizenmehl 56%, Wasser, Roggenmehl , Roggenvollkornschrot , Hefe, Dextrose, jodiertes Speisesalz (Speisesalz, Kaliumjodat), Gerstenmalzextrakt , Rapsöl, Säureregulator (Natriumacetate).",Gluten,,13,B,4,,True,True,yes,low,low,low,moderate,1033.93,243.0,1.17,0.17,47.0,1.83,4.83,9.0,1.0,0.4,,0.0,2,7,5,3,0,0,4,3,2,0
https://world.openfoodfacts.org/product/8720608603534/yellow-label-tea-lipton,8720608603534,YELLOW LABEL TEA – Lipton – 50g,50g,,Lipton,"Beverages and beverages preparations, ,, Plant-based foods and beverages, ,, Beverages, ,, Hot beverages, ,, Plant-based beverages, ,, Teas, ,, Black teas",Green Dot,Kenya,,United States,French: Black tea.,,,1,B,,A,False,True,yes,,,,,2.0,0.0,0.0,0.0,0.0,0.0,0.0,0.1,0.0,0.0,,,0,0,0,0,0,0,0,0,0,0
https://world.openfoodfacts.org/product/8011176101608/crema-con-nocciole-dark-sz,8011176101608,Crema con nocciole Dark SZ,,,SZ,"Breakfasts, ,, Spreads, ,, Sweet spreads, ,, fr:Pâtes à tartiner, ,, Hazelnut spreads, ,, Chocolate spreads, ,, Cocoa and hazelnuts spreads",No palm oil,,,Italy,,,,,B,,D,,,,high,moderate,low,low,1791.0,428.0,27.0,4.0,55.0,1.0,6.4,7.3,0.1,0.04,,,1,8,7,5,0,3,0,3,4,0
https://world.openfoodfacts.org/product/7610700601334/ricola,7610700601334,Ricola – 70 g,70 g,,Ricola,"Snacks, ,, Sweet snacks, ,, Confectioneries, ,, Candies, ,, Hard candies","No gluten, ,, FSC, ,, FSC Mix",,,Italy,"Italian: Edulcorante (isomalto), estratto della miscela di erbe Ricola 1% (piantaggine, altea, menta, timo, salvia, alchemilla, sambuco, primula, achillea, pimpinella, veronica, malva, marrubio), colorante (caramello semplice), edulcorante (glicosidi steviolici da Stevia), olio essenziale di menta piperita, olio essenziale di menta, mentolo.",,,23,B,4,B,False,True,yes,low,low,low,low,990.0,235.0,0.0,0.0,98.0,0.0,,0.0,0.0,0.0,98.0,,2,2,0,2,0,0,0,0,0,0
https://world.openfoodfacts.org/product/4311501033425/frische-fettarme-milch-1-5-fett-gut-gunstig,4311501033425,"Frische fettarme Milch, 1,5 % Fett – Gut & Günstig – 1 l",1 l,,Gut & Günstig,"Dairies, ,, Milks (liquid and powder), ,, Milks, ,, Semi-skimmed milks, ,, Fresh milks","No GMOs, ,, Haltungsform, ,, Ohne Gentechnik, ,, FSC, ,, FSC Mix, ,, Nutriscore, ,, Nutriscore Grade A, ,, de:Haltungsform-3-außenklima, ,, de:QMilch ++",,,Germany,German: Kuhmilch,Milk,,1,B,1,D,True,True,no,low,low,low,low,196.0,47.0,1.5,1.0,4.9,4.9,,3.4,0.1275,0.051,,,-1,6,7,3,3,0,0,7,0,0
https://world.openfoodfacts.org/product/6111260110386/annor-virgin-oil,6111260110386,Annor virgin oil – 1L,1L,,ANNOR,"Plant-based foods and beverages, ,, Plant-based foods, ,, Fats, ,, Pickles, ,, Vegetable fats, ,, Olive tree products, ,, Plant-based pickles, ,, Vegetable oils, ,, Olive oils, ,, Olives, ,, Virgin olive oils",,Morocco,,Morocco,100% olives oil,,,1,B,2,A,True,True,yes,,,,,762.946,185.0,18.588,2.758,1.457,0.275,3.108,1.379,3.276,,,46.694,0,5,5,,0,,0,0,0,5
https://world.openfoodfacts.org/product/4770163199175/agotos-juoda-duona-vilniaus-duona,4770163199175,Agotos juoda  duona – Vilniaus duona – 375g,375g,,Vilniaus duona,"Plant-based foods and beverages, ,, Plant-based foods, ,, Cereals and potatoes, ,, Breads",,,,Lithuania,,,,,B,,,,,,low,low,low,moderate,925.0,221.0,1.0,0.1,42.0,2.7,6.2,7.5,1.1,0.44,,,1,7,6,2,0,0,5,3,3,0
https://world.openfoodfacts.org/product/4056489649625/peri-peri-rice-taste-of-lidl,4056489649625,Peri Peri Rice – Taste Of (Lidl),,,Taste Of (Lidl),"Plant-based foods and beverages, ,, Plant-based foods, ,, Cereals and potatoes, ,, Seeds, ,, Cereals and their products, ,, Cereal grains, ,, Rices",,,,United Kingdom,"MICROWAVE PERI PE Cooked basmati rice with mixed peppers, onion and chitt Ingredients 79% Cooked Basmati Rice (Water, Basmati Rice Red Pepper, 4% Green Pepper, 4% Onion, Sunflower Oil, Tomato Paste, White Wine Vinegar, Red Chilli, Peri Peri Paste (Water, Rapeseed Oil, White Wine Vinegar, Spices (Paprika, Chilli, Cayenne Pepper Dried Red Bell Pepper, Garlic Purée, Ginger Purée, Lemon Juice Concentrate, Salt, Tomato Purée, Onion Powder, Lemon Juice Powder, Herbs (Oregano, Parsley, Flavouring), Sugar, Garlic Purée, Smoked Paprika Powder, Turmeric Extract, Salt, Onion Powder, Garlic Powder, Dried Oregano, Vegetable Boullon (Salt, Yeast act, Dextrose, Potato Starch, Onion Extract, Carrot Powder, Dried Paley, Colour Curcumin, Herb Extracts (Marjoram, Thyme, Sage Pepper Extract Flavouring, Stabiliser Guar Gum, Turmeric Powder, Chill Powder",,,56,B,4,,True,True,yes,low,low,low,moderate,644.0,154.0,2.5,0.3,28.3,1.4,2.0,3.5,0.4125,0.165,,,2,3,1,,0,,2,1,0,0
https://world.openfoodfacts.org/product/5400113728641/almonds-delhaize,5400113728641,Almonds – Delhaize – 200 g,200 g,,Delhaize,"Plant-based foods and beverages, ,, Plant-based foods, ,, Nuts and their products, ,, Nuts, ,, Almonds","Nutriscore, ,, Nutriscore Grade A",,,"Belgium, ,, Luxembourg",French: Amandes,Nuts,"Nuts, Peanuts",1,B,1,E,True,True,yes,high,moderate,low,low,2552.0,610.0,52.0,4.3,6.0,3.9,,26.0,0.01,0.004,,,-5,2,7,,1,,0,7,0,0
https://world.openfoodfacts.org/product/4009077026117/em-eukal-vitamin-shot-sauer-gefullt-zuckerfrei-75g-zuckerfeie-fruchtbonbons-mit-saurer-fullung-1-89-12-st-22-68-25-20-1kg,4009077026117,"Em-eukal Vitamin Shot sauer gefüllt zuckerfrei 75g Zuckerfeie Fruchtbonbons mit saurer Füllung 1,89 € 12 St. = 22,68 € (25,20 €/ 1kg) – 1pcs",1pcs,,Em-eukal,"Snacks, ,, Sweet snacks, ,, Confectioneries, ,, Candies",,,,Germany,"German: Süßungsmittel: Isomalt, Maltitsirup; Vitamine (B1, B2, B3, B5, B6, B7, B9, B12, C, E); Limettenöl; Limettensaftkonzentrat; Zitronensaftkonzentrat; natürliche Aromen; Menthol; färbende Pflanzenkonzentrate (Spirulina, Saflor); Säuerungsmittel: Citronensäure; Feuchthaltemittel: Glycerin; Süßungsmittel: Sucralose.",,,28,B,4,B,True,True,yes,low,low,low,low,965.0,231.0,0.0,0.0,93.0,0.0,,0.0,0.0,0.0,,,2,2,0,2,0,0,0,0,0,0
https://world.openfoodfacts.org/product/0021000030453/2-milkfat-lowfat-cottage-cheese-small-curd-breakstone-s,0021000030453,2% MILKFAT LOWFAT COTTAGE CHEESE SMALL CURD – Breakstone's – 16 oz,16 oz,,Breakstone's,"Dairies, ,, Fermented foods, ,, Fermented milk products, ,, Cheeses, ,, Fresh cheeses, ,, Cottage cheeses",,,,United States,"Cultured pasteurized grade a skim milk and cream , whey , contains less than 2% of modified food starch, potassium citrate, salt, calcium phosphate, xanthan gum, sodium phosphate, lactic acid, guar gum, potassium chloride, natural flavor, vitamin a palmitate, vitamin d3",Milk,,15,B,4,D,True,True,no,low,low,low,moderate,357.0,85.0,2.13675213675214,1.28205128205128,5.98290598290598,0.0,0.427350427350427,11.1111111111111,0.598290598290598,0.239316239316239,,,1,5,4,1,1,1,2,4,0,0
https://world.openfoodfacts.org/product/3272640120210/soupe-de-poisson,3272640120210,Soupe de poisson – 1 kg,1 kg,,,"Meals, ,, Soups, ,, Reheatable soups, ,, Fish soups",,,,France,"French: Ingredients Eau, poissons débarqués des ports Bretons 35 %, carottes, concentré de tomates, vin blanc, poireaux, sel de Guérande, ail, épices et plantes aromatiques, huile de colza, épaississant: gomme xanthane.",,,12,B,4,,True,True,yes,low,low,low,moderate,196.0,47.0,1.3,0.2,1.8,1.3,,6.4,0.9,0.36,,,2,4,2,0,0,0,4,2,0,0
https://world.openfoodfacts.org/product/0068721003885/italian-style-100-whole-wheat-villaggio,0068721003885,Italian Style 100% Whole Wheat – Villaggio – 675g,675g,,Villaggio,"Plant-based foods and beverages, ,, Plant-based foods, ,, Cereals and potatoes, ,, Breads, ,, Sliced breads",,,,Canada,"Whole grain whole wheat flour including the germ, Water, Yeast"", Sugar, Wheat gluten*, Vegetable oil (canola or soybean), Salt, Vinegar, Calcium propionate, Acetylated tartaric acid esters of mono and diglycerides, Sodium stearoyl-2-lactylate, Sorbic acid, Soybean lecithin. ""Order may change. May contain : Sesame seeds .","Gluten, Soybeans",Sesame seeds,16,B,4,B,,True,yes,low,low,low,moderate,1001.0,239.0,2.8169014084507,0.563380281690141,43.6619718309859,4.22535211267606,4.22535211267606,9.85915492957746,1.09154929577465,0.436619718309859,,,2,8,6,2,1,0,5,4,2,0
https://world.openfoodfacts.org/product/8013399145322/morbide-limone-sperlari,8013399145322,Morbide limone – Sperlari,,,Sperlari,"Snacks, ,, Sweet snacks, ,, Confectioneries, ,, Candies, ,, Hard candies","Low or no sugar, ,, No sugar",,,"Morocco, ,, Switzerland","Italian: edulcoranti [sciroppo di maltitolo, glicosidi steviolici (estratto di Stevia)], gelatina, succo di frutta da concentrato (limone 6%), acidificante (acido citrico), stabilizzante (glicerolo), oli vegetali (cocco, palma), aroma naturale (limone con altri aromi naturali), agente di rivestimento (cera d'apil), colorante (luteina).",,,20,B,4,C,False,False,no,low,low,low,low,973.0,232.0,0.4,0.4,86.0,0.0,0.0,0.0,0.04,0.016,73.0,,2,2,0,2,0,0,0,0,0,0
https://world.openfoodfacts.org/product/4009097010530/steinofen-brotchen-sinnack,4009097010530,Steinofen Brötchen – Sinnack – 300g,300g,de:Product,Sinnack,"Plant-based foods and beverages, ,, Plant-based foods, ,, Cereals and potatoes, ,, Cereals and their products, ,, Pastas, ,, Cereal pastas, ,, Spelt pastas",Made in Germany,,,"Austria, ,, Germany","German: DINKELMEHL (eine WEIZEN ART), Wasser, Sonnenblumenkerne, Hefe Sauerteig ( ROGGENMEHL , Wasser), GERSTENMALZMEHL , GERSTENMAL - ZEXTRAKT, Meersalz, Dextrose, Säurere - gulator Natriumacetate.",Gluten,,14,B,4,,False,True,yes,moderate,low,low,moderate,1180.0,280.0,4.9,0.7,47.0,1.9,4.4,9.7,1.0,0.4,0.0,,1,7,6,3,0,0,4,4,2,0
https://world.openfoodfacts.org/product/3760324840009/huile-d-olive-vierge-extra-la-fourche,3760324840009,Huile d'Olive Vierge Extra – La Fourche – 1 l,1 l,fr:Bouteille Verre,La Fourche,"Plant-based foods and beverages, ,, Plant-based foods, ,, Fats, ,, Vegetable fats, ,, Olive tree products, ,, Vegetable oils, ,, Olive oils, ,, Extra-virgin olive oils, ,, Virgin olive oils","Organic, ,, EU Organic, ,, Green Dot, ,, Nutriscore",Italie,Italie,"Belgium, ,, France, ,, Luxembourg",French: 100% huile d'olive vierge extra biologique 100% (origine Italie),None,,1,B,2,B,True,True,yes,high,high,low,low,3389.0,824.0,92.0,15.0,0.0,0.0,0.0,0.0,0.0,0.0,,,1,6,5,,0,,0,0,0,5
https://world.openfoodfacts.org/product/8001247000725/sgombro-al-naturale-oromare,8001247000725,Sgombro al naturale – oromare – 270 g,270 g,Can,oromare,"Seafood, ,, Fishes and their products, ,, Canned foods, ,, Fishes, ,, Fatty fishes, ,, Fish fillets, ,, Mackerels, ,, Mackerel fillets, ,, Plain mackerel fillets, ,, fr:Maquereaux au naturel, ,, it:Sgombro al naturale",,Morocco,Marocco,Italy,"Italian: Sgombro, acqua, sale.",Fish,,3,B,3,E,True,False,no,moderate,moderate,low,moderate,729.0,174.0,9.2,3.9,0.0,0.0,,23.0,0.8,0.32,,,1,8,7,2,0,3,3,7,0,0
https://world.openfoodfacts.org/product/8010053016073/6-uova-fresche-medie-da-allevamento-a-terra-l-uovo-del-podere-eurovo,8010053016073,6 uova Fresche Medie da Allevamento a Terra – L'uovo del Podere EUROVO – 6 uova,6 uova,,L'uovo del Podere EUROVO,"Farming products, ,, Eggs, ,, Chicken eggs, ,, Barn chicken eggs",,Italy,,Italy,Italian: Uova,Eggs,,1,B,1,A,True,True,no,moderate,moderate,low,moderate,535.0,128.0,8.7,4.0,0.5,0.5,,12.0,0.34,0.136,,,1,5,4,1,0,3,1,4,0,0
https://world.openfoodfacts.org/product/8720182022080/crema-cacahuete-calve,8720182022080,Crema cacahuete – Calvé – 1 kg,1 kg,,Calvé,"Plant-based foods and beverages, ,, Plant-based foods, ,, Legumes and their products, ,, Spreads, ,, Nuts and their products, ,, Plant-based spreads, ,, Oilseed purees, ,, Legume butters, ,, Nut butters, ,, Peanut butters",,,,"Portugal, ,, Spain","Portuguese: AMENDOINS (85%), óleos vegetais (colza, soja ), gordura de palma totalmente hidrogenada, sal.","Peanuts, Soybeans",,6,B,3,D,False,True,yes,high,high,moderate,moderate,2775.0,664.0,58.0,8.5,11.0,6.4,6.6,21.0,0.55,0.22,,,-5,6,11,,1,,2,7,4,0
https://world.openfoodfacts.org/product/0851063003008/bottled-water,0851063003008,Bottled water,,Bottle,,"Beverages and beverages preparations, ,, Beverages, ,, Waters",,,,Iraq,,,,,B,1,,,,,low,low,low,moderate,0.0,0.0,0.0,0.0,0.0,0.0,,0.0,0.25,0.1,,,1,1,0,0,0,0,1,0,0,0
https://world.openfoodfacts.org/product/20239954/organic-beetroot-oaklands,20239954,Organic Beetroot – Oaklands,,,Oaklands,"Plant-based foods and beverages, ,, Plant-based foods, ,, Fruits and vegetables based foods, ,, Vegetable-based foods and beverages, ,, Vegetables based foods, ,, Vegetables, ,, Beetroot","Organic, ,, EU Organic, ,, FR-BIO-01",,,"Germany, ,, United Kingdom",grown to strict using organic,,,1,B,,A,False,True,yes,low,low,moderate,low,184.0,44.0,0.5,0.1,7.2,6.7,2.3,2.3,0.14,0.056,,,1,1,0,0,1,0,0,0,0,0
https://world.openfoodfacts.org/product/3770024847000/houmous-extra-natos,3770024847000,Houmous extra – Natos – 180g,180g,,Natos,"Plant-based foods and beverages, ,, Plant-based foods, ,, Condiments, ,, Spreads, ,, Plant-based spreads, ,, Salted spreads, ,, Sauces, ,, Dips, ,, Hummus","No artificial flavors, ,, No preservatives, ,, No colorings",Unspecified,,France,"French: Pois chiche 46,9%, pâte de graines de sésame 20,3%, fromage blanc , huile de colza, eau, huile d'olive vierge extra, jus de citron concentré, ail, sel. Traces éventuelles de crustacés , mollusques , moutarde , poisson , céleri , oeufs , soja et blé .","Milk, Sesame seeds","Celery, Crustaceans, Eggs, Fish, Gluten, Molluscs, Mustard, Soybeans",9,B,3,B,True,,no,high,moderate,low,moderate,1210.0,289.0,21.0,2.0,12.0,0.7,,11.0,0.69,0.276,,,2,7,5,3,0,1,3,4,0,1
https://world.openfoodfacts.org/product/3155700006801/huile-colza-abel,3155700006801,Huile Colza – Abel – 750 ml,750 ml,,Abel,"Plant-based foods and beverages, ,, Plant-based foods, ,, Fats, ,, Vegetable fats, ,, Vegetable oils, ,, Rapeseed oils","Omega-3, ,, High in Omega 3",,,France,"Traces: Nuts, Sesame seeds",,"Nuts, Sesame seeds",,B,2,B,,,,high,high,low,low,3464.0,828.0,92.0,6.5,0.0,0.0,0.0,0.0,0.0,0.0,,,2,2,0,,0,,0,0,0,0
https://world.openfoodfacts.org/product/5601312306627/peito-frango-continente,5601312306627,Peito Frango – Continente – 150 g,150 g,"Plastic, ,, Tray","Continente, ,, SONAE","Meats and their products, ,, Prepared meats, ,, fr:Charcuteries cuites, ,, Poultry hams, ,, Cooked chicken breast slices","Low or no fat, ,, Low or no salt, ,, Low fat, ,, Low salt, ,, No gluten, ,, Reduced salt, ,, 30% less salt, ,, Green Dot, ,, No lactose, ,, pt:Fundação Portuguesa de Cardiologia, ,, pt:Ecoponto amarelo, ,, pt:Fonte de proteína",,España,Portugal,"Portuguese: Peito de Frango (70%), Água, Fibra Vegetal, Estabilizadores (Sorbitol, Trifosfato Pentassódico, Carragenina, Farinha de Semente de Alfarroba), Antioxidantes (Lactato de Potássio, Eritorbato de Sódio), Sal de Potássio, Glucose, Sal, Aroma, Aroma de Fumo e Conservante (Nitrito de Sódio).",,None,18,B,4,E,True,False,no,low,low,low,moderate,397.0,94.0,2.0,0.9,4.0,3.0,,15.0,1.4,0.56,,,1,7,6,1,0,0,6,6,0,0
https://world.openfoodfacts.org/product/3770011077069/nuggets-de-filet-de-poulet-secret-volailles,3770011077069,Nuggets de filet de poulet – SECRET VOLAILLES,,,SECRET VOLAILLES,"Meats and their products, ,, Meat preparations, ,, Meats, ,, Chicken and its products, ,, Poultries, ,, Chicken preparations, ,, Breaded products, ,, Chickens, ,, Cooked poultries, ,, Breaded chicken, ,, Cooked chicken, ,, Poultry nuggets, ,, Chicken nuggets",No preservatives,,,France,"French: Préparation de poulet (87% de filet de poulet, dextrose, sel, amidon de tapioca, arômes naturels, eau), semoule de blé dur, gluten de blé , huile végétale, farine ( gluten ), fécule de pomme de terre, cornflakes (maïs, sucre, sel, extrait de malt d'orge ), huile de tournesol.",Gluten,,18,B,4,E,,False,no,moderate,moderate,low,moderate,943.0,225.0,14.5,1.7,14.3,1.6,,17.5,1.13,0.452,,,1,8,7,2,0,1,5,7,0,0
https://world.openfoodfacts.org/product/4099100045666/whole-milk-plain-yogurt-simply-nature,4099100045666,Whole Milk Plain Yogurt – Simply Nature – 32 oz,32 oz,,Simply Nature,"Dairies, ,, Fermented foods, ,, Fermented milk products, ,, Desserts, ,, Dairy desserts, ,, Fermented dairy desserts, ,, Yogurts, ,, Cow milk yogurts","Organic, ,, USDA Organic",,,United States,"CULTURED PASTEURIZED GRADE A ORGANIC MILK, PECTIN, VITAMIN D3. CONTAINS THE FOLLOWING LIVE AND ACTIVE CULTURES: L BULGARICUS, S. THERMOPHILUS, L. ACIDOPHILUS, BIFIDUS, L.CASEI.",Milk,,10,B,4,B,True,True,yes,moderate,moderate,low,low,270.588235294118,64.0,3.52941176470588,2.05882352941176,4.70588235294118,3.52941176470588,0.0,3.52941176470588,0.117647058823529,0.0470588235294118,,0.0,2,3,1,0,1,2,0,1,0,0
https://world.openfoodfacts.org/product/8480000231680/requeijao-light-hacendado,8480000231680,Requeijão Light – Hacendado – 200 g,200 g,,Hacendado,"Dairies, ,, Fermented foods, ,, Fermented milk products, ,, Cheeses, ,, Cow cheeses, ,, Pasteurised products, ,, Fresh cheeses, ,, Pasteurized cheeses, ,, pt:Requeijão, ,, pt:Requeijões com amido","Pasteurized, ,, Green Dot, ,, es:Recicla amarillo, ,, pt:Light",Origem do leite: Portugal,Portugal,Portugal,"Portuguese: Soro de LEITE de vaca (Origem: Portugal), LEITE de vaca pasteurizado (Origem: Portugal), amido de milho, estabilizador (cloreto de cálcio) e sal.",Milk,None,8,B,3,C,False,True,no,moderate,moderate,low,moderate,464.0,111.0,5.0,3.6,6.5,3.2,,9.9,0.5,0.2,,,2,6,4,1,0,3,2,4,0,0
https://world.openfoodfacts.org/product/3596710530632/ravioli-au-boeuf-tomate-basilic-auchan,3596710530632,Ravioli au boeuf tomate basilic – Auchan – 0.25 kg,0.25 kg,,Auchan,"Meals, ,, Pasta dishes, ,, Stuffed pastas, ,, Meals with meat, ,, Pasta stuffed with meat, ,, Ravioli, ,, Beef dishes, ,, Meat ravioli, ,, Meal kits, ,, Beef ravioli, ,, fr:ravioli au bœuf tomates basilic","Nutriscore, ,, Nutriscore Grade A, ,, Triman",FRANCE,,France,"French: Eau,ravioli au bœuf 24% (pâte (semoule de blé dur,eau, œufs ), farce (viande de bœuf 2%, eau, fécule de pomme deterre, sel, chapelure ( blé ),eau, sel, arômes naturels (dont blé ),poivre, thym)), double concentré de tomates 14%, carottes, extrait de paprika (huile de tournesol, extrait de paprika), basilic 1%,oignons frits (oignons, huile detournesol), sel, arômenaturel. Elaboré à partir de bœuf origine France. Traces éventuelles de céleriPourcentages exprimés sur le total de la recette.","Eggs, Gluten",Celery,31,B,4,D,True,False,no,low,low,low,moderate,402.0,95.0,1.6,0.2,16.0,3.2,2.3,3.4,0.58,0.232,,,2,3,1,1,0,0,2,1,0,0
https://world.openfoodfacts.org/product/5010394996587/markies-original-pedigree,5010394996587,MARKIES ORIGINAL – PEDIGREE – 500gr,500gr,,PEDIGREE,"Dog and cat food, ,, Dog food, ,, Pet-food, ,, Open-pet-food-facts",,,Centre de Waltham,France,,,,,,,,,,,,,,,,,,,,,,,,0.0,,,,,,,,,,,,
https://world.openfoodfacts.org/product/5200101804896/extra-virgin-olive-oil-terra-creta,5200101804896,Extra virgin olive oil – Terra Creta – 500 ml,500 ml,,Terra Creta,"Plant-based foods and beverages, ,, Plant-based foods, ,, Fats, ,, Vegetable fats, ,, Olive tree products, ,, Vegetable oils, ,, Olive oils, ,, Extra-virgin olive oils",PDO,,,"France, ,, Romania",,,,,B,2,E,,,,high,high,low,low,3435.0,821.0,91.2,14.0,0.0,0.0,0.0,0.0,0.0,0.0,,,0,5,5,,0,,0,0,0,5
https://world.openfoodfacts.org/product/5601244500162/leite-de-pastagem-biologico-meio-gordo-terra-nostra,5601244500162,Leite de Pastagem Biológico Meio-Gordo – Terra Nostra – 1 L,1 L,,Terra Nostra,"Dairies, ,, Milks (liquid and powder), ,, Milks, ,, Homogenized milks, ,, Pasteurised products, ,, UHT Milks, ,, Cow milks","Organic, ,, EU Organic, ,, Pasteurized, ,, Carbon Trust, ,, Carbon Trust Reducing CO2, ,, FSC, ,, FSC Mix, ,, Green Dot, ,, High in calcium, ,, Made in Portugal, ,, Phosphore source, ,, PT-BIO-02, ,, Vitamin B2 source, ,, pt:Açores, ,, pt:Ecoponto amarelo, ,, pt:Fonte de iodo, ,, pt:Rico em proteína",Origem do leite: Portugal,Portugal,Portugal,Portuguese: Leite,Milk,None,1,B,1,B,True,True,no,low,low,low,low,192.0,46.0,1.5,1.0,4.9,4.4,,3.1,0.1,0.04,,,-1,6,7,3,3,0,0,7,0,0
https://world.openfoodfacts.org/product/5942321000237/fanta-grepfrut-roz-zero-zahar,5942321000237,Fanta Grepfrut Roz zero zahar,,,Fanta,"Beverages and beverages preparations, ,, Beverages, ,, Carbonated drinks, ,, Sodas, ,, ro:bautura",,,,Romania,,,,,B,1,A,,,,low,low,low,low,13.0,3.0,0.0,0.0,0.3,0.3,0.0,0.0,0.04,0.016,,,0,0,0,0,0,0,0,0,0,0
https://world.openfoodfacts.org/product/7707365170623/yogurt-griego-entero-natural-sin-dulce-dejamu,7707365170623,Yogurt griego entero Natural Sin dulce – Dejamu – 1000 g,1000 g,,Dejamu,"Dairies, ,, Fermented foods, ,, Fermented milk products, ,, Desserts, ,, Dairy desserts, ,, Fermented dairy desserts, ,, Yogurts, ,, Greek-style yogurts",Source of proteins,Colombia,,Colombia,"Spanish: Leche entera higienizada, cultivos lácticos (Streptococcus thermophilus, Lactobacillus bulgaricus).",Milk,"Gluten, Nuts, Peanuts, Soybeans, Sulphur dioxide and sulphites",4,B,1,B,True,True,yes,moderate,moderate,low,low,411.8125,98.0,5.875,3.5,5.1875,2.5,0.0,6.25,0.125,0.05,,0.0,2,4,2,1,0,3,0,2,0,0
https://world.openfoodfacts.org/product/4337256685559/organic-soy-drink-food-for-future,4337256685559,Organic Soy Drink – Food for Future – 1 l,1 l,,Food for Future,"Beverages and beverages preparations, ,, Plant-based foods and beverages, ,, Beverages, ,, Plant-based foods, ,, Legumes and their products, ,, Dairy substitutes, ,, Milk substitutes, ,, Plant-based beverages, ,, Plant-based milk alternatives, ,, Legume-based drinks, ,, Soy-based drinks","Organic, ,, Vegetarian, ,, EU Organic, ,, Vegan, ,, European Vegetarian Union, ,, European Vegetarian Union Vegan, ,, IT-BIO-009, ,, No added sugar, ,, No lactose",,,"Czech Republic, ,, Romania","Czech: Pitná voda, sójové boby 9,5%.",Soybeans,,2,B,1,A,True,True,yes,moderate,low,low,low,146.0,35.0,1.6,0.3,1.1,0.5,0.1,3.9,0.05,0.02,,,-5,2,7,2,0,0,0,7,0,0
https://world.openfoodfacts.org/product/3700036907744/eau-de-coco-naturalia,3700036907744,Eau de coco – Naturalia – 1 L,1 L,,Naturalia,"Beverages and beverages preparations, ,, Plant-based foods and beverages, ,, Beverages, ,, Plant-based beverages, ,, Coconut waters","Organic, ,, EU Organic, ,, FR-BIO-01, ,, No added sugar, ,, Nutriscore, ,, Nutriscore Grade B, ,, AB Agriculture Biologique",,,France,French: Eau de coco,,,1,B,1,D,True,True,yes,low,low,moderate,low,62.0,15.0,0.2,0.0,2.9,2.9,0.0,0.3,0.1,0.04,,,-3,3,6,1,2,0,0,0,0,6
https://world.openfoodfacts.org/product/0078742369440/cut-green-beans-great-value,0078742369440,Cut Green Beans – Great Value – 14.5 oz (411g),14.5 oz (411g),,Great Value,"Plant-based foods and beverages, ,, Plant-based foods, ,, Fruits and vegetables based foods, ,, Legumes and their products, ,, Vegetable-based foods and beverages, ,, Canned foods, ,, Legumes, ,, Vegetables based foods, ,, Canned plant-based foods, ,, Vegetables, ,, Canned vegetables, ,, Green beans, ,, Canned legumes, ,, Canned green beans",,,,United States,"green beans, water, salt",,,3,B,3,A,True,True,yes,low,low,low,moderate,52.0,12.0,0.0,0.0,2.5,0.0,0.833333333333333,0.833333333333333,0.604166666666667,0.241666666666667,,,1,3,2,0,0,0,3,0,0,2
https://world.openfoodfacts.org/product/3452200001832/vergers-des-alpilles-abricot-de-provence,3452200001832,Vergers des Alpilles Abricot de Provence – 300 G,300 G,,Vergers des Alpilles,"Plant-based foods and beverages, ,, Plant-based foods, ,, Breakfasts, ,, Spreads, ,, Frozen foods, ,, Plant-based spreads, ,, Sweet spreads, ,, Fruit and vegetable preserves, ,, Jams, ,, Apricot jams",,,,France,"French: Abricot de provence 63% sucre de canne (non UE), acidifiant : jus conservateur",,,3,B,,B,False,True,yes,low,low,low,moderate,832.0,199.0,0.2,0.2,48.0,4.0,1.5,11.0,0.5,0.2,,,1,5,4,2,1,0,2,4,0,0
https://world.openfoodfacts.org/product/4068261071708/crackers-kempi,4068261071708,Crackers – kempi,,,kempi,"Biscuits and crackers, ,, Crackers(Breakfast)","Vegetarian, ,, Vegan, ,, FSC, ,, FSC Mix, ,, Nutriscore, ,, Nutriscore Grade B",,,"Belgium, ,, Germany","French: Farine de blé complète, farine de blé , huile de colza, graines de lin 6,8 %, flocons d'avoine, graines de sésame 2,6 %, graines de tournesol 1,6 % sucre, extrait de malt d'orge , poudre à lever (carbonates de sodium), sel, graines de potiron 0,8 %, farine complète de malt d'orge, levure, son de blé . Peut contenir des traces de seigle , d' œufs , de soja , de lait , d' amandes , de noisettes et de noix .","Gluten, Sesame seeds","Eggs, Gluten, Milk, Nuts, Soybeans",15,B,3,,True,True,yes,moderate,moderate,low,moderate,1926.0,460.0,17.0,1.6,59.0,3.4,9.9,12.0,1.0,0.4,,,1,10,9,5,0,1,4,4,5,0
https://world.openfoodfacts.org/product/4061462746543/white-tiger-shrimp-almare-seafood,4061462746543,White Tiger Shrimp – Almare Seafood – 220 g,220 g,,Almare Seafood,"Seafood, ,, Crustaceans, ,, Shrimps, ,, Prawns, ,, de:Weißfußgarnelen","Nutriscore, ,, Nutriscore Grade B, ,, Responsible aquaculture, ,, Responsible aquaculture ASC, ,, de:ATC, ,, de:Unter Schutzatmosphäre verpackt",,,Germany,"German: 97 % White Tiger Garnelen, Salz, Branntweinsessig, Säuerungsmittel: Milchsäure, Natriumcitrat; Antioxidationsmittel: Natriummetabisulfit.",,,8,B,3,,True,True,yes,low,low,low,high,305.0,72.0,1.0,0.3,0.0,0.0,,15.0,1.8,0.72,,,2,8,6,0,0,0,8,6,0,0
https://world.openfoodfacts.org/product/3800207821227/%D0%BA%D0%B8%D1%81%D0%B5%D0%BB%D0%BE-%D0%BA%D1%80%D0%B0%D0%B2%D0%B5-%D0%BC%D0%BB%D1%8F%D0%BA%D0%BE-4-5-%D0%B1%D1%83%D0%BB%D0%B3%D0%B0%D1%80%D0%B5%D0%B0,3800207821227,Кисело краве мляко 4.5% – Булгареа – 500 г,500 г,,Булгареа,"Dairies, ,, Fermented foods, ,, Fermented milk products, ,, Desserts, ,, Dairy desserts, ,, Fermented dairy desserts, ,, Yogurts, ,, Cow milk yogurts",,Bulgaria,,Bulgaria,"Milk , milk cream, lactobacillus Bulgaricus, streptococus thermophilus",Milk,,4,B,1,B,True,True,no,moderate,moderate,low,low,297.4,71.0,4.5,2.4,4.5,4.5,,3.2,0.1,0.04,,0.0,2,3,1,0,1,2,0,1,0,0
https://world.openfoodfacts.org/product/0057836000049/sweet-bell-peppers-sunset,0057836000049,Sweet Bell Peppers – Sunset,,,Sunset,"Plant-based foods and beverages, ,, Plant-based foods, ,, Fruits and vegetables based foods, ,, Vegetables based foods, ,, Vegetables, ,, Sweet peppers","No GMOs, ,, Non GMO project",,,"United States, ,, World",Sweet Bell Peppers,,,1,B,,A,False,True,yes,low,,low,low,123.0,29.0,0.0,,5.88235294117647,4.70588235294118,1.17647058823529,1.17647058823529,0.102941176470588,0.0411764705882353,,,1,1,0,0,1,0,0,0,0,0
https://world.openfoodfacts.org/product/4062300458031/delice-vegetal-hipp,4062300458031,Delice végétal – Hipp – 4x100g,4x100g,,Hipp,fr:délice végétal,"Vegetarian, ,, No gluten, ,, Organic, ,, EU Organic, ,, Vegan, ,, FR-BIO-01, ,, No added sugar, ,, No colorings, ,, Nutriscore, ,, Nutriscore Grade B, ,, AB Agriculture Biologique, ,, Triman",,,France,"French: eau, bananes 15%, lait de coco 10%, mangues 9%, ananas 6%, amidon de maïs, ferments vegan.",,,7,B,3,,True,True,yes,low,moderate,low,low,233.0,55.0,1.8,1.8,9.0,4.6,0.8,0.4,0.05,0.02,0.0,,2,2,0,0,1,1,0,0,0,0
https://world.openfoodfacts.org/product/20280024/petits-pains-grilles,20280024,Petits pains grillés – 225 g,225 g,,,"Plant-based foods and beverages, ,, Plant-based foods, ,, Cereals and potatoes, ,, Breads, ,, Toasts, ,, Toasted bread rolls","Sustainable, ,, Sustainable fishery, ,, Sustainable Seafood MSC",,,France,"French: Farine de blé , huilede colza, sucre, levure, sel, gluten de blé , acide ascorbique.",Gluten,,7,B,4,A,True,True,yes,moderate,low,low,moderate,1717.0,408.0,10.0,0.9,66.0,4.2,6.9,10.0,1.0,0.4,,0.0,2,10,8,5,1,0,4,4,4,0
https://world.openfoodfacts.org/product/0039045050558/sauerkraut-kuhne,0039045050558,Sauerkraut – Kühne – 796 mL,796 mL,,Kühne,"Plant-based foods and beverages, ,, Plant-based foods, ,, Fruits and vegetables based foods, ,, Vegetables based foods, ,, Fermented vegetables, ,, Sauerkrauts",,,,Canada,"White cabbage, Salt",,,2,B,3,B,True,True,yes,low,low,low,moderate,143.0,34.0,0.1,0.0,4.3,1.3,2.6,1.3,1.3,0.52,,,1,6,5,0,0,0,6,0,0,5
https://world.openfoodfacts.org/product/4750346000276/talsu-piens-2-5-talsu-piensaimnieks,4750346000276,Talsu piens 2.5% – Talsu Piensaimnieks,,,Talsu Piensaimnieks,"Dairies, ,, Milks (liquid and powder), ,, Milks, ,, Homogenized milks, ,, Pasteurised products, ,, UHT Milks, ,, lv:Piena produkts",Green Dot,,,Latvia,Latvian: pasterizēts piens,,,1,B,,D,False,True,yes,low,moderate,low,low,230.0,55.0,2.5,1.7,4.6,4.6,,3.4,0.2,0.08,,,1,8,7,4,3,1,0,7,0,0
https://world.openfoodfacts.org/product/4009900418126/orbit-strawberry-x46-64g,4009900418126,Orbit Strawberry x46 64g – 64g,64g,,Orbit,el:Τσίχλες,,,,"France, ,, Greece",,,,,B,,,,,,low,low,low,low,697.0,167.0,0.0,0.0,67.9,0.0,,0.0,0.0,0.0,67.9,,2,2,0,2,0,0,0,0,0,0
https://world.openfoodfacts.org/product/5601989003126/herdade-do-esporao-extra-virgem,5601989003126,Herdade Do Esporão Extra Virgem – 500ml,500ml,,HERDADE DO ESPORÃO,"Plant-based foods and beverages, ,, Plant-based foods, ,, Fats, ,, Vegetable fats, ,, Olive tree products, ,, Vegetable oils, ,, Olive oils, ,, Extra-virgin olive oils, ,, Virgin olive oils, ,, pt:Vegetable oilsz    Olive tree products","No gluten, ,, Vegetarian, ,, No preservatives, ,, Vegan, ,, pt:100% azeite de oliva extravirgem, ,, pt:Produto artesanal, ,, pt:Sem alergênios",Portugal,,"Brazil, ,, France, ,, Portugal","French: Ingredientes: 100% azeite de oliva extravirgem
    Sem alergênios
    Vegan
    Sem glúten
    Sem conservantes
    Produto artesanal
    Sem aditivos
    Orgânico",,,2,B,,C,False,True,yes,high,high,low,low,3437.0,821.0,91.2,13.1,0.0,0.0,0.0,0.0,0.0,0.0,,,0,5,5,,0,,0,0,0,5
https://world.openfoodfacts.org/product/8010570025794/tagliatelles-pantanella,8010570025794,Tagliatelles – Pantanella,,,Pantanella,"Plant-based foods and beverages, ,, Plant-based foods, ,, Pastas, ,, Dry pastas",,,"Favellato S.r.l., ,, Località Breccelle - 86170 - Isernia (IS) Italia, ,, Italy","France, ,, Italy, ,, Morocco","durum wheat semolina, water",Gluten,,2,B,1,,True,True,yes,low,low,low,low,1481.0,354.0,1.3,0.3,71.9,3.6,,12.0,0.002,0.0008,,,1,5,4,4,1,0,0,4,0,0
https://world.openfoodfacts.org/product/3760288132776/smoothie-pomme-banane-ananas-fruit-du-dragon-fruit-de-la-passion-fresh-good,3760288132776,Smoothie pomme banane ananas fruit du dragon fruit de la passion – Fresh & Good,,,Fresh & Good,fr:Jus,,,,France,"French: (Melange de jus et purées de fruits frais jus de pomme (45%), purée de banane (25%), jus d'ananas (15%), jus de fruit du dragon (12%), jus de fruit de la passion (3%), antioxydant: vitamine C",,,7,B,1,,True,True,yes,low,low,moderate,low,251.0,60.0,0.2,0.1,14.0,11.7,1.1,0.5,0.0,0.0,,,2,3,1,0,3,0,0,0,0,1
https://world.openfoodfacts.org/product/8013165001258/yogur-greco-originale-zorbas,8013165001258,Yogur Greco Originale – Zorbas,,,Zorbas,"Dairies, ,, Fermented foods, ,, Fermented milk products, ,, Desserts, ,, Dairy desserts, ,, Fermented dairy desserts","Organic, ,, EU Organic",,,Italy,,,,,B,,,,,,moderate,moderate,low,low,367.0,88.0,5.0,3.4,2.8,0.0,0.0,7.9,0.2,0.08,0.0,,1,4,3,1,0,3,0,3,0,0
https://world.openfoodfacts.org/product/5412971016143/yoghurt-plus-pur-natur-bio,5412971016143,yoghurt plus – pur natur bio,,,pur natur bio,"Dairies, ,, Fermented foods, ,, Fermented milk products, ,, Desserts, ,, Dairy desserts, ,, Fermented dairy desserts, ,, Yogurts",,,,Belgium,,,,,B,,B,,,,moderate,moderate,low,low,280.0,67.0,3.9,2.4,4.6,4.6,,3.4,0.1275,0.051,,,2,3,1,0,1,2,0,1,0,0
https://world.openfoodfacts.org/product/0786162411167/smart-water,0786162411167,Smart Water,,,,"Beverages and beverages preparations, ,, Beverages, ,, Waters",,pt:atlanta,,United States,"exedients vapor distilled water, calcium chloride and magnesium chloride and potassium bicarbonate (electrolyte sources), sodium selenate, electrolytes",,,7,B,1,,False,True,yes,low,,,low,0.0,0.0,0.0,,0.0,,,0.0,0.0,0.0,,,0,0,0,0,0,0,0,0,0,0
https://world.openfoodfacts.org/product/4335619071322/hot-salsa-dip-snaktastic,4335619071322,Hot Salsa Dip – Snaktastic – 300g,300g,,"Lidl, ,, Snaktastic","Condiments, ,, Sauces, ,, Dips, ,, Salsa",,,,"Ireland, ,, United Kingdom","48% Partially Reconstituted Tomato Purée, 20% Tomatoes, 12% Onions, 11% Mixed Peppers, 3% Jalapeño Peppers, Spirit Vinegar, Salt, Modified Maize Starch, Sugar, Chilli Powder, Coriander, Dried Garlic.",,,12,B,4,,True,True,yes,low,low,moderate,moderate,138.0,33.0,0.1,0.0,5.3,5.2,1.9,1.7,1.22,0.488,,,2,7,5,0,1,0,6,0,0,5
https://world.openfoodfacts.org/product/5012121009126/everything-wrap-deli-kitchen,5012121009126,Everything Wrap – Deli Kitchen,,,Deli Kitchen,"Sandwiches, ,, Wraps",,,,United Kingdom,,,,,B,,,,,,moderate,moderate,low,low,1268.0,303.0,5.40983606557377,2.45901639344262,54.0983606557377,3.11475409836066,3.44262295081967,7.86885245901639,0.00327868852459016,0.00131147540983607,,,1,5,4,3,0,2,0,3,1,0
https://world.openfoodfacts.org/product/01240634/mashed-potato-sainsbury-s,01240634,Mashed Potato – Sainsbury's,,,Sainsbury's,"Plant-based foods and beverages, ,, Plant-based foods, ,, Cereals and potatoes, ,, Purées, ,, Potato preparations, ,, Mashed potatoes",,,,United Kingdom,,,,,B,,,,,,low,low,low,low,371.5,88.0,2.0,1.0,15.2,0.0,1.7,1.5,0.255,0.102,,,2,2,0,1,0,0,1,0,0,0
https://world.openfoodfacts.org/product/0031200276278/ruby-red-grapefruit-juice-drink-ocean-spray,0031200276278,Ruby Red Grapefruit Juice Drink – Ocean Spray – 251 g,251 g,,"Ocean Spray, ,, Ocean Spray Cranberries  Inc.",Undefined,,,,United States,"FILTERED WATER, RUBY RED GRAPEFRUIT JUICE FROM CONCENTRATE, CANE OR BEET SUGAR, CARROT JUICE FROM CONCENTRATE, GRAPEFRUIT JUICE PULP, CITRIC ACID, NATURAL FLAVORS, SODIUM CITRATE, ASCORBIC ACID (VITAMIN C), BETA CAROTENE (VITAMIN A)",,,13,B,4,,True,True,yes,low,low,low,low,74.0,17.0,0.0,0.0,4.44621513944223,4.44621513944223,,0.0,1.2e-05,5e-06,,,1,1,0,0,1,0,0,0,0,0
https://world.openfoodfacts.org/product/0041383090431/fat-free-milk-lactaid,0041383090431,Fat free milk – Lactaid,,,"Akpharma Inc., ,, Lactaid","Dairies, ,, Milks, ,, Lactose-free milk",No lactose,,,United States,"Fat free milk, lactase enzyme*, vitamin a palmitate and vitamin d3.",Milk,,4,B,1,D,True,,no,low,,moderate,low,155.833333333333,37.0,0.0,,5.41666666666667,5.0,,3.75,0.130208333333333,0.0520833333333333,,0.0,-1,6,7,3,3,0,0,7,0,0
https://world.openfoodfacts.org/product/6111251751093/jus-de-mangue-valencia,6111251751093,Jus de mangue – valencia – 25 cl,25 cl,Box,valencia,"Plant-based foods and beverages, ,, Beverages, ,, Plant-based beverages, ,, Fruit-based beverages, ,, Juices and nectars, ,, Fruit nectars, ,, Mango nectars","No preservatives, ,, No colorings",,,"France, ,, Morocco","French: Jus de mangue, eau, sucre, arôme naturel, acide citrique (E330), acide ascorbique (E300)",,,8,B,4,B,True,,maybe,low,low,moderate,low,84.0,21.0,0.0,0.0,4.9,4.5,,0.3,0.0,0.0,,,0,4,4,1,3,0,0,0,0,4
https://world.openfoodfacts.org/product/7037206100084/ekte-krydderskinke-gilde,7037206100084,Ekte Krydderskinke – Gilde – 110 g,110 g,,Gilde,"Meats and their products, ,, Meats, ,, Pork and its products, ,, Prepared meats, ,, Hams, ,, Prepared pork meats, ,, Pork, ,, White hams",No gluten,,Norge,Norway,"Renskåret svinekjøtt av skinke (88 %), vann, salt, dekstrose, krydder (inkl paprika), løk, hvitløk, stabilisator E450, E451, E407, antioksidant E316, konserveringsmiddel E250, E261, E326.",,,18,B,4,,True,True,yes,low,low,low,low,1605.0,383.0,1.63636363636364,0.545454545454545,1.90909090909091,0.0,0.0,17.2727272727273,0.0,0.0,0.0,,2,4,2,4,0,0,0,2,0,0
https://world.openfoodfacts.org/product/3520836130322/pur-jus-de-citron,3520836130322,Pur jus de citron,,,,"Plant-based foods and beverages, ,, Beverages, ,, Plant-based beverages, ,, Fruit-based beverages, ,, Juices and nectars, ,, Fruit juices, ,, Lemon juice","Organic, ,, EU Organic",,,France,,,,,B,,D,,,,low,low,low,low,117.0,28.0,0.1,0.0,6.5,1.75,,0.4,0.0,0.0,,,-3,3,6,2,1,0,0,0,0,6
https://world.openfoodfacts.org/product/0071537001303/polar-raspberry-lime-seltzer-6-pk,0071537001303,Polar Raspberry Lime Seltzer - 6 PK – 12 fl oz,12 fl oz,Aluminum Can,Polar,Beverages,,United States,MA,"France, ,, United States","carbonated water, natural flavors",,,2,B,4,,True,,maybe,low,low,low,low,0.0,0.0,0.0,0.0,0.0,0.0,0.0,0.0,0.0,0.0,0.0,,0,0,0,0,0,0,0,0,0,0
https://world.openfoodfacts.org/product/0860439001029/ginger-lemon-olipop,0860439001029,Ginger Lemon – Olipop,,,Olipop,"Beverages, ,, Carbonated drinks, ,, Sodas","No GMOs, ,, Non GMO project",,,"United States, ,, World","Purified water, ginger juice, olismart (chicory root*, jerusalem artichoke*, kudzu root*, cassava fiber, cassava syrup, marshmallow root*, slippery elm bark*, nopal cactus*, calendula flower*), apple juice, lemon juice, cassia cinnamon, stevia*, pink rock salt, ginger essence*, mulled spice flavor*",,,19,B,,,False,True,yes,low,,low,low,47.0,11.0,0.0,,4.22535211267606,0.845070422535211,2.53521126760563,0.0,0.0140845070422535,0.00563380281690141,,,2,2,0,1,1,0,0,0,0,0
https://world.openfoodfacts.org/product/0697068520221/no-sugar-added-lemonade-uncle-matt-s-organic,0697068520221,No Sugar Added Lemonade – Uncle Matt's Organic,,,Uncle Matt's Organic,"Beverages and beverages preparations, ,, Beverages, ,, Carbonated drinks, ,, Sodas, ,, Lemonade","Organic, ,, USDA Organic",,,United States,"Filtered Water, Organic Lemon Juice, Organic Stevia",,,3,B,3,A,False,True,yes,low,low,low,low,17.0,4.0,0.0,0.0,0.41667,0.0,,0.41667,0.0,0.0,,,0,0,0,0,0,0,0,0,0,0
https://world.openfoodfacts.org/product/4099100140835/lactose-free-milk-friendly-farms,4099100140835,Lactose Free Milk – Friendly Farms,,,Friendly Farms,"Dairies, ,, Milks, ,, Lactose-free milk",No lactose,,,United States,,,,,B,,D,,,,low,low,moderate,low,226.0,54.0,2.0833333333333,1.25,5.4166666666667,5.0,,3.3333333333333,0.13020833333333,0.052083333333332,,,1,8,7,4,3,1,0,7,0,0
https://world.openfoodfacts.org/product/3700286914486/kefir-vache-mavrommatis,3700286914486,KEFIR VACHE – Mavrommatis – 250ml,250ml,,Mavrommatis,"Beverages and beverages preparations, ,, Beverages, ,, Dairies, ,, Fermented foods, ,, Fermented milk products, ,, Dairy drinks, ,, Fermented drinks, ,, Fermented milk drinks, ,, Kefir",,fr:Lait grec,,France,"French: LAIT de vache bio pasteurisé, ferments de kefir",Milk,,2,B,1,,True,,no,moderate,moderate,moderate,low,192.0,46.0,1.5,0.9,4.5,4.5,,3.9,0.1,0.04,,,-1,6,7,3,3,0,0,7,0,0
https://world.openfoodfacts.org/product/3068320001128/l-eau-evian,3068320001128,L’eau – Evian,,,Evian,"Beverages, ,, Waters",,,,Morocco,"French: Botte non-carbonated natural mineral water with low mineral content, from the French Aps Store in a clean, dry and cool place Production and expiry dates indicated on top of the botte Bottled by: Cachat Spring - SAEME 74500 Evian - France, Country of origin: France Composition (mg) ila co jill • TDS 180°C: 345 mg/L-pH = 7,2 15 kil 510, 3,8 a it No",,,12,B,,,False,True,yes,low,low,low,low,0.0,0.0,0.0,0.0,0.0,0.0,0.0,0.0,0.0,0.0,,,0,0,0,0,0,0,0,0,0,0
https://world.openfoodfacts.org/product/4088700109267/dried-turkish-apricots-sweet-vine,4088700109267,Dried Turkish Apricots – Sweet Vine – 500gm,500gm,,Sweet Vine,"Plant-based foods and beverages, ,, Plant-based foods, ,, Fruits and vegetables based foods, ,, Fruits based foods, ,, Dried products, ,, Dried plant-based foods, ,, Dried fruits, ,, Dried apricots","Health Star Rating, ,, Health Star Rating 4",Turkey,,Australia,"Dried Apricots (99.7%), Preservative (220 ( Sulphites )). CONTAINS SULPHITES . stones some",Sulphur dioxide and sulphites,,4,B,3,D,False,True,yes,low,low,high,low,907.0,216.0,0.66667,0.33333,46.33333,31.66667,7.0,2.66667,0.0125,0.005,,,2,11,9,2,9,0,0,,4,5
https://world.openfoodfacts.org/product/4255582800463/tofu-piment-bio-koro,4255582800463,Tofu piment bio – Koro – 200g,200g,,Koro,"Plant-based foods and beverages, ,, Plant-based foods, ,, Legumes and their products, ,, Meat alternatives, ,, Meat analogues, ,, Tofu","Vegetarian, ,, Organic, ,, EU Organic, ,, Non-EU Agriculture, ,, Vegan, ,, EG-Öko-Verordnung, ,, AT-BIO-301, ,, EU Agriculture, ,, EU/non-EU Agriculture",European Union and Non European Union,,"France, ,, Germany","eau, 20% GRAINES DE SOJA*, 18% paprika, 4,8% poivrons, ail"", sel, coagulant: sulfate de calcium.",,,8,B,,A,False,True,yes,moderate,low,low,moderate,471.0,111.0,6.3,1.2,1.5,0.0,1.0,12.0,1.0,0.4,,,2,6,4,1,0,1,4,4,0,0
https://world.openfoodfacts.org/product/4337256380669/tomatensauce-ricotta-rewe-bio,4337256380669,Tomatensauce Ricotta – REWE Bio – 350g,350g,,"REWE Bio, ,, Rewe","Condiments, ,, Sauces, ,, Meal sauces, ,, Tomato sauces, ,, Tomato sauces with cheese, ,, Tomato sauces with ricotta","Organic, ,, Naturland, ,, Nutriscore, ,, Nutriscore Grade A",,,Germany,"German: Tomatenpulpe¹ 54%, sonnengetrocknete Tomaten¹ 31%, Ricotta¹ 6% ( Molkeneiweißkäse¹ ), Zwiebeln¹, Pecorino¹ 2% ( Schafsmilch¹ , Speisesalz, tierisches Lab), Sonnenblumenöl¹ 1%, natives Olivenöl extra¹ 1 %, Rohrzucker¹, Basilikum¹ 0,8%, Kartoffelflocken¹, Zitronensaft¹, Speisesalz. ¹aus kontrolliert biologischer Landwirtschaft.",Milk,,16,B,4,B,True,False,no,moderate,low,low,moderate,234.0,56.0,3.1,1.0,3.4,3.2,1.2,2.2,1.48,0.592,,,2,7,5,0,0,0,7,0,0,5
https://world.openfoodfacts.org/product/3266191103655/mais-doux-en-grain-la-vie-claire,3266191103655,Maïs doux en grain – La Vie Claire – 345 g,345 g,,La Vie Claire,"Plant-based foods and beverages, ,, Plant-based foods, ,, Cereals and potatoes, ,, Seeds, ,, Cereals and their products, ,, Cereal grains, ,, Corn, ,, Sweet corn","Organic, ,, EU Organic",,,France,"French: PRODUIT DE L'AGRICULTURE BIOLOGIQUE Mais doux* en grains, eau, sel de mer non raffiné. *Ingrédient agricole issu de l'Agriculture Biologique.",,,3,B,3,,False,True,yes,low,low,moderate,low,443.0,106.0,1.7,0.3,18.0,5.2,3.1,2.9,0.24,0.096,,,2,4,2,,1,,1,1,1,0
https://world.openfoodfacts.org/product/4311501017272/potato-wedges-gut-gunstig,4311501017272,Potato Wedges – Gut & Günstig – 750g,750g,,Gut & Günstig,"Plant-based foods and beverages, ,, Plant-based foods, ,, Cereals and potatoes, ,, Potatoes and their products, ,, Potatoes",Nutriscore,,,Germany,,,,,B,,A,,,,moderate,low,low,moderate,581.0,139.0,3.4,0.4,23.4,0.2,,2.6,0.52,0.208,,,2,3,1,1,0,0,2,1,0,0
https://world.openfoodfacts.org/product/7503002671627/yoghurt-natural-flor-de-alfalfa,7503002671627,Yoghurt Natural – Flor de Alfalfa – 1 kg,1 kg,,Flor de Alfalfa,"Dairies, ,, Fermented foods, ,, Fermented milk products, ,, Cheeses, ,, Desserts, ,, Dairy desserts, ,, Fermented dairy desserts, ,, Yogurts, ,, Plain fermented dairy desserts, ,, Plain yogurts, ,, Spanish cheeses, ,, Greek-style yogurts",Sistema de Etiquetado Frontal de Alimentos y Bebidas,México,México,"Mexico, ,, Spain","Spanish: Leche , sal, cuajo, cloruro de calcio y cultivos lácticos.",Milk,Milk,5,B,3,A,True,,no,moderate,moderate,low,low,322.0,77.0,4.3,2.6,5.6,4.8,0.0,3.9,0.1,0.04,,,2,3,1,0,1,2,0,1,0,0
https://world.openfoodfacts.org/product/5603722521225/iogurte-liquido-magro-morango-mimosa,5603722521225,Iogurte Líquido Magro Morango – Mimosa – 4 x 155 g,4 x 155 g,,Mimosa,"Beverages and beverages preparations, ,, Beverages, ,, Dairies, ,, Fermented foods, ,, Fermented milk products, ,, Desserts, ,, Dairy desserts, ,, Dairy drinks, ,, Fermented dairy desserts, ,, Fermented drinks, ,, Fermented milk drinks, ,, Yogurts, ,, Yogurt drinks","Low or no fat, ,, No gluten, ,, No added sugar, ,, No fat, ,, pt:Magro",Origem do leite: Portugal,,Portugal,,,,,B,,E,,,,low,low,moderate,low,136.0,32.0,0.2,0.1,3.7,3.7,,3.2,0.1,0.04,,,-2,5,7,2,3,0,0,7,0,0
https://world.openfoodfacts.org/product/3266191015293/huile-d-olive-vierge-extra-la-vie-claire,3266191015293,Huile d'olive vierge extra – La Vie Claire,,,La Vie Claire,"Plant-based foods and beverages, ,, Plant-based foods, ,, Fats, ,, Vegetable fats, ,, Olive tree products, ,, Vegetable oils, ,, Olive oils, ,, Extra-virgin olive oils, ,, Virgin olive oils","Organic, ,, EU Organic, ,, AB Agriculture Biologique",,,France,,,,,B,2,C,,,,high,high,low,low,3765.0,900.0,100.0,15.0,0.0,0.0,0.0,0.0,0.0,0.0,,,0,5,5,,0,,0,0,0,5
https://world.openfoodfacts.org/product/4066447759099/buchweizen-dm,4066447759099,Buchweizen – Dm – 500g,500g,,Dm,"Plant-based foods and beverages, ,, Plant-based foods, ,, Cereals and potatoes, ,, Seeds, ,, Cereals and their products, ,, Cereal grains, ,, Buckwheat","Vegetarian, ,, No gluten, ,, Organic, ,, EU Organic, ,, Vegan, ,, Made in Germany",,,Germany,German: Buchweizen,,,1,B,1,A,True,True,yes,low,low,low,low,1481.0,354.0,2.6,0.5,69.0,1.3,4.4,11.0,0.01,0.004,,,-4,2,6,,0,,0,4,2,0
https://world.openfoodfacts.org/product/0061077179358/pain-blanc-nature-pom,0061077179358,Pain Blanc Nature – POM,,,POM,"Plant-based foods and beverages, ,, Plant-based foods, ,, Cereals and potatoes, ,, Cereals and their products, ,, Breads, ,, Sliced breads, ,, White breads",,Canada,,Canada,"French: Farine de blé enrichie, Eau, Fibres d'avoine, Gluten de blé* , Levure*, Mélange de céréales entières moulues (millet, farine de blé de marque Kamut®, épeautre ), Sel, Vinaigre, Lécithine de soya, Propionate de calcium, Farine de soya , Acide sorbique, Acide citrique. *L'ordre peut varier. Peut contenir : Graines de sésame .","Gluten, Soybeans",Sesame seeds,17,B,4,A,True,True,yes,low,low,low,moderate,935.0,223.0,1.31578947368421,0.263157894736842,44.7368421052632,1.31578947368421,3.94736842105263,9.21052631578947,0.888157894736842,0.355263157894737,,,2,6,4,2,0,0,4,3,1,0
https://world.openfoodfacts.org/product/5906259710682/trancio-di-salmone-affumicato-a-caldo-mowi,5906259710682,TRANCIO DI SALMONE AFFUMICATO A CALDO – MOWI – 125 g,125 g,,MOWI,"Seafood, ,, Fishes and their products, ,, Fishes, ,, Fatty fishes, ,, Salmons, ,, Smoked fishes, ,, Smoked salmons","FSC, ,, FSC Mix, ,, Responsible aquaculture, ,, Responsible aquaculture ASC, ,, it:plastica riciclata","Norway, ,, Poland",,Italy,"Italian: Salmone (99%), sale",Fish,,2,B,3,D,True,False,no,moderate,low,low,moderate,939.0,225.0,15.0,1.4,0.0,0.0,0.0,23.0,1.35,0.54,,,2,9,7,2,0,1,6,7,0,0
https://world.openfoodfacts.org/product/5400101096172/carrefour-classic-lait-demi-ecreme,5400101096172,Carrefour Classic' Lait Demi-Écrémé – 50 cl,50 cl,,Carrefour,"Dairies, ,, Milks (liquid and powder), ,, Milks, ,, Homogenized milks, ,, Pasteurised products, ,, Semi-skimmed milks, ,, UHT Milks",Vegetarian,,,Belgium,French: Lait demi-écrémé .,Milk,,1,B,1,D,True,True,no,low,low,low,low,204.0,49.0,1.5,1.0,4.9,0.0,0.5,3.7,0.13,0.052,,,-1,6,7,3,3,0,0,7,0,0
https://world.openfoodfacts.org/product/4000349500298/iced-coffee-mocha-jimmy,4000349500298,Iced coffee mocha – Jimmy,,,Jimmy,"Beverages and beverages preparations, ,, Beverages, ,, Coffee drinks",,,,Germany,,,,,B,,,,,,low,moderate,moderate,moderate,167.0,40.0,1.2,0.8,4.9,4.9,,2.2,0.1575,0.063,,,2,6,4,3,3,0,0,4,0,0
https://world.openfoodfacts.org/product/4056489421177/olio-extravergine-di-oliva-primadonna,4056489421177,Olio extravergine di oliva – Primadonna,,,Primadonna,"Plant-based foods and beverages, ,, Plant-based foods, ,, Fats, ,, Vegetable fats, ,, Olive tree products, ,, Vegetable oils, ,, Olive oils, ,, Extra-virgin olive oils",,,,Italy,,,,,B,2,E,,,,high,high,low,low,3464.0,828.0,92.0,13.0,0.0,0.0,,0.0,0.0,0.0,,,0,5,5,,0,,0,0,0,5
https://world.openfoodfacts.org/product/5601312094685/gasocarbonica-sabor-a-limao-continente,5601312094685,Gasocarbónica sabor a Limão – Continente – 75 cl,75 cl,,Continente,"Beverages and beverages preparations, ,, Beverages, ,, Carbonated drinks, ,, Waters, ,, Carbonated waters","Low or no sugar, ,, No sugar, ,, pt:Ecoponto verde",,,Portugal,Traces: None,,None,,B,1,,,,,low,low,low,moderate,3.0,1.0,0.0,0.0,0.0,0.0,0.0,0.0,0.17,0.068,,,0,0,0,0,0,0,0,0,0,0
https://world.openfoodfacts.org/product/4008366010820/bocconcini-di-merluzzo-frosta,4008366010820,Bocconcini di merluzzo – Frosta,,,Frosta,it:Mer,"Sustainable, ,, Sustainable fishery, ,, Sustainable Seafood MSC",,,"Germany, ,, Italy",,,,,B,,,,,,moderate,low,low,moderate,803.0,192.0,6.3,0.8,20.9,2.2,,12.3,1.15,0.46,,,2,7,5,2,0,0,5,5,0,0
https://world.openfoodfacts.org/product/4061463720467/lean-beef-steak-mince-5-fat-ashfields,4061463720467,Lean Beef Steak Mince (5% Fat) – Ashfields – 750g,750g,,"Aldi, ,, Ashfields","Meats and their products, ,, Beef and its products, ,, Meats, ,, Beef, ,, Steaks, ,, Beef steaks, ,, Ground steaks, ,, Ground beef steaks, ,, Minced beef steak with 5% fat",Assured Food Standards,United Kingdom,,United Kingdom,LEAN MINCED BEEF,,,1,B,,,False,True,yes,moderate,moderate,low,low,543.0,129.0,4.5,1.9,1.8,0.0,0.0,20.3,0.26,0.104,,,1,3,2,1,0,1,1,2,0,0
https://world.openfoodfacts.org/product/4056489683797/pilos,4056489683797,Pilos – 150 g,150 g,,Pilos,"Dairies, ,, Fermented foods, ,, Fermented milk products, ,, Desserts, ,, Dairy desserts, ,, Fermented dairy desserts, ,, Yogurts, ,, Cow milk yogurts",Pilos,,,Romania,,,,,B,,B,,,,moderate,moderate,low,low,247.0,59.0,3.5,2.1,3.7,3.7,0.0,3.2,0.1,0.04,,,2,3,1,0,1,2,0,1,0,0
https://world.openfoodfacts.org/product/0829696001265/wild-mackerel-skinless-boneless-fillets-in-extra-virgin-olive-oil-wild-planet,0829696001265,Wild Mackerel Skinless & Boneless Fillets in Extra Virgin Olive Oil – Wild Planet,,,Wild Planet,"Seafood, ,, Canned foods","Kosher, ,, No GMOs, ,, Non GMO project, ,, Orthodox Union Kosher",,,"United States, ,, World","Mackerel , organic extra virgin olive oil, sea salt.",Fish,,3,B,3,,True,False,no,moderate,moderate,,moderate,886.0,211.0,12.9,2.94,0.0,,,24.7,0.94,0.376,,,1,8,7,2,0,2,4,7,0,0
https://world.openfoodfacts.org/product/0031200020857/pure-cranberry-juice-ocean-spray,0031200020857,Pure cranberry juice – Ocean Spray,,,Ocean Spray,"Plant-based foods and beverages, ,, Beverages, ,, Plant-based beverages",,,,United States,"Cranberry juice (water, cranberry juice concentrate).",,,3,B,1,,True,True,yes,low,low,moderate,low,104.0,25.0,0.0,0.0,7.5,3.75,,0.0,0.0053,0.00212,,,-1,5,6,2,3,0,0,0,0,6
https://world.openfoodfacts.org/product/4088600398303/instant-oats-mixed-berry-flavour-harvest-morn,4088600398303,Instant Oats - Mixed Berry Flavour – Harvest Morn – 57g,57g,,Harvest Morn,"Plant-based foods and beverages, ,, Plant-based foods, ,, Breakfasts, ,, Cereals and potatoes, ,, Cereals and their products, ,, Breakfast cereals, ,, Breakfast cereals fortified with vitamins and chemical elements, ,, Diet breakfast cereals, ,, Diet breakfast cereals fortified with vitamins and chemical elements, ,, Diet breakfast cereals with fruits, ,, Breakfast cereals diet with dried fruits fortified with vitamins and chemical elements",Vegetarian,,,United Kingdom,"Oats 62%, Skimmed Milk Powder , Sugar, Freeze Dried Fruit Mix (Cherries, Blueberries, Raspberries, Strawberries), Flavouring","Gluten, Milk, Milk",,9,A,4,C,True,True,no,low,low,moderate,low,455.0,108.0,1.9,0.3,17.2,7.2,3.0,4.1,0.04,0.016,,,0,0,0,0,0,0,0,0,0,0
https://world.openfoodfacts.org/product/0061148179164/tuscany-style-minestrone-prague-cannery,0061148179164,Tuscany-Style Minestrone – Prague Cannery,,,Prague Cannery,"Meals, ,, Soups, ,, Soups (prepared) (Shelf Stable)",,,Canada,Canada,"Water, Carrots, Onions, Tomato paste, Tomatoes, Potatoes, Chick peas, White kidney beans, Romano beans, Red peppers, Red lentils, Peas, Green beans, Celery , Zucchini, Whole grain rice, Amaranth, Raw cane sugar, Olive oil, Sea salt, Spinach, Kale, Concentrated lemon ' juice, Onion powder, Basil, Spices, Yeast extract, Granulated garlic.",Celery,,28,B,3,,True,,maybe,low,low,low,moderate,251.0,60.0,1.2,0.12,10.4,2.8,2.0,2.4,0.56,0.224,,,1,2,1,0,0,0,2,0,0,1
https://world.openfoodfacts.org/product/5000116126040/2-fish-fillets-lightly-dusted-birds-eye,5000116126040,2 Fish Fillets Lightly Dusted – Birds Eye,,Card-box,Birds Eye,"Seafood, ,, Fishes and their products, ,, Fishes, ,, Frozen foods, ,, Breaded products, ,, Fish preparations, ,, Frozen seafood, ,, Frozen fishes, ,, Breaded fish, ,, Fish-breaded-frozen","Sustainable, ,, Sustainable fishery, ,, Sustainable Seafood MSC",,,United Kingdom,"Alaska Pollock ( FISH ) (70%), Breadcrumb Coating#, Rapeseed Oil. #Breadcrumb Coating ( WHEAT Flour, Water, Potato Starch, Herbs, Sea Salt, Raising Agents (Disodium Diphosphate, Sodium Bicarbonate), Yeast, Dextrose, Salt, Black Pepper, MUSTARD , Calcium Carbonate, Iron, Niacin, Thiamin).","Fish, Gluten, Mustard",,21,B,4,E,True,False,no,moderate,low,low,moderate,774.285714285714,185.0,9.28571428571429,0.714285714285714,11.4285714285714,0.0,0.714285714285714,13.5714285714286,1.0,0.4,,,1,6,5,2,0,0,4,5,0,0
https://world.openfoodfacts.org/product/3256220861700/yaourt-au-lait-de-brebis-saveur-citron-13-2-mg-4x125g-marque-u,3256220861700,"Yaourt au lait de brebis saveur citron 13,2%MG - 4x125g – MARQUE U – 500 g",500 g,,"MARQUE U, ,, U","Dairies, ,, Fermented foods, ,, Fermented milk products, ,, Desserts, ,, Dairy desserts, ,, Fermented dairy desserts, ,, Fermented dairy desserts with fruits, ,, Yogurts, ,, Fruit yogurts, ,, Sheep milk yogurts, ,, Lemon yogurts","French milk, ,, Nutriscore, ,, Transformed in France",,,France,"French: Lait de brebis à 3% de matières grasses (origine : France), sucre 7,5%, arôme naturel de citron avec autres arômes naturels, ferments lactiques (dont lait ).",Milk,,5,B,4,A,True,True,yes,low,moderate,moderate,low,379.3,89.0,2.7,2.0,11.0,10.0,0.5,5.2,0.13,0.052,,0.0,2,4,2,1,2,1,0,2,0,0
https://world.openfoodfacts.org/product/8901030985812/3-roses-tea-brooke-bond,8901030985812,3 Roses Tea – Brooke Bond – 100 g,100 g,,Brooke Bond,"Plant-based foods and beverages, ,, Beverages, ,, Hot beverages, ,, Plant-based beverages, ,, Teas","Vegetarian, ,, Green Dot India",India,,India,Tea,,,1,B,1,A,True,True,yes,,,,,,,,,,,,,,,,,0,0,0,0,0,0,0,0,0,0
https://world.openfoodfacts.org/product/4056489728436/veloute-legumes-vermicelles-toque-du-chef-lidl,4056489728436,Velouté Légumes vermicelles – Toque du Chef Lidl – 30 cl x 2,30 cl x 2,,Toque du Chef Lidl,"Meals, ,, Soups, ,, fr:Toque-du-chef",,,,France,,,,,B,,,,,,low,low,low,moderate,155.0,37.0,1.0,0.4,5.2,1.8,1.4,1.1,0.6,0.24,,,2,2,0,0,0,0,2,0,0,0
https://world.openfoodfacts.org/product/3596710526628/sardines-sans-aretes-a-l-huile-d-olive-auchan,3596710526628,Sardines sans arêtes à l'huile d'olive – Auchan – 0.1 kg,0.1 kg,,Auchan,"Seafood, ,, Fishes and their products, ,, Fish preparations, ,, Fish (shelf stable)","Omega-3, ,, High in Omega 3, ,, Nutriscore, ,, Nutriscore Grade C",FAO Zone 34 (Atlantique Centre-Est),,"France, ,, Morocco","French: Sardines ( poissons ) (Sardina pilchardus) 70 %, huile d'olive vierge extra (Origine : UE et non UE (Maroc)), sel. Sardines pêchées en océan Atlantique Centre-Est.",Fish,,5,B,3,,True,False,no,moderate,moderate,low,moderate,1093.0,263.0,19.0,4.4,0.5,0.5,0.5,22.0,0.54,0.216,,0.0,2,9,7,3,0,4,2,7,0,0
https://world.openfoodfacts.org/product/0021136181388/tangerine-flavored-soda-topo-sabores,0021136181388,Tangerine flavored soda – Topo Sabores – 355 ml,355 ml,,Topo Sabores,"Beverages, ,, Carbonated drinks, ,, Waters, ,, Carbonated waters, ,, Flavored waters, ,, Flavored sparkling waters",,,,United States,"filtered carbonated water, tangerine juice from concentrate, natural flavors, ginger extract, citric acid, potassium sorbate, sodium benzoate, magnesium chloride, potassium chloride",,,9,B,4,,True,,maybe,low,low,low,low,17.0,4.0,0.0,0.0,0.28169014084507,0.0,,0.0,0.00105633802816901,0.000422535211267606,,,0,0,0,0,0,0,0,0,0,0
https://world.openfoodfacts.org/product/8718989023522/tortilla-wraps-naturel-banderos,8718989023522,TORTILLA WRAPS NATUREL – Banderos – 370 gram,370 gram,,Banderos,"Plant-based foods and beverages, ,, Plant-based foods, ,, Cereals and potatoes, ,, Cereals and their products, ,, Breads, ,, Flatbreads, ,, White breads, ,, Wheat breads, ,, Wheat flatbreads",,,,Netherlands,"60% wheat flour, water, stabilizer: glycerol, rapeseed oil, sugar, salt, raising agent: sodium - bicarbonates, acidifier: malic acid, preservative: potassium sorbate/calcium - propionate, emulsifier: mono - and diglycerides of fatty acids","Gluten, None",,17,B,4,B,,True,yes,moderate,low,low,moderate,1272.0,301.0,4.9,1.1,53.0,1.5,4.4,9.1,0.8,0.32,,,2,7,5,3,0,1,3,3,2,0
https://world.openfoodfacts.org/product/4056489473732/%D0%B1%D1%8A%D0%BB%D0%B3%D0%B0%D1%80%D1%81%D0%BA%D0%BE-%D0%BA%D0%B8%D1%81%D0%B5%D0%BB%D0%BE-%D0%BC%D0%BB%D1%8F%D0%BA%D0%BE-2-%D1%80%D0%BE%D0%B4%D0%BD%D0%B0-%D1%81%D1%82%D1%80%D1%8F%D1%85%D0%B0,4056489473732,Българско Кисело Мляко 2% – Родна Стряха,,,Родна Стряха,"Dairies, ,, Fermented foods, ,, Fermented milk products, ,, Desserts, ,, Dairy desserts, ,, Fermented dairy desserts, ,, Yogurts, ,, Bulgarian yogurt",,Bulgaria,,Bulgaria,"Bulgarian: Пастьоризирано краве мляко, млечнокисели култури (Lactobacillus delbrueckii subsp. bulgaricus и Streptococcus thermophilus)",Milk,,3,B,1,B,False,True,no,low,low,low,low,202.0,48.0,2.0,1.4,4.3,4.2,,3.2,0.2,0.08,,,1,2,1,0,1,1,0,1,0,0
https://world.openfoodfacts.org/product/0850017142466/island-punch-spindrift,0850017142466,Island Punch - Spindrift,,,Spindrift,"Beverages and beverages preparations, ,, Beverages, ,, Carbonated drinks, ,, Waters, ,, Carbonated waters","Kosher, ,, Orthodox Union Kosher",,,"Cuba, ,, United States","CARBONATED WATER, GUAVA PUREE, PASSION FRUIT JUICE, ORANGE JUICE, CITRIC ACID",,,5,B,1,,True,True,yes,low,,low,low,15.0,3.0,0.0,,0.845070422535211,0.0,,0.0,0.0,0.0,,,1,1,0,0,1,0,0,0,0,0
https://world.openfoodfacts.org/product/4251032002760/dakota-lightly-salted-meray,4251032002760,Dakota lightly salted – Meray – 250g,250g,,Meray,"Plant-based foods and beverages, ,, Plant-based foods, ,, Seeds, ,, Sunflower seeds and their products, ,, Sunflower seeds",,,,Germany,01.87.2126 LOT:240016810 M9 13:30 Perkung Deutschland Germany 251032 002760,,,3,B,,D,False,True,yes,high,high,low,low,2592.0,619.0,51.7,6.78,3.3,2.9,,30.4,0.03,0.012,,,-4,3,7,,0,,0,7,0,0
https://world.openfoodfacts.org/product/4061459312010/100-pure-coconut-water-nature-s-nectar,4061459312010,100% Pure Coconut Water – Nature's Nectar – 33.8 fl oz,33.8 fl oz,,Nature's Nectar,"Beverages and beverages preparations, ,, Beverages, ,, Flavoured Drinks",,,,United States,Coconut water,,,1,B,1,,True,True,yes,low,low,low,low,63.5,15.0,0.15,0.005,3.33,2.48,0.25,0.21,0.051,,,100.0,-3,3,6,1,2,0,0,0,0,6
https://world.openfoodfacts.org/product/8901262153331/amul-protein-blueberry-shake,8901262153331,Amul Protein Blueberry Shake,,,Amul,"Dairies, ,, Milks (liquid and powder), ,, Milks, ,, Shake",No added sugar,,,India,"Milk Solids
Water
Sweetener(965, 960)
Blueberry Fruit Preparation 3.5%",,,4,B,4,D,False,True,yes,low,low,low,low,288.5,69.0,0.75,0.5,9.5,0.0,,10.0,0.05,0.02,,,0,7,7,6,1,0,0,7,0,0
https://world.openfoodfacts.org/product/4335619012684/apfelmus-freskomalerei,4335619012684,Apfelmus – Freskomalerei – 710g,710g,,"Freshona, ,, Freskomalerei","Plant-based foods and beverages, ,, Plant-based foods, ,, Fruits and vegetables based foods, ,, Desserts, ,, Fruits based foods, ,, Compotes, ,, Apple compotes, ,, Applesauces",,,,Germany,,,,,B,,A,,,,low,low,moderate,low,225.0,53.0,0.0,0.0,12.0,10.0,2.0,0.0,0.0,0.0,,,2,2,0,0,2,0,0,0,0,0
https://world.openfoodfacts.org/product/8053435070102/stracciatella-vegetale-dream-farm,8053435070102,Stracciatella vegetale – Dream Farm,,,Dream Farm,"Plant-based foods and beverages, ,, Plant-based foods, ,, Dairy substitutes, ,, Vegan products, ,, Cheese substitutes",Made in Italy,,,Italy,"Italian: Preparato di mandorla (acqua, mandorle 18%, anacardi), fibre vegetali (mais, cicoria, Plantago Ovata), sale, aroma naturale, fermenti lattici vegetali, stabilizzante: agar-agar. Può contenere tracce di: nocciole, pistacchi , senape , sesamo . Consumare entro 3 giorni dopo l'apertura, conservare in ambiente refrigerato a una temperatura tra i +4 °C e gli +8 °C.",Nuts,"Mustard, Nuts, Sesame seeds",15,B,4,,True,True,yes,moderate,moderate,low,moderate,1038.66666666667,248.0,19.2,1.73333333333333,6.4,0.666666666666667,8.93333333333333,7.73333333333333,1.06666666666667,0.426666666666667,,,1,9,8,3,0,1,5,3,5,0
https://world.openfoodfacts.org/product/4043362652957/veganes-steak-nach-art-rind-k-take-it-veggie,4043362652957,Veganes Steak nach Art Rind – K take it veggie – 160 g,160 g,,K take it veggie,de:Veganes Steak,"Vegetarian, ,, Source of proteins, ,, Vegan, ,, European Vegetarian Union, ,, European Vegetarian Union Vegan, ,, Nutriscore, ,, Nutriscore Grade B, ,, V-Label International, ,, V-Label International Vegan",Germany,,Germany,"German: Veganes Steak (90 %) (Trinkwasser, Rapsöl, texturiertes Sojaprotein (5,4 %), Weizengluten (4,5 %), texturiertes Weizenprotein (2,7 %), Verdickungsmittel: Cellulose; färbendes Lebensmittel: Rote-Bete-Saftkonzentrat, Emulgator: Methylcellulose; Säureregulator: Kaliumlactat; karamellisierter Zucker, natürliches Aroma, Konservierungsstoffe: Natriumacetate, Kaliumacetat; Maltodextrin, Dextrose, Speisesalz), Steak-Pfeffer-Marinade (10 %) (Rapsöl, Gewürze (enthält Pfeffer), Rapsöl (ganz gehärtet), Antioxidationsmittel: Ascorbinsäure; Kräuter, Speisesalz, Weizenfaser).","Gluten, Soybeans","Celery, Eggs, Milk, Mustard, Sesame seeds",33,B,4,,False,True,yes,moderate,low,low,moderate,981.0,236.0,17.0,1.4,6.2,2.2,5.3,12.0,1.4,0.56,,,2,9,7,2,0,1,6,4,3,0
https://world.openfoodfacts.org/product/5400113739784/melk-halfvol-delhaize,5400113739784,Melk Halfvol – Delhaize,,,Delhaize,"Dairies, ,, Milks (liquid and powder), ,, Milks","Nutriscore, ,, Nutriscore Grade B",,,Belgium,Dutch: Halfvolle melk.,Milk,,1,B,1,D,True,True,no,low,low,moderate,low,213.0,51.0,1.6,1.1,5.0,5.0,1.0,3.5,0.09875,0.0395,,,1,8,7,4,3,1,0,7,0,0
https://world.openfoodfacts.org/product/4335619019973/tuna-salad-mediterranean-style-nixe,4335619019973,Tuna salad Mediterranean style – Nixe,,,Nixe,"Meals, ,, Pasta dishes, ,, Prepared salads, ,, Pasta salads, ,, Pasta salad with fish, ,, Pasta salad with tuna",,,,United Kingdom,"~170662008~ ViewSoni CERES VNOL GB IE Pasta salad with tuna, green and red peppers and beans. Ingredients 26% Cooked Pasta (Water, Durum Wheat Semolina), 18% Tuna ( Fish ), 9% Green Pepper, 8% Red Pepper, 8% Flageolet Beans, 8% Onions, 6% Grilled Onions, Concentrated Tomato Paste, Lime Juice From Concentrate, Rapeseed Oil, Spirit Vinegar, Sugar, Salt, Herbs, Thickener: Guar Gum; Black Pepper, Spice Extracts. Allergy Advice","Fish, Gluten",,22,B,4,D,True,False,no,low,low,low,moderate,100.0,105.0,2.59090909090909,0.318181818181818,12.0,3.40909090909091,1.68181818181818,7.68181818181818,0.9,0.36,,,2,5,3,0,1,0,4,3,0,0
https://world.openfoodfacts.org/product/8718907991926/zilvervlies-rijst-volkorenrijst-albert-heijn,8718907991926,Zilvervlies Rijst Volkorenrijst – Albert Heijn – 1 kg,1 kg,,Albert Heijn,"Plant-based foods and beverages, ,, Plant-based foods, ,, Cereals and potatoes, ,, Seeds, ,, Cereals and their products, ,, Cereal grains, ,, Rices, ,, Brown rices","Nutriscore, ,, Nutriscore Grade A",,,Netherlands,Dutch: Zilvervliesrijst,,,1,B,1,,True,True,yes,low,low,low,low,1465.0,346.0,2.8,0.9,70.0,0.5,5.9,7.3,0.0,0.0,,,-2,4,6,,0,,0,3,3,0
https://world.openfoodfacts.org/product/8718452800360/halfvolle-yoghurt-jumbo,8718452800360,Halfvolle yoghurt – Jumbo,,,JUMBO,"Dairies, ,, Fermented foods, ,, Fermented milk products, ,, Desserts, ,, Dairy desserts, ,, Fermented dairy desserts, ,, Yogurts",,,,Netherlands,"Dutch: Halfvolle yoghurt ( MELK ), MELKeiwitten 1%",Milk,,2,B,4,B,True,True,no,low,moderate,moderate,low,309.0,74.0,2.40000009536743,1.60000002384186,6.0,6.0,,7.19999980926514,0.206692906932568,0.0826771627730272,,,1,3,2,0,1,1,1,2,0,0
https://world.openfoodfacts.org/product/3701565400348/linguine-al-salmon-aussitot-bon,3701565400348,Linguine Al Salmon – Aussitôt Bon,,,Aussitôt Bon,"Meals, ,, Pasta dishes, ,, Meals with fish","Nutriscore, ,, Nutriscore Grade B",,,France,,,,,B,,,,,,moderate,moderate,low,low,714.0,170.0,8.1578947368421,3.42105263157895,16.3157894736842,1.60526315789474,,7.63157894736842,0.0644736842105263,0.0257894736842105,,,2,5,3,2,0,3,0,3,0,0
https://world.openfoodfacts.org/product/5603722523663/leite-proteina-baunilha-mimosa,5603722523663,Leite Proteína Baunilha – Mimosa – 1 L,1 L,,Mimosa,"Beverages and beverages preparations, ,, Beverages, ,, Dairies, ,, Dairy drinks, ,, Flavoured milks",Carbon Trust,Portugal,,Portugal,"Portuguese: Leite magro filtrado, aromas e lactase.",Milk,,3,B,4,,False,True,yes,low,low,moderate,low,250.0,59.0,0.2,0.09,4.4,4.4,,10.0,0.11,0.044,,,1,8,7,5,3,0,0,7,0,0
https://world.openfoodfacts.org/product/5942204004949/7up-zero-zah%C4%83r,5942204004949,"7up zero zahăr – 1,25 litri","1,25 litri",,,"Beverages and beverages preparations, ,, Plant-based foods and beverages, ,, Beverages, ,, Plant-based beverages, ,, Juices and nectars",,,,Romania,,,,,B,,,,,,low,low,low,low,3.0,1.0,0.0,0.0,0.0,0.0,0.0,0.0,0.04,0.016,0.0,,0,0,0,0,0,0,0,0,0,0
https://world.openfoodfacts.org/product/8725500170238/ginger-lemon-batu,8725500170238,Ginger & Lemon – Batu,,,Batu,"Beverages and beverages preparations, ,, Beverages, ,, Fermented foods, ,, Fermented drinks, ,, Tea-based beverages, ,, Kombuchas","Vegetarian, ,, Vegan, ,, Green Dot",,,Netherlands,"German: DE BIOLOGISCH Wasser, Kombucha-Kultur*, Ingwersaft* (3%), Zitrone* (0,25%), Grüner au cours de la de fermentation), Schwarzer Tee*, Stevia*",,,7,B,,C,False,True,yes,low,low,low,low,33.0,8.0,0.0,0.0,1.9,1.9,,0.0,0.01,0.004,,,2,2,0,1,1,0,0,0,0,0
https://world.openfoodfacts.org/product/8718452854448/hummus-jumbo,8718452854448,Hummus – Jumbo – 200,200,,JUMBO,"Plant-based foods and beverages, ,, Plant-based foods, ,, Condiments, ,, Spreads, ,, Plant-based spreads, ,, Salted spreads, ,, Sauces, ,, Dips, ,, Hummus","Vegetarian, ,, Vegan, ,, Nutriscore, ,, Nutriscore Grade A",,,Italy,"Italian: Kikkererwtendip Ingrediënten: kikkererwten 58,7%, water, raapzaadolie, SESAMpasta 9%, zout, knoflook, voedingszuren: citroenzuur en melkzuur, citroensap, suiker, conserveermiddelen: E202 en E211, azijn, peterselie, witte peper, antioxidant: E300. E=door EU goedgekeurde hulpstof. Allergenen: sesam. Gemiddelde voedingswaarde per 100 g: energie kl 944 / kcal 228, vetten 17,6 g, waarvan verzadigde vetzuren 1,9 g, koolhydraten 7,7 g, waarvan suikers 0,8 g, vezels 7,1 g, eiwitten 6,2 g, zout 1,00 g. Ten minste houdbaar tot en met: zie bovenzijde. Bewaaradvies: gekoeld bewaren (max. 7°C). Na openen nog 5 dagen houdbaar in de koelkast (max. 7°C). Consumentenservice: Jumbo Supermarkten B.V. Antwoordnummer 10072, 5460 VB Veghel, Nederland. Jumbo.com VERPAKKING 0926 8 718452 854448""> 200ge BIJ PLASTIC AFVAL",,,46,B,,B,False,True,yes,moderate,moderate,low,moderate,944.0,228.0,17.6,1.9,7.7,0.8,7.1,6.2,1.0,0.4,,,1,7,6,2,0,1,4,2,4,0
https://world.openfoodfacts.org/product/4262451180144/texas-roast-tofu-omami,4262451180144,Texas Roast Tofu – Omami – 200 g,200 g,,Omami,"Plant-based foods and beverages, ,, Plant-based foods, ,, Legumes and their products, ,, Legumes, ,, Seeds, ,, Legume seeds, ,, Meat alternatives, ,, Pulses, ,, Chickpeas, ,, Meat analogues, ,, Tofu, ,, de:Kichererbsentofu","Vegetarian, ,, Vegan",,,Germany,"German: 90% Kichererebsentofu (Kichererbsen 83%, Wasser, Gerinnungsmittel (Magnesiumchlorid, Calciumchlorid), Buchenholzrauch), 10% Würzmarinade (Wasser, Tomaten, Zuckerrohrmelasse, Salz, Rotweinessig, Maisstärke, Zwiebeln, Chili, geräucherter Paprika 2,4%, Knoblauch, Rapsöl, Pfeffer, Kreuzkümmel, Kürbiskerne, Weizen , Hafer )",Gluten,,24,B,3,A,True,True,yes,moderate,low,low,moderate,538.3,129.0,7.8,1.0,1.7,0.2,2.1,12.0,0.64,0.256,,88.0171875,-5,4,9,,0,,3,4,0,5
https://world.openfoodfacts.org/product/3800226529340/%D0%B1%D1%8A%D0%BB%D0%B3%D0%B0%D1%80%D1%81%D0%BA%D0%BE-%D0%BA%D0%B8%D1%81%D0%B5%D0%BB%D0%BE-%D0%BC%D0%BB%D1%8F%D0%BA%D0%BE-2-%D0%B7%D0%BD%D0%BF-%D1%81%D0%B0%D1%8F%D0%BD%D0%B0,3800226529340,Българско кисело мляко 2% ЗНП – Саяна – 400 г,400 г,,Саяна,"Dairies, ,, Fermented foods, ,, Fermented milk products, ,, Desserts, ,, Dairy desserts, ,, Fermented dairy desserts, ,, Yogurts, ,, Bulgarian yogurt","Made in Bulgaria, ,, PDO",Bulgaria,,Bulgaria,"Bulgarian: Краве МЛЯКО (България), българска закваска",Milk,,2,B,1,A,True,,no,low,low,low,low,199.0,48.0,2.0,1.1,4.2,4.2,,3.2,0.0,0.0,,,1,2,1,0,1,1,0,1,0,0
https://world.openfoodfacts.org/product/0855395007024/organic-unsweetened-almondmilk-mooala,0855395007024,Organic Unsweetened Almondmilk – Mooala – 48 fl oz,48 fl oz,,Mooala,"Plant-based foods and beverages, ,, Beverages, ,, Plant-based foods, ,, Dairy substitutes, ,, Milk substitutes, ,, Nuts and their products, ,, Plant-based beverages, ,, Plant-based milk alternatives, ,, Nut-based drinks, ,, Almond-based drinks","Organic, ,, USDA Organic, ,, No added sugar",,,United States,"ALTERED WATER, ORGANIC ALMONDS, LESS THAN 2% OF CALCIUM (CALCIUM CARBONATE), SEA SALT, GELLAN GUM",Nuts,,6,B,4,C,False,True,yes,low,low,low,low,70.0,16.0,1.4768,0.0,0.8439,0.0,0.4219,0.8439,0.12658225,0.0506329,,,1,1,0,1,0,0,0,0,0,0
https://world.openfoodfacts.org/product/8906112662414/rolled-oats-true-elements,8906112662414,Rolled Oats – True Elements – 500 g,500 g,,True Elements,"Plant-based foods and beverages, ,, Plant-based foods, ,, Breakfasts, ,, Cereals and potatoes, ,, Seeds, ,, Cereals and their products, ,, Breakfast cereals, ,, Cereal grains, ,, Flakes, ,, Cereal flakes, ,, Rolled flakes, ,, Rolled oats, ,, Oat","Vegetarian, ,, Green Dot India",,,India,Rolled Oats,,,1,B,,B,False,True,yes,moderate,moderate,low,low,1715.0,410.0,10.0,2.9,68.6,0.0,9.5,12.0,0.0135,0.0054,,,-5,4,9,,0,,0,4,5,0
https://world.openfoodfacts.org/product/8004123010726/extra-virgin-olive-oil-basso,8004123010726,Extra virgin olive oil – Basso – 750 ml,750 ml,,Basso,"Plant-based foods and beverages, ,, Plant-based foods, ,, Fats, ,, Vegetable fats, ,, Olive tree products, ,, Vegetable oils, ,, Olive oils, ,, Extra-virgin olive oils",,,,Georgia,,,,,B,2,E,,,,high,high,low,low,3447.0,824.0,91.6,13.0,0.0,0.0,,0.0,0.0,0.0,,,0,5,5,,0,,0,0,0,5
https://world.openfoodfacts.org/product/3560071499594/poulet-kimchi-carrefour,3560071499594,Poulet Kimchi – Carrefour – 350 g,350 g,,Carrefour,"Meals, ,, Meals with meat, ,, Poultry meals, ,, Meals with chicken","Nutriscore, ,, Nutriscore Grade A",,,"France, ,, Italy, ,, Spain","French: Sauce kimchi 42% (chou kimchi (chou chinois 5.9%, piment séché, ail, eau, radis chinois, gingembre, oignon nouveau, ciboulette chinoise, sel, sucre), eau, carotte, oignon, chou 4%, choy sum, ail, huile de sésame , vinaigre, amidon de tapioca, huile de soja, sucre, sauce soja (eau, soja , sel, farine de blé ), sel, graines de sésame blanc), riz jasmin cuit 41% (eau, riz jasmin, huile de soja), filet de poulet cuit 15%, graines de sésame blanc 0.1%. Peut contenir des traces de crustacés , œufs , poisson , lait , fruits à coque , céleri , moutarde , mollusques","Gluten, Sesame seeds, Soybeans","Celery, Crustaceans, Eggs, Fish, Milk, Molluscs, Mustard, Nuts",36,B,3,E,False,False,no,moderate,low,low,moderate,650.0,154.0,4.8,0.9,20.0,3.0,1.7,7.2,0.48,0.192,,,1,3,2,1,0,0,2,2,0,0
https://world.openfoodfacts.org/product/3493370001765/melange-asiatique-cap-bio,3493370001765,Mélange asiatique – Cap Bio – 720 ml (660 g),720 ml (660 g),,Cap Bio,"Plant-based foods and beverages, ,, Plant-based foods, ,, Fruits and vegetables based foods, ,, Vegetable-based foods and beverages, ,, Vegetables based foods","Organic, ,, Nutriscore, ,, Nutriscore Grade B, ,, Triman",légumes cultivés en France,France,France,"French: Légumes* 48% (poivron*, carotte*, petits pois oignons*), eau, émincé de protéine végétale réhydratée (protéine de SOJA texturée*, eau), sauce tamari (eau, SOJA sel de gemme, riz*, ferment: Aspergillus oryzae), sirop d'agave pousse de SOJA *, ail*, coriandre*, poivre*.",Soybeans,Gluten,18,B,3,,True,True,yes,low,low,low,moderate,224.0,53.0,0.7,0.1,6.3,4.3,2.7,4.2,0.79,0.316,,,2,4,2,0,1,0,3,1,0,1
https://world.openfoodfacts.org/product/3452010004436/huile-d-olive-bio-vierge-extra-domaine-de-clairbois,3452010004436,Huile d'olive  bio vierge extra – DOMAINE DE CLAIRBOIS – 3 l,3 l,,DOMAINE DE CLAIRBOIS,"Plant-based foods and beverages, ,, Plant-based foods, ,, Fats, ,, Vegetable fats, ,, Olive tree products, ,, Vegetable oils, ,, Olive oils, ,, Extra-virgin olive oils","Organic, ,, EU Organic, ,, AB Agriculture Biologique",,,France,French: Huile d'olive.,,"Nuts, Peanuts, Sesame seeds",1,B,2,C,True,True,yes,high,high,low,low,3765.0,900.0,100.0,14.0,0.0,0.0,0.0,0.0,0.0,0.0,,,0,5,5,,0,,0,0,0,5
https://world.openfoodfacts.org/product/0068200325026/banana-yogurt-siggi-s,0068200325026,Banana yogurt – siggi's,,,siggi's,"Dairies, ,, Fermented foods, ,, Fermented milk products, ,, Desserts, ,, Dairy desserts, ,, Fermented dairy desserts, ,, Yogurts","No preservatives, ,, Source of proteins, ,, High proteins, ,, No colorings",,,Canada,"Skim milk, Water, Cane sugar, Banana puree, Cream , Pectin, Carrot/pumpkin/apple juice concentrates (for colour), Natural flavour, Lemon juice concentrate, Active bacterial cultures",Milk,,13,B,4,B,True,True,no,low,low,moderate,low,382.0,91.0,1.71428571428571,1.14285714285714,10.2857142857143,0.0,0.0,9.14285714285714,0.0714285714285714,0.0285714285714286,,,1,4,3,1,2,1,0,3,0,0
https://world.openfoodfacts.org/product/3596710544165/100-pur-jus-tomate-de-marmande-sale-a-3g-l-auchan,3596710544165,100% Pur jus Tomate de Marmande Salé à 3g/l – Auchan – 1 L,1 L,,Auchan,"Beverages and beverages preparations, ,, Plant-based foods and beverages, ,, Beverages, ,, Plant-based foods, ,, Fruits and vegetables based foods, ,, Vegetable-based foods and beverages, ,, Vegetables based foods, ,, Plant-based beverages, ,, Fruit-based beverages, ,, Juices and nectars, ,, Vegetable-based beverages, ,, Tomatoes and their products, ,, Vegetable juices, ,, Fruit juices, ,, Tomato juices","Nutriscore, ,, Nutriscore Grade B, ,, Triman",,,France,"French: Jus de tomate, sel 3 g/L",,,3,B,3,D,False,True,yes,low,low,moderate,moderate,93.0,22.0,0.5,0.1,3.1,3.0,1.0,0.8,0.3,0.12,,,-1,5,6,2,2,0,1,0,0,6
https://world.openfoodfacts.org/product/3560071532598/poelee-de-legumes-et-cereales-carrefour,3560071532598,Poêlée de Légumes et céréales – Carrefour – 500 g,500 g,,Carrefour,"Frozen foods, ,, Meals, ,, Combination Meals, ,, Frozen ready-made meals","No preservatives, ,, Nutriscore, ,, Nutriscore Grade B",,,"France, ,, Italy, ,, Spain","French: Boulgour 25% (eau, blé dur), patate douce 18%, fève de soja 14%, courge butternut 13%, eau, quinoa rouge 8% (eau, quinoa rouge), haricot plat 7%, crème fraîche (contient lait ), huile de tournesol, amidon de pomme de terre, persil, arôme naturel, sel, fibre de pois.
Peut contenir des traces de céleri .","Gluten, Milk, Soybeans",Celery,18,B,4,,True,,no,moderate,low,low,moderate,442.0,105.0,3.4,0.9,14.0,2.7,2.5,3.8,0.6,0.24,,,2,3,1,1,0,0,2,1,0,0
https://world.openfoodfacts.org/product/3760269315327/brasse-au-lait-de-vache-fraise-mure,3760269315327,"Brassé au lait de vache fraise,mûre",,,,"Dairies, ,, Fermented foods, ,, Fermented milk products, ,, Desserts, ,, Dairy desserts, ,, Fermented dairy desserts, ,, Yogurts, ,, Stirred yogurts, ,, Fruit stirred yogurts","Organic, ,, EU Organic, ,, Certified B Corporation, ,, Made in France, ,, No added sugar, ,, AB Agriculture Biologique",,,France,"French: 56% lait fermenté bio, 17,4% fraise bio, 11,6% mûre bio, eau, 3,2% farine de riz bio, épaississant: pectine, jus de citron concentré bio.",Milk,,8,B,4,A,True,True,no,low,low,low,low,274.0,65.0,2.1,1.3,8.1,4.4,1.0,3.0,0.05,0.02,,30.65,1,2,1,0,1,1,0,1,0,0
https://world.openfoodfacts.org/product/4260748511077/tu-nah-bettafish,4260748511077,Tu-Nah – BettaFish – 140g,140g,,BettaFish,"de:Fischersatz, ,, de:Thunfischersatz","Vegetarian, ,, Vegan",,,Germany,"German: 36% Texturiertes Pflanzenproteinrehydriert (Erbsenprotein, Ackerbohnenprotein), Rapsöl, Wasser, 11% Meeresalgen, HAFERhalmfaser, Reissirup, Kapern, Branntweinessig, Gewürze, Süßkartoffelkonzentrat, natürliches Aroma, Salz, modifizierte Stärke, Säuerungsmittel (Citronensäure, Essigsäure), Verdickungsmittel (Xanthan) Krebstiere",Crustaceans,,21,B,4,,True,True,maybe,high,moderate,low,moderate,1044.0,253.0,21.0,1.8,4.5,2.1,6.6,8.1,1.2,0.48,,,2,9,7,3,0,1,5,3,4,0
https://world.openfoodfacts.org/product/3596710534067/colin-d-alaska-sauce-a-la-parisienne-auchan,3596710534067,Colin d'Alaska sauce à la parisienne – Auchan – 0.4 kg,0.4 kg,,Auchan,"Seafood, ,, Fishes and their products, ,, Fishes, ,, Frozen foods, ,, Frozen seafood, ,, Frozen fishes","Sustainable, ,, Sustainable fishery, ,, Nutriscore, ,, Nutriscore Grade B, ,, Sustainable Seafood MSC",,,France,"French: Portions de bloc de filets de colin d'Alaska MSC** ( POISSON ) ( Theragra chalcogramma ) 48,5%, eau, champignons de Paris 11,9 %, crème fraîche 8% ( LAIT ), carottes 2,9%, oignon, vin blanc, amidon de maïs, farine de BLÉ , LAIT écrémé en poudre, jus de citron, sel, persil, jus concentré de champignon 0,09%, huile de tournesol, poivre. Elaboré à partir de lait origine UE. Traces éventuelles de céleri , mollusques , crustacés , œuf , moutarde . Pourcentages exprimés sur le total de la recette * Malgré tout le soin apporté à la préparation de nos produits, la présence exceptionnelle d'arêtes n'estjamais exclue. ** Ce produit provient d'une pêcherie qui a répondu au référentiel environnemental du MSC pour une pêche durable et bien gérée. www.msc.org/fr","Fish, Gluten, Milk, Sulphur dioxide and sulphites","Celery, Crustaceans, Eggs, Molluscs, Mustard",21,B,3,,True,False,no,moderate,moderate,low,moderate,317.0,75.0,3.0,1.7,2.9,1.1,0.5,9.2,0.82,0.328,,,2,5,3,0,0,1,4,3,0,0
https://world.openfoodfacts.org/product/3560071545482/guacamole-epice-carrefour,3560071545482,Guacamole épicé – Carrefour – 180 g,180 g,,Carrefour,"Plant-based foods and beverages, ,, Plant-based foods, ,, Condiments, ,, Spreads, ,, Plant-based spreads, ,, Sauces, ,, Dips, ,, Guacamoles","Nutriscore, ,, Nutriscore Grade B",,,France,"French: Avocat Hass 88%, poivron rouge 5%, piment jalapeno 3%, oignon, sel, jus de citron vert, coriandre, antioxydant: acide ascorbique, conservateur : sorbate de potassium, ail en poudre, piment de Cayenne 0,06%, épaississant : gomme xanthane, poivre blanc.",,,16,B,4,B,True,True,yes,moderate,moderate,low,moderate,751.0,182.0,17.0,3.2,5.1,0.8,3.3,1.6,0.76,0.304,,,2,8,6,2,0,3,3,0,1,5
https://world.openfoodfacts.org/product/3288131120409/vitabio,3288131120409,Vitabio,,,Vitabio,fr:Compotes de pomme framboise myrtille,"Organic, ,, EU Organic, ,, Made in France, ,, No added sugar, ,, Nutriscore, ,, AB Agriculture Biologique",,,France,"Ingrédients Pomme de France* 80%, framboise* 12%, acérola* 5%, myrtille* 3%. *ingrédients issus de l'agriculture biologique.",,,5,B,,,False,True,yes,low,low,moderate,low,184.0,44.0,0.0,0.0,10.0,10.0,1.8,0.0,0.0,0.0,0.0,,2,2,0,0,2,0,0,0,0,0
https://world.openfoodfacts.org/product/3486063023625/pomme-framboise-les-vergers-de-chateaubourg,3486063023625,Pomme Framboise – Les Vergers de Châteaubourg – 4 x 90 g,4 x 90 g,,Les Vergers de Châteaubourg,"Plant-based foods and beverages, ,, Plant-based foods, ,, Fruits and vegetables based foods, ,, Desserts, ,, Fruits based foods, ,, Compotes, ,, Apple compotes, ,, Compotes to drink, ,, Raspberry applesauces",No added sugar,,,France,,,,,B,,A,,,,low,low,moderate,low,220.0,52.0,0.5,0.1,11.0,9.1,1.9,0.5,0.01,0.004,,,2,2,0,0,2,0,0,0,0,0
https://world.openfoodfacts.org/product/3560071529376/paella-poulet-moules-du-pacifique-chorizo-carrefour,3560071529376,"PAËLLA Poulet, Moules du Pacifique & Chorizo – Carrefour – 300 g",300 g,,Carrefour,"Meals, ,, Meals with meat, ,, Rice dishes, ,, Paella","No colorings, ,, Nutriscore, ,, Nutriscore Grade B",,,France,"French: Riz précuit 53,6% (eau, riz), viande de poulet précuite15%, poivrons rouges 11,8%, moules du Pacifique décortiquées, précuites ( mollusque Mytilus chilensis) 7,9%, petits pois 4,7%, chorizo 3,3% (viande et gras de porc 2,8%, piment, sel, dextrose, ail, origan, extrait de romarin, ferments), huile de colza, ail, arômes naturels, fumet de poisson (arômes naturels (contient poissons ), maltodextrine, sel, poisson en poudre, oignon), curcuma, piment, poivre blanc, sel. Poulet et porc origine France. Peut contenir des traces de céréales contenant du gluten , céleri , crustacés , lait , soja et moutarde .","Fish, Molluscs","Celery, Crustaceans, Gluten, Milk, Mustard, Soybeans",34,B,4,E,,False,no,moderate,low,low,moderate,714.0,169.0,3.3,0.8,26.0,1.6,0.8,8.7,0.76,0.304,,,2,5,3,2,0,0,3,3,0,0
https://world.openfoodfacts.org/product/3596710549009/shot-gingembre-auchan,3596710549009,Shot Gingembre – Auchan – 0.1 l,0.1 l,,Auchan,"Plant-based foods and beverages, ,, Plant-based foods, ,, Fruits and vegetables based foods, ,, Fruits based foods, ,, Fruits, ,, Fresh fruits, ,, Prepared fresh fruits","Nutriscore, ,, Nutriscore Grade C, ,, Triman",,,France,"French: Jus et purée de pomme, jus et purée de gingembre 20,5%, jus de citron.",,,4,B,1,A,True,,maybe,low,low,moderate,low,183.0,43.0,0.5,0.1,9.5,8.2,0.5,0.5,0.01,0.004,,,1,2,1,0,2,0,0,0,0,1
https://world.openfoodfacts.org/product/4066447707540/reismehl-dm-bio,4066447707540,Reismehl – Dm Bio – 500g,500g,,DmBio,"Plant-based foods and beverages, ,, Plant-based foods, ,, Cereals and potatoes, ,, Cereals and their products, ,, Flours, ,, Cereal flours, ,, Rice flours","Vegetarian, ,, No gluten, ,, Organic, ,, EU Organic, ,, Vegan, ,, DE-ÖKO-007",Germany,,Germany,German: Reisvollkornmehl,,"Lupin, Mustard, Soybeans",1,B,1,C,True,True,yes,low,low,low,low,1490.0,352.0,2.2,0.6,74.0,0.7,2.2,7.8,0.03,0.012,,,1,4,3,4,0,0,0,3,0,0
https://world.openfoodfacts.org/product/0196633916273/lightly-breaded-chicken-breast-chunks-kirkland-signature,0196633916273,Lightly Breaded Chicken Breast Chunks – Kirkland Signature,,,Kirkland Signature,"Meats and their products, ,, Meats, ,, Chicken and its products, ,, Poultries, ,, Chickens, ,, fr:morceaux de poitrine de poulet cuit légèrement pannés surgelés",,,,Canada,"Chicken , Water, Whee flour, Sugar, Salt, Soybean and/or I canola oil, Skim milk powder, Dried egg whites, Baking powder sodium acid pyrophosphate, sodium bicarbonate, corn starch monocalcium phosphate), Spica, Paprika, Celery seed, Chicken Spice extractive. Contains : Egg , Milk , Wheat","Celery, Chicken, Eggs, Gluten, Milk, Soybeans",Soybeans,55,B,4,E,,False,no,moderate,low,low,high,789.0,180.0,8.0,0.5,11.0,1.0,0.0,18.0,1.575,0.63,,0.0,2,9,7,2,0,0,7,7,0,0
https://world.openfoodfacts.org/product/4063367493416/geschalte-tomaten-kaufland,4063367493416,Geschälte Tomaten – Kaufland,,,Kaufland,Tomatensaft,"Nutriscore, ,, Nutriscore Grade A",,,Germany,,,,,B,,,,,,low,low,low,low,121.0,29.0,0.5,0.0,4.1,3.6,1.2,1.3,0.09,0.036,,,1,1,0,0,1,0,0,0,0,0
https://world.openfoodfacts.org/product/4337256814645/makrele-filets-ja,4337256814645,Makrele Filets – ja – 1pcs,1pcs,,ja,"Seafood, ,, Fishes and their products, ,, Fishes, ,, Fatty fishes, ,, Fish fillets, ,, Mackerels, ,, Mackerel fillets, ,, Mackerel fillets in oil","Nutriscore, ,, Nutriscore Grade B",,,Germany,"German: Makrelenfilets 72%*, Sonnenblumenöl 25%, Speisesalz, Wasser",Fish,,4,B,3,D,True,False,no,high,moderate,low,moderate,1154.0,276.0,22.0,3.7,0.0,0.0,0.0,20.0,0.66,0.264,,,2,9,7,3,0,3,3,7,0,0
https://world.openfoodfacts.org/product/8692886622517/kefir-alt%C4%B1nk%C4%B1l%C4%B1c,8692886622517,Kefir – Altınkılıç – 250 ml,250 ml,,Altınkılıç,"Beverages and beverages preparations, ,, Beverages, ,, Dairies, ,, Fermented foods, ,, Fermented milk products, ,, Dairy drinks, ,, Fermented drinks, ,, Fermented milk drinks, ,, Kefir",,,,Turkey,"Pasteurized cow milk, yeast, kefir culture",Milk,,3,B,1,,True,,no,moderate,moderate,low,moderate,224.8,54.0,3.0,1.92,3.72,1.72,,3.0,0.2,0.08,,,0,6,6,4,1,1,0,6,0,0
https://world.openfoodfacts.org/product/4337256846813/gemusepfanne-nach-franzosischer-art-rewe-bio,4337256846813,Gemüsepfanne nach französischer Art – Rewe Bio – 600g,600g,,Rewe Bio,"Plant-based foods and beverages, ,, Plant-based foods, ,, Fruits and vegetables based foods, ,, Meals, ,, Vegetables based foods, ,, Frozen foods, ,, Vegetables, ,, Frozen plant-based foods, ,, Frozen vegetables, ,, Mixed vegetables","Vegetarian, ,, Organic, ,, EU Organic, ,, Vegan, ,, Nutriscore, ,, Nutriscore Grade A",,,Germany,"German: Karotten¹ 24%, Mais¹ 18%, Brechbohnen¹ 18%, rote Paprika¹ 15%, Zwiebeln, Champignons¹ 10%, Meersalz, Sonnenblumenöl, Stärke, natives Olivenöl extra¹, Kräuter', Gewürze¹. ¹aus kontrolliert biologischer Landwirtschaft. Kann Spuren von Weizen , Gerste , Soja , Milch und Sellerie enthalten.",,"Celery, Gluten, Milk, Soybeans",12,B,3,,True,True,yes,low,low,low,moderate,222.0,53.0,1.5,0.2,6.9,3.1,2.5,1.7,0.74,0.296,,,1,3,2,0,0,0,3,0,0,2
https://world.openfoodfacts.org/product/7640427572051,7640427572051,7640427572051,,,,"Beverages and beverages preparations, ,, Beverages, ,, Artificially sweetened beverages",,,,Portugal,"Portuguese: AGUA, AGUA DE COCO A BASE DE CONCENTRADO (10%), ACIDULANTE (ÁCIDO CÍTRICO SALES DE ACIDO CITRICO, AROMA, EDULCORANTES (SUCRALOSA POTÁSICAS DE ÁCIDO ORTOFOSFORICO, SALES MAGNÉSCS INGREDIENTES: ÁGUA, ÁGUA DE COCO A BASE DE ACESULFAMO-K), VITAMINA E, VITAMINA B6, VITAMINA B CONCENTRADO (10%), ACIDULANTE (ÁCIDO CITRICOL SAS POTASSIO DO ÁCIDO ORTOFOSFORICO, SAIS DE MAGNES ACIDO CITRICO, AROMA, EDULCORANTES (SUCRALOSE MSSULFAME-K), VITAMINA E, VITAMINA B6, VITAMINA 500 ml (1 BOTELLA/1 GARRAFA)=1 PORCIÓN/POR AL",,,28,B,4,,False,True,yes,low,low,low,low,18.0,4.0,0.0,0.0,0.5,0.5,0.0,0.0,0.0,0.0,,,0,0,0,0,0,0,0,0,0,0
https://world.openfoodfacts.org/product/4335619061828/kidney-beans-freshona,4335619061828,Kidney beans – Freshona – 3pcs,3pcs,,Freshona,"Plant-based foods and beverages, ,, Plant-based foods, ,, Legumes and their products, ,, Canned foods, ,, Legumes, ,, Seeds, ,, Canned plant-based foods, ,, Legume seeds, ,, Pulses, ,, Common beans, ,, Canned legumes, ,, Red beans, ,, Canned common beans, ,, Canned red kidney beans","Nutriscore, ,, Nutriscore Grade A",Italy,,Germany,"Rehydrated kidney beans, water, table salt, modified starch, antioxidant (ascorbic acid)",,,6,B,4,A,True,True,yes,low,low,low,low,453.0,108.0,0.5,0.1,15.2,0.1,5.7,7.7,0.2,0.08,0.0,,-4,2,6,,0,,0,3,3,0
https://world.openfoodfacts.org/product/0069000161098/sparkling-water-beverage-blueberry-pomegranate-bubly,0069000161098,sparkling water beverage blueberry pomegranate – bubly,,,bubly,"Beverages and beverages preparations, ,, Beverages",,USA,"Mississauga, ,, ON",Canada,"Carbonated water, Natural flavour, Eau gazeifiée, Arome naturel.",,,4,B,4,,False,True,yes,low,,,low,0.0,0.0,0.0,,0.0,,,0.0,0.0,0.0,,,0,0,0,0,0,0,0,0,0,0
https://world.openfoodfacts.org/product/5056138203092/immunity-cherry-acai-live-yoghurt-the-collective,5056138203092,Immunity Cherry & Acai Live Yoghurt – The Collective – 130g,130g,,The Collective,"Dairies, ,, Fermented foods, ,, Fermented milk products, ,, Desserts, ,, Dairy desserts, ,, Fermented dairy desserts, ,, Fermented dairy desserts with fruits, ,, Yogurts, ,, Fruit yogurts, ,, Multifruit yoghurts","No gluten, ,, Certified B Corporation",,,United Kingdom,"YOGHURT ** ( MILK ) (82%), WATER, CHERRY PUREE (5%), CONCENTRATED APPLE JUICE, ACAI PUREE (1%), TAPIOCA STARCH, ACEROLA CHERRY EXTRACT, CONCENTRATED LEMON JUICE, NATURAL FLAVOURINGS, VITAMIN D.",Milk,,10,B,4,B,True,,no,moderate,moderate,moderate,low,288.1,72.0,3.1,2.1,7.0,6.3,,3.2,0.1075,0.043,,10.0,2,3,1,0,1,2,0,1,0,0
https://world.openfoodfacts.org/product/3273221116394/boisson-au-soja-concentree-sojade,3273221116394,Boisson au soja concentrée – Sojade – 50 cl,50 cl,,Sojade,"Beverages and beverages preparations, ,, Plant-based foods and beverages, ,, Beverages, ,, Plant-based foods, ,, Legumes and their products, ,, Dairy substitutes, ,, Milk substitutes, ,, Plant-based beverages, ,, Plant-based milk alternatives, ,, Legume-based drinks, ,, Soy-based drinks","Low or no sugar, ,, Vegetarian, ,, No gluten, ,, Organic, ,, Certified by Ecocert, ,, EU Organic, ,, No GMOs, ,, Source of proteins, ,, Vegan, ,, fr:Soja Français, ,, EU Agriculture, ,, FR-BIO-01, ,, French agriculture, ,, FSC, ,, FSC Mix, ,, High proteins, ,, No Bisphenol-A, ,, No sugar, ,, Nutriscore, ,, Nutriscore Grade A, ,, Nutriscore Grade B, ,, Rich in vegetable protein, ,, The Vegan Society, ,, AB Agriculture Biologique, ,, Triman",France,France,France,"French: Jus de soja* 100%. 

* Issu de l'agriculture biologique",Soybeans,,1,B,1,A,True,True,yes,moderate,low,low,low,234.0,56.0,3.4,0.6,0.2,0.2,,6.0,0.1,0.04,,,-3,4,7,4,0,0,0,7,0,0
https://world.openfoodfacts.org/product/5099111003364/natural-yogurt-green-valley,5099111003364,Natural Yogurt – Green Valley,,,Green Valley,"Dairies, ,, Fermented foods, ,, Fermented milk products, ,, Desserts, ,, Dairy desserts, ,, Fermented dairy desserts, ,, Yogurts","No gluten, ,, No preservatives, ,, No added sugar, ,, No additives",,,Ireland,,,,,B,,B,,,,moderate,moderate,moderate,low,314.0,75.0,3.9,2.5,5.8,5.8,,4.1,0.15,0.06,,,2,3,1,0,1,2,0,1,0,0
https://world.openfoodfacts.org/product/5601312108528/tortitas-de-arroz-integral-continente,5601312108528,Tortitas de Arroz Integral – Continente – 200g,200g,,Continente,"Plant-based foods and beverages, ,, Plant-based foods, ,, Cereals and potatoes, ,, Cereals and their products, ,, Puffed cereal cakes, ,, Puffed rice cakes",No gluten,,,Portugal,"Portuguese: Arroz (62%), arroz integral (37%), sal.",,,3,B,3,D,True,True,yes,low,low,low,moderate,1594.0,376.0,2.2,0.5,79.0,0.5,3.5,8.5,0.49,0.196,0.0,,2,6,4,4,0,0,2,3,1,0
https://world.openfoodfacts.org/product/4052917911838/cafe-torrado-moido-classico-robusta-e-arabica-bellarom,4052917911838,café torrado moído clássico (robusta e arábica) – bellarom – 250 g,250 g,,bellarom,"Plant-based foods and beverages, ,, Plant-based foods, ,, Coffees",Rainforest Alliance,,,Portugal,Portuguese: 100% café torrado moído,,,1,B,1,,True,True,yes,,,,,,,,,,,,,,,,,-2,10,12,10,0,0,0,7,5,0
https://world.openfoodfacts.org/product/3261055954978/macaroni-tomate-mozza-panzani,3261055954978,Macaroni - Tomate Mozza – Panzani – 400 g,400 g,,Panzani,"Condiments, ,, Sauces, ,, Meal sauces, ,, Tomato sauces, ,, Tomato sauces with cheese","No preservatives, ,, Nutriscore, ,, Nutriscore Grade B",,,France,"French: Eau, spécialité céréalière macaroni 9,5% (semoule de BLE dur, blanc d' ŒUFS en poudre), purée de tomate mi-réduite 5,4%, pulpe de tomate au jus 5,4% (tomate 3,8%, jus de tomate), CRÈME , amidon modifié, oignon, farine de BLE , arôme naturel de FROMAGE , FROMAGES en poudre 0,7% ( mozzarella ( LAIT ) 0,4%, FROMAGES , LACTOSERUM ), sel, basilic, huile de colza, poivre.","Eggs, Gluten, Milk","Celery, Soybeans",21,B,4,B,True,,no,low,low,low,moderate,305.0,73.0,1.9,1.0,11.0,1.0,1.1,2.7,0.78,0.312,,,2,3,1,0,0,0,3,1,0,0
https://world.openfoodfacts.org/product/4067796179842/soja-creme-cuisine-dmbio,4067796179842,Soja creme cuisine – DmBio – 200ml,200ml,,DmBio,"Plant-based foods and beverages, ,, Plant-based foods, ,, Plant-based creams, ,, Plant-based creams for cooking, ,, Soy-based creams for cooking","Vegetarian, ,, Organic, ,, EU Organic, ,, Vegan",Europe,,"France, ,, Germany","German: Wasser, 8,5% Sonnenblumenöl, 8% Soja-Bohnen, Verdickungsmittel: Johannisbrotkernmehl , Guarkenmehl; Meersalz",Soybeans,Schalenfruchte,7,B,4,A,True,True,yes,moderate,low,low,low,476.0,114.0,10.0,1.3,1.4,0.5,1.1,3.4,0.1075,0.043,,,1,2,1,1,0,1,0,1,0,0
https://world.openfoodfacts.org/product/5601312068815/azeite-continente,5601312068815,Azeite – Continente – 750 ml,750 ml,,Continente,"Plant-based foods and beverages, ,, Plant-based foods, ,, Fats, ,, Vegetable fats, ,, Olive tree products, ,, Vegetable oils, ,, Olive oils, ,, Extra-virgin olive oils, ,, Virgin olive oils, ,, pt:Azeite",,Portugal,,"Portugal, ,, United Kingdom",CONTINENTE AZEITE VIRGEM-AZEITE OBTIDO DIRETAMENTE DE AZERTON TURVAÇÃO E DEPÓSITO. UNICAMENTE POR PROCESSOS MECÂNICOS. POR SER UM PRODUTO NATURAL PODE APRESENTAR ALGU MODO DE CONSERVAÇÃO: CONSERVAR EM LOCAL FRESCO ABRIGO DA LUZ E DO CALOR. FECHAR A EMBALAGEM APOS UTILIZAÇÃO. UTILIZAÇÃO RECOMENDADA: AZEITE PARA CO LOTE:/ CONSUMIR DE PREFERÊNCIA ANTES DO FIM DE (VER PARTE SUPERIOR DA EMBALAGEM) DECLARAÇÃO NUTRICIONAL POR 100 ml POR PORÇAO (10m ENERGIA,,,11,B,,D,False,True,yes,high,high,low,low,3435.0,821.0,91.2,13.2,0.0,0.0,0.0,0.0,0.0,0.0,,,0,5,5,,0,,0,0,0,5
https://world.openfoodfacts.org/product/5411188141440/plant-protein-banana-cookie-flavour-alpro,5411188141440,PLANT PROTEIN Banana Cookie Flavour – alpro,,,Alpro,"Plant-based foods and beverages, ,, Fermented foods, ,, Dairy substitutes, ,, Desserts, ,, Vegan products, ,, Non-dairy desserts, ,, Non-dairy fermented foods, ,, Non-dairy yogurts, ,, Soy milk yogurts","Vegetarian, ,, Vegan, ,, No lactose",,,United Kingdom,"Soya bulgaricus Vitami SANANA COOKIE FLAVOUR PLANT-BASED WITH LIVE C ulators Chic acid Sodum aces of nuts 64 Keep 82,812,02 INGRE bananjuice 46 82812 02 Kan Vitbaserad produk sojatuote sojaprote pektint aronit numet de hapter 5 thermophilus L ripähkinöitä (ei maapähkin Maidoton jag Paratia ennen katso pälvis pakkauksen pit Svet",,,2,B,,A,False,True,yes,low,low,moderate,moderate,341.3,41.0,2.3,0.4,7.1,6.9,1.0,7.5,0.45,0.18,,0.0,2,5,3,1,2,0,2,3,0,0
https://world.openfoodfacts.org/product/3256228408228/huile-de-tournesol-oleique-origine-france-u,3256228408228,Huile de tournesol oléique origine France – U – 1 l,1 l,,U,"Plant-based foods and beverages, ,, Plant-based foods, ,, Fats, ,, Vegetable fats, ,, Vegetable oils, ,, Sunflower seeds and their products, ,, Sunflower oils","Rich in vitamin E, ,, Naturally rich in vitamin E, ,, Nutriscore, ,, Nutriscore Grade B, ,, Triman",fr:Tournesol origine France,,France,"sont naturellement riche en vitamine E POUR FRITURE, CUISSON ET ASSAISONNEMENT Valeurs nutritionnelles moyennes pour 100g: Energie............ Matieres grossesny dont acides gras saturs Acides gras mono-insaturés Acides gras polyinsaturés Glucides.... 3700 WJJ/",,,1,B,2,C,True,True,yes,high,high,low,low,3700.0,900.0,100.0,8.4,0.0,0.0,0.0,0.0,0.0,0.0,0.0,0.0,2,2,0,,0,,0,0,0,0
https://world.openfoodfacts.org/product/5900928089208/tortilla-pani,5900928089208,Tortilla – Pani – 306 g,306 g,,Pani,Tortillas,Nutriscore,,,Poland,,,,,B,,,,,,moderate,moderate,low,low,1305.0,312.0,6.86274509803922,1.63398692810458,52.2875816993464,1.96078431372549,2.77777777777778,8.98692810457516,0.00236928104575163,0.000947712418300654,,,1,4,3,3,0,1,0,3,0,0
https://world.openfoodfacts.org/product/8445291045637/perrier-lime-water-maison-perrier,8445291045637,Perrier - Lime water – maison perrier – 330 ml,330 ml,,maison perrier,"Beverages and beverages preparations, ,, Beverages, ,, Carbonated drinks, ,, Waters",,Thailand,,"Cambodia, ,, Cyprus, ,, Thailand",Carbonated water,,,1,B,1,,True,True,yes,low,low,low,low,0.0,0.0,0.0,0.0,0.0,0.0,0.0,0.0,0.0,0.0,0.0,,0,0,0,0,0,0,0,0,0,0
https://world.openfoodfacts.org/product/3033490304126/danone,3033490304126,Danone – 4 x 125 g,4 x 125 g,,Danone,Dairies,,,,France,"French: lait écrémé , ananas, lait écrémé en poudre, fructose oligo saccharose, E1422, E440, ferments lactiques , E951, arôme",Milk,,9,B,4,,True,True,no,low,low,moderate,low,218.0,51.0,0.1,0.05,7.8,7.6,0.0,4.8,0.0,0.0,,,1,2,1,0,2,0,0,1,0,0
https://world.openfoodfacts.org/product/3608580171652/fruits-de-la-passion-presses-andros,3608580171652,Fruits de la passion pressés – Andros,,,Andros,"Beverages and beverages preparations, ,, Plant-based foods and beverages, ,, Beverages, ,, Plant-based foods, ,, Fruits and vegetables based foods, ,, Fruits based foods, ,, Plant-based beverages, ,, Fruit-based beverages, ,, Fruits, ,, Juices and nectars, ,, Tropical fruits, ,, Fruit juices, ,, Passion fruits",,,,France,,,,,B,,D,,,,low,low,high,low,132.0,31.0,0.0,0.0,7.33333333333333,7.33333333333333,0.133333333333333,0.133333333333333,0.0,0.0,,,2,8,6,2,6,0,0,0,0,6
https://world.openfoodfacts.org/product/3297760099154,3297760099154,4 x 97 gr,4 x 97 gr,,,"Plant-based foods and beverages, ,, Plant-based foods, ,, Fruits and vegetables based foods, ,, Desserts, ,, Fruits based foods, ,, Compotes",No added sugar,"Ecuador, ,, European Union",,France,"Purée de pommes, jus d'orange, Purée de carottes, acide ascorbique, vitamine C",,None,5,B,1,A,False,True,yes,low,low,moderate,low,197.0,47.0,0.0,0.0,11.0,9.2,1.3,0.0,0.0,0.0,,,2,2,0,0,2,0,0,0,0,0
https://world.openfoodfacts.org/product/7627537257504/jogurt-nature-coop-prix,7627537257504,Jogurt Nature – Coop Prix,,,Coop Prix,"Dairies, ,, Fermented foods, ,, Fermented milk products, ,, Desserts, ,, Dairy desserts, ,, Fermented dairy desserts, ,, Yogurts, ,, Plain fermented dairy desserts, ,, Plain yogurts",,,,Switzerland,"lait écrémé (Suisse), crème, lait écrémé en poudre",,,4,B,,B,False,True,yes,moderate,moderate,low,low,262.0,63.0,3.5,2.1,4.1,4.1,0.0,3.7,0.1075,0.043,,0.0,2,3,1,0,1,2,0,1,0,0
https://world.openfoodfacts.org/product/4337256896320/kichererbsen-ja,4337256896320,Kichererbsen – ja! – 265g,265g,,ja!,"Plant-based foods and beverages, ,, Plant-based foods, ,, Legumes and their products, ,, Legumes, ,, Seeds, ,, Legume seeds, ,, Pulses, ,, Chickpeas","Nutriscore, ,, Nutriscore Grade A",Italy,,Germany,"Kichererbsen, Wasser, Speisesalz.",,,3,B,,A,False,True,yes,low,low,low,moderate,469.0,112.0,2.3,0.3,13.0,0.0,6.7,6.4,0.4,0.16,,,-4,2,6,,0,,1,2,4,0
https://world.openfoodfacts.org/product/3367651010237/pates-salade-poulet-roti-mimolette-daunet,3367651010237,Pâtes & Salade Poulet Rôti Mimolette – Daunet,,,Daunet,"Meals, ,, Pasta dishes, ,, Prepared salads, ,, Pasta salads, ,, Salads with meat, ,, Pasta salad with meat","No artificial flavors, ,, No colorings, ,, Nutriscore, ,, Nutriscore Grade B",France,,France,"SALADE COMPOSÉE À BASE DE PÂTES, DE SALADE, DE VIANDE DE POULET ROTI TRAITÉE EN SALAISON CUITE ET DE MIMOLETTE ACCOMPAGNÉE D'UNE SAUCE AU VINAIGRE BALSAMIQUE INGRÉDIENTS : Pâtes cuites 44,7% (eau, semoule de blé dur, sel), salade 14%, tomate 14%, sauce au vinaigre balsamique 12% [vinaigre balsamique de Modène I.G.P. 3,8% (vinaigre de vin, moût de raisin cuit), huile de colza, eau, moutarde douce (eau, graines de moutarde, vinaigre d'alcool, sel, épices), sucre, vinaigre d'alcool, sel, amidon, poivre noir, épaississant : gomme xanthane], viande de poulet rôti traitée en salaison cuite 8% (viande de poulet origine France, huile de tournesol, conservateurs:lactate de potassium - acétates de sodium - vinaigre tamponné, stabilisants: Algues Euchema transformées triphosphates, dextrose, amidon de pomme de terre, sel, sucre roux), mimolette 5,2% (lait de vache pasteurisé, sel, ferments lactiques, colorant: norbixine de rocou), huile de colza, eau, vinaigre d'alcool, sel, persil, ail, poivre, ferments. Informations en gras destinées aux personnes allergiques. Traces éventuelles d'œuf, poissons, crustacés, céleri, graines de sésame, soja , fruits à coque, lupin , mollusques. Valeurs nutritionnelles pour 100 g pour 250 g moyennes Valeur énergétique","Lupin, Milk","Lupin, Soybeans",54,B,4,D,False,True,no,moderate,low,low,moderate,610.0,146.0,6.5,1.3,16.0,2.8,1.0,5.6,0.59,0.236,,,2,4,2,1,0,1,2,2,0,0
https://world.openfoodfacts.org/product/8420030176001/nature-vitamin-agua-de-valtorre,8420030176001,Nature vitamin – Agua de valtorre – 500 ml,500 ml,,Agua de valtorre,"Beverages and beverages preparations, ,, Beverages, ,, es:Recovery",,es:Toledo españa,,Spain,"Spanish: Agua mineral natural, zumo de limón a po citrato de magnesio, aromas naturales de lima limón, corrector de acidez (citrato trisódico), conservador (200 pantoténico, B6, biotina y B12), edulcorantes (ce estabilizantes (E-445 y E-414) y citrato de zinc. Valor energético Grasas ZINC de las cuales saturadas Hidratos de 100ml 500ml 6kJ/ 30kJ/ Magnesio 1 kcal 7kcal Zinc Og 8 8 Og 100m 28,1mg 73 1,5mg Og Vitamina C 20mg 25 Acido Og pantotenico 0.9ng Vitamina B6 0.21m 7.5ug Vitamina B12 0,375 VRN: Valores de refere 12 Carbono 0,1g 0,4g Bioting de las cuales GRANTES AROMATIZADA azúcares Og 0,1g Fibra alimentaria Og Og Proteínas Og Og Sal 0,02g 0,09g 26/08/2025 20:45",,,22,B,4,,False,True,yes,low,,low,low,6.0,1.0,0.0,,0.1,0.0,0.0,0.0,0.02,0.008,0.0,,0,0,0,0,0,0,0,0,0,0
https://world.openfoodfacts.org/product/3770036536008/ma%C4%ABs-doux-sarl-primeur-distribution,3770036536008,Maīs doux – SARL Primeur Distribution – 400g,400g,,SARL Primeur Distribution,"Plant-based foods and beverages, ,, Plant-based foods, ,, Cereals and potatoes, ,, Seeds, ,, Cereals and their products, ,, Cereal grains, ,, Corn, ,, Sweet corn, ,, Sweet corn on the cob, ,, Cooked sweet corn on the cob","Organic, ,, EU Organic, ,, FR-BIO-10, ,, AB Agriculture Biologique",France,,France,"French: Maïs doux biologique, sel.",,,2,B,3,A,True,True,yes,moderate,low,moderate,low,411.0,98.0,3.0,0.6,13.0,7.3,3.7,3.2,0.01,0.004,,,-3,4,7,,2,,0,1,1,5
https://world.openfoodfacts.org/product/5063250556449/red-berries-and-cherry-kefir-yogurt-tesco,5063250556449,Red Berries And Cherry Kefir Yogurt – Tesco,,,Tesco,"Dairies, ,, Fermented foods, ,, Fermented milk products, ,, Desserts, ,, Dairy desserts, ,, Fermented dairy desserts, ,, Yogurts",,,,United Kingdom,"Kefir ( Milk ), Strawberry Purée (4%), Cherry Purée (3%), Concentrated Apple Juice, Raspberry Purée (1.5%), Maize Starch, Lemon Juice, Flavourings",Milk,,8,B,4,B,True,,no,low,low,moderate,low,327.826086956522,77.0,2.17391304347826,1.39130434782609,9.73913043478261,7.21739130434783,0.434782608695652,4.60869565217391,0.110869565217391,0.0443478260869565,,11.5,2,3,1,0,2,1,0,1,0,0
https://world.openfoodfacts.org/product/3297760099314/trio-de-fruits-sans-sucres-ajoutes-charles-alice,3297760099314,Trio de Fruits sans sucres ajoutés – Charles & Alice,,,Charles & Alice,"Plant-based foods and beverages, ,, Plant-based foods, ,, Fruits and vegetables based foods, ,, Desserts, ,, Fruits based foods, ,, Compotes",No added sugar,,,France,"French: Vanille, poire , pomme, banane , fraise , orange , mangue",Orange,,7,B,1,A,True,True,yes,low,low,moderate,low,235.0,55.0,0.5,0.1,13.0,10.0,1.7,0.5,0.01,0.004,,,1,2,1,0,2,0,0,0,0,1
https://world.openfoodfacts.org/product/4056489618720/bifidus-cereais-milbona-lidl,4056489618720,Bifidus cereais – Milbona (Lidl) – 4 x 170g,4 x 170g,,Milbona (Lidl),"Dairies, ,, Fermented foods, ,, Fermented milk products, ,, Desserts, ,, Dairy desserts, ,, Fermented dairy desserts, ,, Yogurts, ,, Yogurts with cereals",Nutriscore,,,Portugal,,,,,B,,B,,,,low,low,moderate,low,296.0,70.0,1.4,0.9,10.5,10.1,1.4,2.6,0.12,0.048,,,2,3,1,0,3,0,0,1,0,0
https://world.openfoodfacts.org/product/5063250547102/spag-bol-tesco-finest,5063250547102,Spag Bol – Tesco Finest – 400g,400g,,Tesco Finest,"Meals, ,, Pasta dishes",,,,United Kingdom,"Italian: Ingredients INGREDIENTS: Cooked Spaghetti Pasta [Water, Durum Wheat Semolina], Beef (22%), Tomato, Red Wine ( Sulphites ), Tomato Passata, Pork , Tomato Purée, Smoked Pancetta [Pork Belly, Salt, Dextrose, Black Pepper, Garlic, Coriander, Nutmeg, Preservatives (Sodium Nitrite, Potassium Nitrate)], Onion, Carrot, Parmigiano Reggiano Cheese ( Milk ), Garlic Purée, Cornflour, Wheat Flour [ Wheat Flour , Calcium, Folic Acid, Iron, Niacin, Thiamin], Salt, Parsley, Beef Extract, Yeast Extract, Basil, Porcini Mushroom Powder, Bay, Black Pepper.","Beef, Gluten, Milk, Pork, Sulphur dioxide and sulphites",,43,B,,,False,True,yes,moderate,moderate,low,moderate,610.0,146.0,5.7,2.4,13.7,1.8,1.4,9.3,0.57,0.228,,,2,5,3,1,0,2,2,3,0,0
https://world.openfoodfacts.org/product/4056489454458/kotimainen-ab-piima-laktoositon-pohjolan-meijeri,4056489454458,Kotimainen AB-Piimä Laktoositon – Pohjolan Meijeri – 1 litra,1 litra,,Pohjolan Meijeri,"Beverages and beverages preparations, ,, Beverages, ,, Dairies, ,, Fermented foods, ,, Fermented milk products, ,, Dairy drinks, ,, Fermented drinks, ,, Fermented milk drinks, ,, Buttermilks, ,, Kefir",No lactose,Finland,,Finland,"Finnish: Pastöroitu maito (alkuperä: Suomi), AB-hapate, D-vitamiini. Lisätty D-vitamiinia. Sisältää runsaasti kalsiumia ja proteiinia. Ravistetaan kevyesti.",Milk,,6,B,,,False,True,no,moderate,moderate,moderate,low,209.0,50.0,2.0,1.2,4.4,4.4,0.0,3.5,0.00025,0.0001,,,0,7,7,3,3,1,0,7,0,0
https://world.openfoodfacts.org/product/3124480200303,3124480200303,50 cl,50 cl,,,"Beverages and beverages preparations, ,, Beverages, ,, Carbonated drinks, ,, Sodas",,,,France,,,,,B,,,,,,low,low,low,low,20.0,5.0,0.1,0.0,0.7,0.5,0.0,0.0,0.02,0.008,0.0,,0,0,0,0,0,0,0,0,0,0
https://world.openfoodfacts.org/product/4311501107010/edeka-bio-weidemilch-joghurt-bioland,4311501107010,EDEKA Bio Weidemilch Joghurt – Bioland – 500g,500g,,Bioland,"Dairies, ,, Fermented foods, ,, Fermented milk products, ,, Desserts, ,, Dairy desserts, ,, Fermented dairy desserts, ,, Yogurts","Organic, ,, Bioland",,,Germany,German: Joghurt,Milk,,1,B,1,B,True,True,no,moderate,moderate,low,low,283.4,68.0,3.8,2.5,3.6,3.6,1.5,4.8,0.03,0.012,,0.0,2,3,1,0,1,2,0,1,0,0
https://world.openfoodfacts.org/product/4061461258221/bio-dinkelpops-mit-honig,4061461258221,Bio-Dinkelpops mit Honig – 300 g,300 g,,"Aldi, ,, Bio+","Frühstücke, ,, Frühstückscerealien, ,, Getreide und Kartoffeln, ,, Getreideprodukte, ,, Pflanzliche Lebensmittel, ,, Pflanzliche Lebensmittel und Getränke","Organic, ,, EU Organic, ,, AT-BIO-402, ,, Nutriscore, ,, Nutriscore Grade B","European Union, ,, Non European Union",,Germany,"German: 70% Dinkel, 30 % Honig",Gluten,,2,B,3,,True,True,no,moderate,low,high,low,1652.0,391.0,4.9,0.9,73.0,18.0,5.6,11.0,0.01,0.004,0.0,0.0,2,9,7,4,5,0,0,4,3,0
https://world.openfoodfacts.org/product/3256228436016/jus-de-fruits-et-legumes-u,3256228436016,Jus de fruits et légumes – U – 1 l,1 l,,U,"Beverages and beverages preparations, ,, Plant-based foods and beverages, ,, Beverages, ,, Vegetable-based foods and beverages, ,, Plant-based beverages, ,, Juices and nectars, ,, Vegetable-based beverages, ,, Vegetable juices","No added sugar, ,, Nutriscore, ,, Nutriscore Grade B, ,, Packaged in France",,,France,"French: Jus de pomme 45,8%, jus de courgette 19%, purée d'abricot 13%, purée de pêche 13%, jus de carotte 8,6%, jus de citron.",,,6,B,1,,True,True,yes,low,low,high,low,148.0,35.0,0.5,0.1,7.8,7.2,0.6,0.6,0.01,0.004,,100.0,2,8,6,2,6,0,0,0,0,6
https://world.openfoodfacts.org/product/4071800061665/pures-hafer-harry-bio,4071800061665,Pures Hafer – Harry Bio – 300 g,300 g,,Harry Bio,"Plant-based foods and beverages, ,, Plant-based foods, ,, Cereals and potatoes, ,, Seeds, ,, Cereals and their products, ,, Cereal grains, ,, Oat","Vegetarian, ,, Vegan",,,Germany,"German: HAFERkörner', Wasser, Sonnenblumenkerne', Leinsamen, Apfelessig, Kürbiskerne, Flohsamenschalenpulver (Psyllium)', HAFERflocken' , Speisesalz.",Gluten,,10,B,4,B,True,True,yes,moderate,moderate,low,moderate,1227.0,293.0,18.3333333333333,2.5,18.3333333333333,0.666666666666667,8.16666666666667,11.0,0.983333333333333,0.393333333333333,,,-4,5,9,,0,,4,4,5,0
https://world.openfoodfacts.org/product/5063210052318/beetroot-and-feta-salad-no1-waitrose,5063210052318,Beetroot And Feta Salad – No1 Waitrose,,,"No1 Waitrose, ,, Waitrose","Meals, ,, Prepared salads, ,, Beetroot and Feta Salad",,,,United Kingdom,"Cooked bulgur wheat (water, bulgur wheat), balsamic roasted beetroot wedges (15%) (beetroot, balsamic vinegar [wine vinegar, concentrated grape must], sugar, rapeseed oil, cornflour, salt, parsley, thyme), pickled beetroot (13%) (beetroot, water, cider vinegar, sugar, salt), green lentils, feta PDO cheese (sheep's milk, goat's milk) (12%), cooked white quinoa (water, white quinoa), cooked red quinoa (water, red quinoa), spinach, water, rapeseed oil, chives, sun dried tomatoes, sugar, sunflower oil, white wine vinegar, barley malt vinegar, lemon zest, salt, spirit vinegar, cornflour, black pepper, brown mustard seeds, parsley, garlic, basil, rosemary, garlic purée, tarragon, thyme, antioxidant (ascorbic acid) ALLERGY ADVICE:","Gluten, Milk, Mustard",,54,B,3,,True,True,no,moderate,moderate,low,moderate,606.0,145.0,6.4,2.1,16.0,4.6,24.0,4.7,0.66,0.264,,,1,7,6,1,1,2,3,1,5,0
https://world.openfoodfacts.org/product/3760293234014,3760293234014,4 x 25 cl,4 x 25 cl,,,"Beverages and beverages preparations, ,, Beverages, ,, Tea-based beverages",Made in France,,,France,"French: thé vert, citron, menthe",,,3,B,1,B,True,True,yes,,,,,,,,,,,,,,,,,2,2,0,1,1,0,0,0,0,0
https://world.openfoodfacts.org/product/8410184045285/arroz-largo-agulha-sabroz,8410184045285,Arroz Largo Agulha – Sabroz,,,Sabroz,"Plant-based foods and beverages, ,, Plant-based foods, ,, Cereals and potatoes, ,, Seeds, ,, Cereals and their products, ,, Cereal grains, ,, Rices, ,, Long grain rices",No colorings,Spain,,Spain,"Portuguese: Arroz longo extra agulha cozido 98% (água, arroz longo agulha vaporizado), óleo vegetal de girassol, sal, emulsionante: lecitina de girassol.",,,7,B,4,E,True,True,yes,low,low,low,low,602.0,142.0,1.7,0.2,29.0,0.5,1.5,2.3,0.2,0.08,,,1,1,0,,0,,0,0,0,0
https://world.openfoodfacts.org/product/3701002412057,3701002412057,750g,750g,,,"Dairies, ,, Fermented foods, ,, Fermented milk products, ,, Desserts, ,, Dairy desserts, ,, Fermented dairy desserts, ,, Yogurts",,,,France,"yaoURT à BOIRE SUCRÉ aromatisé GOÛT vanille SOURCE De calcium et De VITamine D Ingrédients: LAIT partiellement écrémé (Origine: France), sucre 7,1%, arôme naturel, concentré de minéraux du LAIT, ferments lactiques (LAIT), vitamine D. A consommer jusqu'au : voir sur le bouchon. Agiter avant consommation. À conserver entre 0°C et +6°C. A consommer dans les 3 jours après ouverture. Valeurs nutritionnelles moyennes pour 100 g Energie 252 kJ /",,,15,B,,B,False,True,yes,low,low,moderate,low,252.0,60.0,0.8,0.5,10.0,10.0,0.5,3.1,0.1,0.04,,0.0,1,2,1,0,2,0,0,1,0,0
https://world.openfoodfacts.org/product/5061013964135/nalu-zero-sugar,5061013964135,Nalu Zero Sugar,,,Nalu,"Beverages and beverages preparations, ,, Beverages, ,, Energy drinks",,,,Belgium,,,,,B,,,,,,low,,,low,4.0,1.0,0.0,,0.0,,,0.0,0.00015,6e-05,,,0,0,0,0,0,0,0,0,0,0
https://world.openfoodfacts.org/product/29430130/mushroom-bolognese-marks-and-spencer,29430130,Mushroom bolognese – Marks And Spencer,,,Marks & Spencers,"Meals, ,, Pasta dishes","Vegetarian, ,, Vegan",,,United Kingdom,"Cooked Pasta (37%) (Water - Durum Wheat Semolina) Tomatoes (20%) - Onions - Carrots Celery - Red Wine (4%) Mushrooms (3%) Vegetable Stock (Water - Onions Carrots - Leeks Yeast Extract - Kelp Shiitake Mushrooms Salt - Lemon Juice - Ground Bay Leaves Ground White Pepper Ground Thyme) Rapeseed Oil - Tomato Paste Cornflour. Shiitake Mushrooms - Garlic Purée Mushroom Stock (Mushrooms 25 mins Water Salt Sugar - Rapeseed Oil Dried Mushrooms) Parsley - Salt Sugar Cracked Black Pepper Thyme Ground Bay Leaves Dried Oregano. *Fortified with Calcium, Iron, Vitamins B3, B1 and Folic Acid. e film. entre of oven. and for",Gluten,,32,B,3,,False,True,yes,low,low,low,moderate,405.135135135135,95.0,2.59459459459459,0.189189189189189,14.5945945945946,3.0,1.35135135135135,2.89189189189189,0.394594594594595,0.157837837837838,0.0,,1,2,1,1,0,0,1,1,0,0
https://world.openfoodfacts.org/product/4335619059351/rijstwafels-sondey,4335619059351,RIJSTWAFELS – Sondey – 130 gram,130 gram,,Sondey,nl:B,"Nutriscore, ,, Nutriscore Grade B",,,Belgium,"Dutch: Rijst, zeezout",,,2,B,3,,True,True,yes,low,low,low,low,1585.0,379.0,2.5,0.6,79.5,0.5,3.4,8.0,0.245,0.098,,,1,5,4,4,0,0,1,3,1,0
https://world.openfoodfacts.org/product/8001440136986/ace-senza-zuccheri-aggiunti-yoga,8001440136986,ACE senza zuccheri aggiunti – Yoga,,,Yoga,"Beverages and beverages preparations, ,, Plant-based foods and beverages, ,, Beverages, ,, Plant-based beverages, ,, Fruit-based beverages, ,, Juices and nectars, ,, Fruit juices, ,, Fruit juices from concentrate",No added sugar,,,Italy,,,,,B,,E,,,,low,,moderate,low,50.0,12.0,0.0,,2.9,2.9,0.1,0.1,0.02,0.008,,,-3,3,6,1,2,0,0,0,0,6
https://world.openfoodfacts.org/product/4066447876383/rapsol-bio-dm,4066447876383,Rapsöl – Bio DM – 0.5l,0.5l,,"Bio DM, ,, Dm Bio Rapsöl kaltgepresst","Plant-based foods and beverages, ,, Plant-based foods, ,, Cereals and potatoes, ,, Fats, ,, Cereals and their products, ,, Vegetable fats, ,, Vegetable oils, ,, Cereal oils","Vegetarian, ,, Organic, ,, EU Organic, ,, Vegan, ,, DE-ÖKO-003",,,Germany,,,,,B,2,,,True,yes,high,high,low,low,3426.0,819.0,91.0,6.3,0.0,0.0,0.0,0.0,0.03,0.012,,,1,1,0,,0,,0,0,0,0
https://world.openfoodfacts.org/product/5060699971222/golden-lentil-dhal-leon,5060699971222,Golden lentil dhal – Leon – 250g,250g,,Leon,Lentil Dhal,"Vegetarian, ,, Vegan",,,United Kingdom,"Cooked Split Chickpeas (34%) [Water, Split Chickpeas], Cooked Red Split Lentils (21%) [Water, Red Split Lentils], Cooked Split Mung Beans (15%) [Water, Split Mung Beans], Coconut Cream (8%), Onions, Green Beans (6%), Tomato (4%), Vegetable Oil (Rapeseed and/or Sunflower), Garlic Puree, Salt, Turmeric Extract, MUSTARD Seeds, Lemon Juice, Coriander, Cornflour, Turmeric Powder, Cumin Seeds, Ground Coriander, Garam Masala Powder [Coriander, Cumin, Black Pepper, Cassia Cinnamon, Dill, Ginger, Cloves], Crushed Curry Leaf, Chilli Flakes, Thyme, Seasoning Powder [Ground Spices [Coriander, Fenugreek, Turmeric, Caraway, Cayenne Chilli, Cumin, Paprika, Black Pepper], Potato Starch, Salt, Rapeseed Oil, Garlic Powder], Black Pepper Powder.",Mustard,,52,B,4,,True,True,yes,moderate,moderate,low,moderate,334.0,80.0,3.1,1.6,8.5,1.0,2.6,3.2,1.425,0.57,,,2,8,6,0,0,1,7,1,0,5
https://world.openfoodfacts.org/product/6191435700383/organic-virgin-olive-oil-lahneya,6191435700383,Organic Virgin Olive Oil – Lahneya – 1 L,1 L,,Lahneya,"Plant-based foods and beverages, ,, Plant-based foods, ,, Fats, ,, Vegetable fats, ,, Olive tree products, ,, Vegetable oils, ,, Olive oils","Organic, ,, EU Organic, ,, Kosher, ,, Star-K Kosher",,,Tunisia,French: Olive,,,1,B,2,C,True,True,yes,moderate,moderate,low,low,502.0,120.0,14.0,2.0,0.0,0.0,0.0,0.0,0.0,0.0,0.0,,-4,1,5,,0,,0,0,0,5
https://world.openfoodfacts.org/product/7610700025079/original-krauter-ricola,7610700025079,Original Kräuter – Ricola – 75 g,75 g,,Ricola,"Snacks, ,, Sweet snacks, ,, Confectioneries, ,, Candies, ,, Hard candies","Vegetarian, ,, No gluten, ,, Vegan, ,, FSC, ,, FSC Mix, ,, No lactose",,,Germany,"sweetener (isomalt), herbal extract (1%) from the 13-herb mixture (ribwort, marshmallow*, peppermint*, thyme*, sage*, lady's coat*, elderflower*, cowslip*, yarrow*, beaver*, honorary prize*, mallow*, horehound*), colouring (caramel colour), sweetener (steviol glycosides from stevia), peppermint oil, mint oil, menthol",,,25,B,4,B,True,True,yes,low,low,low,low,988.0,237.0,0.0,0.0,98.0,0.0,,0.0,0.0,0.0,97.0,,2,2,0,2,0,0,0,0,0,0
https://world.openfoodfacts.org/product/4335619014121/bio-hummus-getrocknete-tomaten-chef-select,4335619014121,Bio Hummus Getrocknete Tomaten – Chef Select – 200 g,200 g,,Chef Select,"Plant-based foods and beverages, ,, Plant-based foods, ,, Condiments, ,, Spreads, ,, Plant-based spreads, ,, Salted spreads, ,, Sauces, ,, Dips, ,, Hummus","Vegetarian, ,, Organic, ,, EU Organic, ,, Vegan, ,, European Vegetarian Union, ,, European Vegetarian Union Vegan, ,, Nutriscore, ,, Nutriscore Grade B, ,, PL-EKO-01",,,Germany,German: chef select BiO HUMMUS GETROCKNETE TOMATEN NUTRI-SCORE BODE VEGAN 200g ΒΙΟ GLTY-4543,,,1,B,,A,False,True,yes,moderate,low,low,moderate,533.0,128.0,9.4,0.95,5.7,1.0,3.2,3.7,0.575,0.23,,,1,3,2,1,0,0,2,1,1,0
https://world.openfoodfacts.org/product/4335619151826/simply-soya-unsweetened-lidl,4335619151826,Simply soya unsweetened – Lidl – 1 litre,1 litre,,Lidl,"Beverages and beverages preparations, ,, Plant-based foods and beverages, ,, Beverages, ,, Plant-based foods, ,, Legumes and their products, ,, Dairy substitutes, ,, Milk substitutes, ,, Plant-based beverages, ,, Fruit-based beverages, ,, Plant-based milk alternatives, ,, Legume-based drinks, ,, Fruit and plant-milk beverages, ,, Soy-based drinks, ,, Fruit and soy beverages",No added sugar,"United Kingdom, ,, Great Britain",,United Kingdom,"Water, Soya Beans , Stabiliser: Gellan Gum; Salt. Allergy Advice",Soybeans,,5,B,4,A,True,True,yes,moderate,low,low,low,133.0,32.0,1.7,0.3,0.7,0.6,0.6,3.1,0.0775,0.031,,,-4,3,7,2,1,0,0,7,0,0
https://world.openfoodfacts.org/product/5601312103523/sardinhas-em-tomate-alva,5601312103523,Sardinhas em tomate – Alva – 120 g (85 g),120 g (85 g),,Alva,"Seafood, ,, Fishes and their products, ,, Canned foods, ,, Fishes, ,, Fatty fishes, ,, Canned fishes, ,, Sardines, ,, Canned sardines, ,, Sardines in tomato sauce","Green Dot, ,, Made in Portugal, ,, pt:Alto teor de ácidos gordos ómega-3, ,, pt:Ecoponto amarelo",,Portugal,Portugal,"Portuguese: Sardinha (Sardina pilchardus) 70,8%, Água, Concentrado de Tomate 7%, Óleo de Girassol e Sal.",Fish,None,6,B,3,E,True,False,no,moderate,moderate,low,moderate,664.0,159.0,9.4,2.9,2.3,1.0,,16.2,1.1,0.44,,,2,8,6,1,0,2,5,6,0,0
https://world.openfoodfacts.org/product/0036632024206/protein-shake-chocolate-oiko,0036632024206,Protein shake chocolate – Oiko – 12 oz,12 oz,,Oiko,"Dairies, ,, Milks (liquid and powder), ,, Milks",No gluten,,,United States,"Filtered water, milk protein concentrate, isolate, inulin, cocoa powder (processed with alkali), oil, high oleic sunflower oil, natural flavors, sea salt, stevia extract, gellan gum, sunflower lecithin, vitamin D3. Contains : milk .",Milk,,13,B,4,D,,True,no,low,low,low,low,200.0,47.0,0.985915492957746,0.704225352112676,2.25352112676056,0.0,1.40845070422535,8.45070422535211,0.147887323943662,0.0591549295774648,,,-4,3,7,3,0,0,0,7,0,0
https://world.openfoodfacts.org/product/4025500300319/muller,4025500300319,Müller – 200,200,,Müller,"Dairies, ,, Desserts, ,, Dairy desserts, ,, Chocolate desserts","Contains a source of phenylalanine, ,, Made in Belgium, ,, No added sugar",,,"Austria, ,, Germany","German: Wasser, Milcheiweiß , Magermilch - pulver, fettarmer Kakao, Sahne , Emulgator Mono - und Diglyceride von Speisefettsäuren, Speisegelatine (Rind), Säureregulator Natriumcitrate, natürliches Aroma, Speisesalz, Süßungsmittel Aspartam, Acesulfam K; Schaummittel Stickstoff. Enthält eine Phenylalaninquelle.",Milk,,17,B,4,,True,False,no,low,moderate,low,moderate,353.0,84.0,2.6,2.0,3.9,3.5,,10.0,0.43,0.172,,,1,5,4,1,1,1,2,4,0,0
https://world.openfoodfacts.org/product/4335619145924/triangolino-con-legumi-bio-organic,4335619145924,Triangolino con legumi – Bio Organic – 80g,80g,,Bio Organic,"Snacks, ,, Salty snacks, ,, Appetizers, ,, Chips and fries, ,, Crisps, ,, Corn chips, ,, it:Mini gallette, ,, it:Non fritti, ,, it:Senza glutine","No gluten, ,, Organic",,,Italy,"Italian: 58%Mais,30%legumi in proporzione variabile (piselli,fagioli,lenticchie,ceci), oli vegetali in proporzione variabile (girasole,mais), proteine di pisello,sale marino, estratto naturale di oliva. Da agricoltura biologica.",,,12,B,3,B,True,True,yes,moderate,moderate,low,moderate,1798.0,427.0,11.0,1.5,66.0,0.8,6.0,13.0,0.92,0.368,,25.5816666666667,2,10,8,5,0,1,4,5,3,0
https://world.openfoodfacts.org/product/4335619243125/high-protein-latte-scremato-uht-80-g-di-proteine-lidl-italia,4335619243125,High Protein - Latte scremato UHT 80 g di proteine – Lidl Italia,,,Lidl Italia,"Dairies, ,, Milks (liquid and powder), ,, Milks, ,, Homogenized milks, ,, Pasteurised products, ,, UHT Milks, ,, High digestible milk, ,, Lactose-free milk",No lactose,,,"Italy, ,, United States",,,,,B,,D,,,,low,low,moderate,low,221.0,53.0,0.1,0.0,5.0,5.0,0.0,8.0,0.0975,0.039,,,0,7,7,4,3,0,0,7,0,0
https://world.openfoodfacts.org/product/4335619007925/sondey,4335619007925,Sondey – 100g,100g,,Sondey,"Snacks, ,, Salty snacks, ,, Appetizers, ,, Biscuits and crackers, ,, Crackers (Appetizers), ,, Rice crackers",,,,Poland,,,,,B,,B,,,,low,low,low,low,1585.0,379.0,2.6,0.5,79.0,0.9,2.7,8.6,0.01,0.004,,,1,4,3,4,0,0,0,3,0,0
https://world.openfoodfacts.org/product/3760377770353/happeaz,3760377770353,happeaz – 200 g,200 g,,happeaz,"Meat alternatives, ,, Sandwiches, ,, Hamburgers, ,, Vegetarian balls, ,, Falafels","Vegetarian, ,, Fair trade, ,, Organic, ,, EU Organic, ,, No preservatives, ,, Vegan, ,, FR-BIO-01, ,, No additives, ,, No colorings, ,, Nutriscore, ,, Nutriscore Grade A, ,, AB Agriculture Biologique, ,, fr:Bio équitable en France",,,France,"INGRÉDIENTS Pois chiches, patate douce* 13%, farine de pois chiches, oignon, huile de tournesol oléique désodorisée*, ail, sel, psyllium blond"", poivre noir, gingembre (poudre), curcuma*, cumin (poudre)*.",,"Gluten, Soybeans",14,B,,A,False,True,yes,moderate,low,low,high,909.0,217.0,7.7,0.4,21.0,0.6,9.2,12.0,1.7,0.68,,,1,10,9,2,0,0,8,4,5,0
https://world.openfoodfacts.org/product/8410748900135/crema-calabaza-asada-aneto-natural,8410748900135,Crema Calabaza Asada – Aneto Natural – 500 ml,500 ml,,Aneto Natural,"Plant-based foods and beverages, ,, Plant-based foods, ,, Fruits and vegetables based foods, ,, Meals, ,, Soups, ,, Incorrect product type, ,, Vegetable soups, ,, Cream soups, ,, Cream of vegetable soups, ,, Cream of pumpkin soups, ,, Non-beauty-products, ,, Open-food-facts","Vegetarian, ,, No gluten, ,, Vegan, ,, FSC, ,, FSC Mix, ,, No eggs, ,, No lactose",,,Spain,"Spanish: Agua, calabaza 37% (calabaza 32%, calabaza asada 5%), cebolla, zanahoria, aceite de oliva virgen extra, sal marina, ajo, pimienta negra, apio .",Celery,,11,B,3,A,True,True,yes,low,low,low,moderate,139.0,33.0,1.6,0.2,3.2,2.8,1.3,0.8,0.61,0.244,,,2,3,1,0,0,0,3,0,0,1
https://world.openfoodfacts.org/product/5400141516111/tomatenpuree-dubbel-geconcentreerd-boni,5400141516111,Tomatenpuree dubbel geconcentreerd – Boni – 140g,140g,,Boni,"Plant-based foods and beverages, ,, Plant-based foods, ,, Fruits and vegetables based foods, ,, Vegetable-based foods and beverages, ,, Condiments, ,, Vegetables based foods, ,, Tomatoes and their products, ,, Prepared vegetables, ,, Purées, ,, Sauces, ,, Mashed vegetables, ,, Tomato sauces, ,, Tomato purées","Organic, ,, EU Organic, ,, IT-BIO-006, ,, Nutriscore, ,, Nutriscore Grade B",Italy,,Belgium,Dutch: 100% tomaten van biologische oorsprong,,,1,B,1,A,True,True,yes,low,low,high,moderate,389.0,93.0,1.0,0.2,15.0,15.0,2.3,4.8,0.4925,0.197,,,1,7,6,1,4,0,2,1,0,5
https://world.openfoodfacts.org/product/3036815458955,3036815458955,3036815458955,,,,"Meals, ,, Soups",,,,France,"Eau, carotte 14%, croûtons aux graines 6,2% (flocons d'avoine ( gluten ), riz soufflé, purée de tournesol, farine de lin, graines de lin 0,2%, sésame , graines de pavot 0,1%, sel, arôme naturel de romarin), pomme de terre réhydratée, pomme de terre, oignon réhydraté, jus de tomate à base de concentré, céleri-rave, chou-fleur, poireau 2,3%, courgette 1,2%, sel, beurre, huile de colza, cerfeuil, amidon, arômes naturels (contient lait). Peut contenir des traces de soja, moutarde, fruits à coque.","Gluten, Sesame seeds",,30,B,1,A,False,True,yes,low,low,low,moderate,243.0,58.0,1.7,0.3,7.7,1.6,1.7,2.1,0.6,0.24,,,2,2,0,0,0,0,2,0,0,0
https://world.openfoodfacts.org/product/3023290091838,3023290091838,2 x 140 g,2 x 140 g,,,"Dairies, ,, Fermented foods, ,, Fermented milk products, ,, Desserts, ,, Dairy desserts, ,, Fermented dairy desserts, ,, Fermented dairy desserts with fruits, ,, Fromages blancs - petit suisses and skyr, ,, Skyrs, ,, Fruit skyrs",,,,France,"Ingrédients : Lait pasteurisé à 2,2% de matières grasses (85,8%), abricot (5,9%), sucre de canne (5,0%), amidon, ferments lactiques (lait), arômes naturels, jus de citron concentré. Peut contenir des traces de : blé, seigle, avoine, noix, noisette.",,,15,B,,B,False,True,yes,low,low,moderate,low,375.0,89.0,1.9,1.4,9.0,8.4,,8.9,0.1,0.04,,,1,4,3,1,2,1,0,3,0,0
https://world.openfoodfacts.org/product/8904056503213,8904056503213,8904056503213,,,,Refined sunflower oil,,,,India,,,,,B,,,,,,moderate,low,,low,527.0,126.0,14.0,1.42,0.0,,,0.0,0.0,0.0,0.0,,2,2,0,1,0,1,0,0,0,0
https://world.openfoodfacts.org/product/7622202371882/philadelphia-protein-cottage-cheese,7622202371882,Philadelphia protein cottage cheese – 200 g,200 g,,Philadelphia,"Dairies, ,, Fermented foods, ,, Fermented milk products, ,, Cottage cheeses, ,, Kaas, ,, Roomkaas, ,, Smeerkaas, ,, Roomkaas",Vegetarian,,,Belgium,"French: LAIT écrémé, LAIT entier, CREME , sel, stabilisant (gomme guar).",Milk,,6,B,4,,True,True,no,low,moderate,low,moderate,337.0,80.0,2.5,1.7,3.0,3.0,,11.0,0.91,0.364,,0.0,2,6,4,1,0,1,4,4,0,0
https://world.openfoodfacts.org/product/3256229963535/l-abricot-sans-sucres-ajoutes-u,3256229963535,L'abricot sans sucres ajoutés – U – 280 g,280 g,,U,"Plant-based foods and beverages, ,, Plant-based foods, ,, Breakfasts, ,, Spreads, ,, Plant-based spreads, ,, Sweet spreads, ,, Fruit and vegetable preserves, ,, Jams, ,, Apricot jams","No added sugar, ,, Nutriscore, ,, Nutriscore Grade B, ,, Transformed in France",,,France,"French: Abricot, fibres végétales solubles, gélifiant : pectine, jus de citron concentré. Préparée avec 65 g de fruits pour 100 g de produit fini.",,,5,B,4,B,True,True,yes,low,low,high,low,635.0,150.0,0.5,0.1,32.0,27.0,8.0,0.7,0.1,0.04,,71.875,1,8,7,1,7,0,0,0,5,2
https://world.openfoodfacts.org/product/8480017317445/naturmundo,8480017317445,naturmundo,,,naturmundo,Juice,"Organic, ,, EU Organic, ,, No preservatives, ,, ES-ECO-020-CV, ,, Green Dot",,,Spain,,,,,B,,,,,,low,low,moderate,low,236.0,56.0,0.0,0.0,12.0,10.0,0.0,1.0,0.03,0.012,0.0,,2,2,0,0,2,0,0,0,0,0
https://world.openfoodfacts.org/product/3760020503833/muesli-chocolat-noir-et-graines-de-lin-jardin-bio-etic,3760020503833,Muesli chocolat noir et graines de lin – Jardin Bio étic – 375 g,375 g,"Plastic, ,, Bag, ,, Envelope, ,, Pouch flask, ,, fr:Sachet en plastique","Jardin Bio étic, ,, Jardin bio, ,, Léa Nature","Plant-based foods and beverages, ,, Plant-based foods, ,, Breakfasts, ,, Cereals and potatoes, ,, Cereals and their products, ,, Breakfast cereals, ,, Chocolate cereals, ,, Mueslis, ,, Mueslis with chocolate","Organic, ,, Certified by Ecocert, ,, EU Organic, ,, Non-EU Agriculture, ,, Omega-3, ,, 1% for the planet, ,, EU Agriculture, ,, EU/non-EU Agriculture, ,, FR-BIO-01, ,, Green Dot, ,, Made in France, ,, No palm oil, ,, Nutriscore, ,, Nutriscore Grade A, ,, AB Agriculture Biologique",,France,"France, ,, Morocco","Whole wheat flakes* 34%, crunchy cereals* [whole oat flakes* 13%, cane sugar*, Suniower ofl"", whole wheat flakes* 2%, puffed rice* (rice flour*, barley malt flour* , sea salt), wheat syrup*), barley flakes*, dark chocolate squares* 10% (cocoa mass*, cane sugar*, cocoa butter""), linseed* 9%, spelt flakes* 4,5%, puffed cereals with cocoa* 3,5% [rice*, cane sugar*, fat-reduced cocoa powder*, wheat flour* , oat flour*, barley flour*, chocolate* (cocoa paste*, cane sugar"", cocoa butter*, vanilla extract*), barley malt*, cocoa powder*, vanilla*). *Products from organic agriculture. May contain traces of soybeans , nuts and sesame seeds .",Gluten,"Nuts, Sesame seeds, Soybeans",33,B,3,A,False,True,yes,moderate,moderate,moderate,low,1668.0,397.0,11.0,3.3,58.0,11.0,11.0,11.0,0.03,0.012,,,1,10,9,4,3,3,0,4,5,0
https://world.openfoodfacts.org/product/5942326400674/aqua-carpatica-kids,5942326400674,aqua carpatica kids – 250 ml,250 ml,,aqua carpatica,"Beverages, ,, Waters",,,,Romania,Romanian: apă minerală,,,1,B,1,,True,True,yes,low,low,low,low,0.0,0.0,0.0,0.0,0.0,0.0,0.0,0.0,0.0,0.0,,,0,0,0,0,0,0,0,0,0,0
https://world.openfoodfacts.org/product/3222474748289/lait-demi-ecreme-casino,3222474748289,Lait Demi-écrémé – Casino – 1l,1l,"fr:1 bouchon à recycler, ,, fr:1 bouteille à recycler","Casino, ,, Casino Bio","Dairies, ,, Milks, ,, Homogenized milks, ,, Semi-skimmed milks, ,, UHT Milks, ,, Organic semi-skimmed milks","Organic, ,, EU Organic, ,, Calcium source, ,, EU Agriculture, ,, FR-BIO-01, ,, French agriculture, ,, French milk, ,, Green Dot, ,, Made in France, ,, Nutriscore, ,, Nutriscore Grade A, ,, AB Agriculture Biologique, ,, fr:Garantie IPLC, ,, fr:Origine France, ,, fr:Eco-emballages","France, ,, fr:Agriculture France","Laiterie Saint Père (Filiale du Groupement Les Mousquetaires) - Lieu dit La Claie - 44320 Saint-Père-en-Retz, ,, Loire-Atlantique, ,, Pays de la Loire, ,, France",France,French: Lait demi-écrémé issu de l'agriculture biologique.,Milk,,1,B,1,B,True,True,no,low,low,low,low,197.0,47.0,1.6,1.0,4.8,4.8,,3.3,0.09,0.036,,,-1,6,7,3,3,0,0,7,0,0
https://world.openfoodfacts.org/product/3266980034627/gesiers-de-canard-le-gaulois,3266980034627,Gésiers de Canard – Le gaulois – 300 g,300 g,"Plastic, ,, Cardboard, ,, Fresh",Le gaulois,"Meats and their products, ,, Meats, ,, Fish and meat and eggs, ,, Poultries, ,, Offals, ,, Ducks, ,, Gizzards, ,, Duck gizzards","Nutriscore, ,, Nutriscore Grade C",France,Sablé sur Sarthe,France,"French: Gésiers de canard 84,1%, graisse de canard 5%, sel, arômes naturels, conservateur : nitrite de sodium, antioxydant : érythorbate de sodium.",,,8,B,4,E,,False,no,moderate,low,low,moderate,673.0,160.0,6.5,1.4,0.0,0.0,0.0,25.0,1.4,0.56,,,2,9,7,2,0,1,6,7,0,0
https://world.openfoodfacts.org/product/26033976/huile-d-olive-vierge-extra-bellasan,26033976,Huile d'olive vierge extra – Bellasan – 1 l,1 l,"Plastic, ,, Bottle","Aldi, ,, Bellasan","Plant-based foods and beverages, ,, Plant-based foods, ,, Fats, ,, Vegetable fats, ,, Olive tree products, ,, Vegetable oils, ,, Olive oils, ,, Extra-virgin olive oils, ,, Virgin olive oils","Vegetarian, ,, Vegan, ,, Nutriscore",Spain,,France,French: Huile d'olive vierge extra.,,,1,B,2,D,True,True,yes,high,high,low,low,3765.0,900.0,100.0,13.0,0.0,0.0,,0.0,0.0,0.0,,,0,5,5,,0,,0,0,0,5
https://world.openfoodfacts.org/product/4000521017118/knusper-schoko-weniger-suss-dr-oetker,4000521017118,Knusper Schoko Weniger Süß – Dr. Oetker – 500 g,500 g,"Plastic, ,, Cardboard, ,, Non-corrugated cardboard","Dr. Oetker, ,, Vitalis","Plant-based foods and beverages, ,, Plant-based foods, ,, Breakfasts, ,, Cereals and potatoes, ,, Cereals and their products, ,, Breakfast cereals, ,, Chocolate cereals, ,, Mueslis, ,, Crunchy mueslis, ,, Mueslis with chocolate, ,, Crunchy mueslis with chocolate","Low or no sugar, ,, Low sugar, ,, Reduced sugar, ,, 30% less sugar, ,, Green Dot, ,, Nutriscore, ,, Nutriscore Grade B",,,Germany,"German: 56 % Vollkorn- HAFERFLOCKEN , 8,1% Sonnenblumenöl, Oligofruktose, 6,7% getrocknete WEIZENKEIME, Zucker, WEIZENVOLLKORNMEHL , Glukosesirup, 5,0 % VOLLMILCHSCHOKOLADE (Zucker, VOLLMILCHPULVER , Kakaomasse, Kakaobutter, SÜSSMOLKENPULVER , Emulgator (Lecithine)), Reismehl, 2,2 % fettarmes Kakaopulver, Aroma, Salz. Kann enthalten: SOJA , MANDELN , HASELNÜSSE , CASHEWKERNE , PEKANNÜSSE .","Gluten, Milk, de:gertenmalzextrakt, Gluten","Nuts, Soybeans, Nusse",19,B,4,B,True,,no,moderate,moderate,high,low,1815.0,434.0,15.0,2.6,57.0,14.0,14.0,12.0,0.09,0.036,,,1,10,9,5,3,2,0,4,5,0
https://world.openfoodfacts.org/product/7300400481625/produit-de-boulangerie-a-la-farine-complete-de-seigle-avec-des-graines-de-sesame-220g-wasa,7300400481625,Produit de boulangerie à la farine complète de seigle avec des graines de sésame 220g – Wasa – 220 g,220 g,"Plastic, ,, Cardboard, ,, Envelope",Wasa,"Plant-based foods and beverages, ,, Plant-based foods, ,, Snacks, ,, Cereals and potatoes, ,, Salty snacks, ,, Appetizers, ,, Cereals and their products, ,, Chips and fries, ,, Crisps, ,, Breads, ,, Crispbreads, ,, Crispbreads (wholemeal)",Organic,,Allemagne,"Belgium, ,, France, ,, Italy","French: Farine complète de SEIGLE 83 g*, GRAINES DE SÉSAME blanc 14 g*, flocons de BLÉ complet 8,1 g*, GRAINES DE SÉSAME noir 1,9 g*, sel, extrait de malt d' ORGE , amidon de maïs. *en g pour 100 g de produit. Peut contenir des traces de LUPIN , LAIT , MOUTARDE et SOJA .","Gluten, Sesame seeds","Lupin, Milk, Mustard, Soybeans",7,B,3,,True,True,yes,moderate,moderate,low,moderate,1601.0,382.0,10.0,1.6,52.0,1.5,20.0,11.0,1.2,0.48,,0.0,1,10,9,4,0,1,5,4,5,0
https://world.openfoodfacts.org/product/26022697/cerneaux-de-noix-trader-joe-s,26022697,Cerneaux de noix – Trader Joe's – 200 g,200 g,Plastic,Trader Joe's,"Plant-based foods and beverages, ,, Plant-based foods, ,, Nuts and their products, ,, Nuts, ,, Shelled nuts, ,, Walnuts, ,, Walnut kernels",,,Allemagne,France,French: noix .,Nuts,Nuts,1,B,1,E,True,True,yes,high,high,moderate,low,2786.0,666.0,63.0,5.7,11.0,6.9,,14.0,0.01,0.004,,,-2,3,5,,2,,0,5,0,0
https://world.openfoodfacts.org/product/3222471890387/lait-demi-ecreme-sterilise-uht-casino,3222471890387,Lait demi-écrémé stérilisé UHT – Casino – 1 l,1 l,"Bottle cap, ,, Brick, ,, Cardboard, ,, Wine cork, ,, SIG",Casino,"Dairies, ,, Milks, ,, Homogenized milks, ,, Semi-skimmed milks, ,, UHT Milks","Calcium source, ,, FSC, ,, FSC Mix, ,, Green Dot, ,, fr:Garantie IPLC, ,, Fsc-c020428, ,, fr:Eco-Emballages, ,, fr:Origine Française",France,"Société Laitière des Volcans d'Auvergne (SLVA) - Theix - 63122 Saint-Genès-Champanelle, ,, Puy-de-Dôme, ,, Auvergne, ,, France",France,French: Lait demi-écrémé stérilisé UHT.,Milk,,1,B,1,C,True,True,no,low,low,low,low,193.0,46.0,1.5,1.0,4.8,4.8,0.0,3.3,0.13,0.052,,,-1,6,7,3,3,0,0,7,0,0
https://world.openfoodfacts.org/product/3270160731152/6-batonnets-fruites-3-citron-3-orange-bio-par-picard,3270160731152,"6 Bâtonnets fruités 3 citron-3 orange – Bio par Picard – 348 g, 330 ml","348 g, 330 ml",fr:Etui en carton,"Bio par Picard, ,, Picard","Desserts, ,, Frozen foods, ,, Frozen desserts, ,, Ice creams and sorbets, ,, Sorbets, ,, Ice pops","Organic, ,, EU Organic, ,, Non-EU Agriculture, ,, EU Agriculture, ,, EU/non-EU Agriculture, ,, FR-BIO-01, ,, Nutriscore, ,, Nutriscore Grade C, ,, AB Agriculture Biologique",European Union and Non European Union,,France,"French: Bâtonnet sorbet plein fruit d'orange: eau, jus d'orange à base de concentré* 37%, sucre de canne*, jus de citron à base de concentré*, stabilisants (farine de graines de caroube, gomme guar), concentrés végétaux (carotte*, pomme* et cassis*), extrait d' orange 0,05%.

Bâtonnet sorbet plein fruit citron : eau, jus de citron à base de concentré* 21,6%, sucre de canne*, stabilisants (farine de graines de caroube, gomme guar), extrait de citron* 0,05%. *Issu de l'agriculture biologique.

Peut contenir des traces de: lait.",Orange,Milk,21,B,4,A,True,True,yes,low,low,high,low,317.0,76.0,0.5,0.1,18.0,17.0,0.0,0.5,0.01,0.004,,,2,4,2,0,4,0,0,0,0,2
https://world.openfoodfacts.org/product/3281780896190/pois-chiches-a-la-libanaise-pierre-martinet,3281780896190,Pois chiches à la libanaise – Pierre Martinet – 250 g,250 g,"Plastic, ,, Cardboard, ,, Sleeve, ,, Tray",Pierre Martinet,"Plant-based foods and beverages, ,, Plant-based foods, ,, Legumes and their products, ,, Legumes, ,, Seeds, ,, Legume seeds, ,, Meals, ,, Pulses, ,, Chickpeas, ,, Plant-based meals","Vegetarian, ,, No preservatives, ,, Source of fibre, ,, Vegan, ,, European Vegetarian Union, ,, European Vegetarian Union Vegan, ,, FSC, ,, FSC Mix, ,, High fibres, ,, Nutriscore, ,, Nutriscore Grade A, ,, fr:FSC C017110",,,France,"French: Pois chiches cuits 45% (pois chiches, eau, sel), légumes 31% (maïs 11%, oignons, poivrons 8,8%), semoule de blé dur réhydratée 5,9% (eau, semoule de blé dur), persil 4,4%, huile de colza, jus de citron à base de concentré, vinaigre d'alcool, basilic, menthe, épices, jus d'orange concentré, sel, épaississant : gomme xanthane. Traces éventuelles de moutarde .",Gluten,Mustard,22,B,4,A,True,True,yes,moderate,low,low,moderate,516.0,124.0,5.7,0.5,12.0,2.7,4.1,4.0,0.75,0.3,,,-1,3,4,,0,,3,1,1,2
https://world.openfoodfacts.org/product/3263853198868/cacahuetes-grillees-leader-price,3263853198868,Cacahuètes grillées – Leader Price – 125 g,125 g,,Leader Price,"Plant-based foods and beverages, ,, Plant-based foods, ,, Legumes and their products, ,, Legumes, ,, Nuts and their products, ,, Nuts, ,, Roasted nuts, ,, Peanuts, ,, Roasted peanuts","Low or no salt, ,, Green Dot, ,, No added salt",,,"France, ,, Martinique",,,,,B,,E,,,,high,high,moderate,low,2573.0,615.0,50.0,6.8,11.0,6.5,,26.0,0.0,0.0,,,-3,4,7,,1,,0,7,0,0
https://world.openfoodfacts.org/product/3261051670209/boeuf-bourguignon-pommes-de-terre-et-carottes-william-saurin,3261051670209,Bœuf bourguignon pommes de terre et carottes – William Saurin – 400 g (1 personne),400 g (1 personne),"Plastic, ,, Cardboard, ,, Seal, ,, Sleeve, ,, fr:Cocotte, ,, fr:Etui en carton, ,, fr:Opercule en plastique",William Saurin,"Meats and their products, ,, Meals, ,, Meals with meat, ,, Beef dishes, ,, Beef stews, ,, Microwave meals, ,, Bœufs bourguignons","No preservatives, ,, No colorings, ,, Nutriscore, ,, Nutriscore Grade A",European Union,"Soulié Restauration (Filiale William Saurin) - 392 Rue des Artisans - ZA Bel Air - 12000 Rodez, ,, Aveyron, ,, Midi-Pyrénées, ,, France",France,"precooked potato 26%/beef prepared in cured cured 23%/(salt,stabilizer:e451,e452),carrots 18%,water, red wine, onions, tomato concentrate, processed corn starch, pig's blood, flavourings (including milk , smoke flavours),sugar, shallots, salt, rapeseed oil, garlic, thyme, pepper",Milk,,23,B,4,,True,False,no,low,low,low,moderate,271.0,65.0,1.0,0.3,7.5,1.4,1.6,5.8,0.9,0.36,,,2,4,2,0,0,0,4,2,0,0
https://world.openfoodfacts.org/product/7610900016259/caffe-latte-strong-macchiato-unsweetened-emmi,7610900016259,Caffé Latte Strong Macchiato Unsweetened – Emmi – 230ml,230ml,Plastic,Emmi,"Beverages and beverages preparations, ,, Beverages, ,, Coffee drinks","Made in Swiss, ,, No lactose, ,, Nutriscore, ,, Nutriscore Grade B, ,, Rainforest Alliance",Schweiz,Suisse,"Germany, ,, Switzerland","German: Milch 82%, gebrühter Arabica-Kaffee 18%, Laktase.",Milk,,3,B,1,,True,,no,moderate,moderate,moderate,low,207.0,45.0,1.7,1.0,4.4,3.9,0.0,3.0,0.0,0.0,0.0,,0,6,6,3,3,0,0,6,0,0
https://world.openfoodfacts.org/product/5407003033045/chili-garlic-flavoured-oil-action,5407003033045,Chili & Garlic flavoured oil – Action – 500ml,500ml,Glass,Action,"Plant-based foods and beverages, ,, Plant-based foods, ,, Fats, ,, Vegetable fats, ,, Vegetable oils, ,, Flavoured oils",,,,"Belgium, ,, France, ,, Germany","German: Pflanzliche Öle: Sonnenblumenöl und Rapsöl (in veränderlichen Gewichtsanteilen), 0,4% Knoblauchgranulat, 0,4% getrocknete Chili, Aroma (Chili), natürliches Knoblauch-Aroma.",,,9,B,4,,,,maybe,high,high,low,low,3679.0,877.0,99.0,7.8,0.0,0.0,0.5,0.5,3e-05,1.2e-05,,,2,2,0,,0,,0,0,0,0
https://world.openfoodfacts.org/product/3564700564790/thon-a-la-catalane-x-2-marque-repere,3564700564790,Thon à la catalane x 2 – Marque Repère – 270 g,270 g,"Metal, ,, Canned, ,, Cardboard, ,, fr:Boîte en métal, ,, fr:Etui en carton","Marque Repère, ,, Pêche Océan","Seafood, ,, Fishes and their products, ,, Canned foods, ,, Fishes, ,, Fatty fishes, ,, Canned fishes, ,, Tunas, ,, Canned tunas, ,, Tuna in Catalan-style",,,,France,"French: Sauce 51,5% (eau ; concentré de tomates 13% ; huile de colza ; sucre ; vinaigre de vin rouge ; sel ; épaississants : gomme xanthane, gomme guar ; amidon de riz ; poivre ; arôme naturel), thon précuit 30%, cornichons saumurés 8,4% (cornichons, eau, vinaigre d'alcool, sel), carottes 7,5%, oignons 2,6%.
Traces de gluten et de moutarde .",Fish,"Gluten, Mustard",21,B,4,E,True,False,no,low,low,low,moderate,353.0,84.0,2.4,0.3,5.5,3.3,0.1,10.0,1.1,0.44,,,2,6,4,1,0,0,5,4,0,0
https://world.openfoodfacts.org/product/3596710405282/lait-demi-ecreme-auchan,3596710405282,Lait demi écrémé – Auchan – 1 l,1 l,"Plastic, ,, Bottle or vial, ,, Bottle",Auchan,"Dairies, ,, Milks (liquid and powder), ,, Milks, ,, Homogenized milks, ,, Pasteurised products, ,, Semi-skimmed milks, ,, UHT Milks, ,, ESL milks, ,, Semi-skimmed milk UHT","French milk, ,, Green Dot, ,, Nutriscore, ,, Nutriscore Grade A, ,, fr:Garantie IPLC, ,, Tidy man, ,, Triman",France,"Ingredia (Filiale Groupe La Prospérité Fermière) - Route d'Ostreville - Zone Industrielle - 62130 Saint-Pol-sur-Ternoise, ,, Pas-de-Calais, ,, Candia (Filiale Sodiaal International) - 1040 Route Nationale - 59400 Awoingt, ,, Nord, ,, Nord-Pas-de-Calais, ,, Candia (Filiale Sodiaal International) - Rue Saint-Martin - La Fondinais - 44750 Campbon, ,, Loire-Atlantique, ,, Pays de la Loire, ,, France","France, ,, World",French: LAIT demi-écrémé stérilisé UHT Elaboré à partir de lait origine France,Milk,,1,B,,C,False,True,yes,low,low,low,low,197.0,47.0,1.6,1.0,4.8,4.8,0.5,3.3,0.1,0.04,,,-1,6,7,3,3,0,0,7,0,0
https://world.openfoodfacts.org/product/3800233070897/organic-rice-cakes-rice-up,3800233070897,Organic Rice Cakes – RICE UP! – 120 g,120 g,,RICE UP!,"Plant-based foods and beverages, ,, Plant-based foods, ,, Cereals and potatoes, ,, Cereals and their products, ,, Puffed cereal cakes, ,, Puffed rice cakes","No gluten, ,, Vegetarian, ,, Non-EU Agriculture, ,, Vegan, ,, EU Agriculture, ,, EU/non-EU Agriculture, ,, Made in the EU",,,France,"French: riz brun à grains entiers* 93% (Italie), amarante* 2%, sarrasin* 1%, chanvre* 1%, chia (Salvia hispanica)* 0.5%, quinoa* 0.5%, millet* 0.5%, lin* 0.5%, sel de mer.",,,10,B,3,A,True,True,yes,low,low,low,moderate,1569.0,375.0,2.9,0.6,76.0,1.0,5.6,8.5,0.96,0.384,,,2,8,6,4,0,0,4,3,3,0
https://world.openfoodfacts.org/product/8431876264524/pan-de-50-centeno-y-semillas-de-sesamo-y-amapolas-carrefour,8431876264524,Pan de 50% centeno y semillas de sesamo y amapolas – Carrefour – 450 g,450 g,,Carrefour,"Plant-based foods and beverages, ,, Plant-based foods, ,, Cereals and potatoes, ,, Breads, ,, Rye breads",Organic,,,Spain,"Spanish: Harina de centeno (28%), harina de trigo , agua, levadura, semillas de sesamo (3,5%), semillas de amapola (3%), harina de malta tostada de cebada, azúcar, aceite de girasol (1,3%), masa madre de trigo inactiva, sal, vinagre de vino y conservador (propionato calcio). Puede contener trazas de soja .","Gluten, Sesame seeds, Soybeans",Soybeans,14,B,3,A,True,True,yes,moderate,moderate,low,moderate,1329.0,316.0,6.5,1.6,51.0,3.5,8.5,9.0,1.15,0.46,,,2,10,8,3,1,1,5,3,5,0
https://world.openfoodfacts.org/product/13791403/banh-pho-thuong-hang-psp,13791403,BÁNH PHÒ THUONG HANG – Psp,,,Psp,Boissons  Condiments  Sauces  Boissons avec sucre ajouté  groceries,,,,France,Traces: Sesame seeds,,Sesame seeds,,B,,,,,,low,low,low,low,1489.0,356.0,0.8,0.3,80.3,0.0,0.0,7.0,0.0,0.0,,,2,4,2,4,0,0,0,2,0,0
https://world.openfoodfacts.org/product/3596710055692/filets-de-sardines-a-l-huile-d-olive-vierge-extra-auchan,3596710055692,Filets de Sardines à l'huile d'olive Vierge Extra – Auchan – 0.07 kg,0.07 kg,Canned,Auchan,"Seafood, ,, Fishes and their products, ,, Canned foods, ,, Fishes, ,, Fatty fishes, ,, Canned fishes, ,, Sardines, ,, Canned sardines, ,, Fish fillets, ,, Fish preparations, ,, Sardines in oil, ,, Sardine fillets, ,, Sardines in olive oil, ,, Fish (shelf stable), ,, Sardine fillets in olive oil","In braille, ,, Nutriscore, ,, Nutriscore Grade B, ,, Nutriscore Grade C",,,"France, ,, World","French: Filets de sardines ( POISSONS ) ( Sardina pilchardus ) 80%, huile d'olive vierge extra 19%, sel. Zone de pêche des sardines :océan Atlantique Centre-Est",Fish,,5,B,3,E,True,False,no,moderate,moderate,low,moderate,835.0,200.0,12.0,3.0,0.5,0.5,0.5,23.0,0.9,0.36,,,1,8,7,2,0,2,4,7,0,0
https://world.openfoodfacts.org/product/4004980507500/erdnusse-ungesalzen-ultje,4004980507500,Erdnüsse ungesalzen – Ültje – 200g,200g,Bag,"Ültje, ,, ültje","Plant-based foods and beverages, ,, Plant-based foods, ,, Legumes and their products, ,, Legumes, ,, Nuts and their products, ,, Nuts, ,, Roasted nuts, ,, Peanuts, ,, Roasted peanuts",,,,Germany,"peanuts , sunflower oil",Peanuts,Nuts,2,B,3,D,True,True,yes,high,high,moderate,low,2619.0,626.0,52.0,7.9,11.0,5.3,,25.0,0.05,0.02,,,-3,4,7,,1,,0,7,0,0
https://world.openfoodfacts.org/product/8411585465016/leche-semidesnatada-covap,8411585465016,Leche Semidesnatada – Covap – 1 l,1 l,Brick,Covap,"Dairies, ,, Milks (liquid and powder), ,, Milks, ,, Semi-skimmed milks, ,, Cow milks",Animal welfare,"Spain, ,, es:Cordoba","Pozoblanco (Córdoba), ,, España","France, ,, Spain",Spanish: Leche semidesnatada de vaca.,Milk,,1,B,1,C,True,True,no,low,low,low,low,192.0,46.0,1.6,1.1,4.8,4.8,,3.2,0.13,0.052,,,0,7,7,3,3,1,0,7,0,0
https://world.openfoodfacts.org/product/8437004314055/llet-desnatada-llet-nostra,8437004314055,Llet Desnatada – Llet Nostra – 1 l,1 l,,Llet Nostra,"Dairies, ,, Milks (liquid and powder), ,, Milks, ,, Skimmed milks, ,, Cow milks","Animal welfare, ,, Carbon Trust, ,, Carbon Trust Reducing CO2, ,, FSC, ,, FSC Mix, ,, Green Dot, ,, es:Recicla-amarillo",,,Spain,Catalan: Llet desnatada,Milk,,1,B,1,D,True,True,no,low,low,low,low,148.0,34.0,0.19,0.11,4.99,4.93,0.0,3.28,0.11,,,0.0,-2,5,7,2,3,0,0,7,0,0
https://world.openfoodfacts.org/product/3229820798141/risotto-petits-pois-et-graines-de-courge-bjorg,3229820798141,Risotto Petits pois et graines de courge – Bjorg – 250 g,250 g,,Bjorg,"Plant-based foods and beverages, ,, Plant-based foods, ,, Meals, ,, Rice dishes, ,, Risottos, ,, Vegetable risottos","Vegetarian, ,, Organic, ,, EU Organic, ,, No added sugar, ,, AB Agriculture Biologique",,,France,"French: Riz cuit 76% (eau, riz), Patate douce, Lait fermenté ( lait , ferments lactiques ), Petits pois 4,8%, Tofu (eau, fèves de soja, chlorure de magnésium), Fromage ( lait ), Graines de courge 1,2%, Amidon de maïs, Sel marin, Bouillon de légumes (sel, poireau, extrait de levure, tomate, persil, livèche, huile de tournesol, fenouil, poivre).","Milk, Soybeans",,26,B,3,B,True,True,no,low,low,low,moderate,493.0,118.0,1.4,0.6,22.0,0.9,1.3,3.8,0.48,0.192,,,2,3,1,1,0,0,2,1,0,0
https://world.openfoodfacts.org/product/3263855093697/lait-demi-ecreme-leader-price,3263855093697,Lait Demi-Écrémé – Leader Price – 1 l.,1 l.,"Plastic, ,, Bottle, ,, Bottle cap, ,, Wine cork","Leader Price, ,, DLP (Distribution Leader Price), ,, Groupe Casino","Dairies, ,, Milks, ,, Homogenized milks, ,, Semi-skimmed milks, ,, UHT Milks","Green Dot, ,, Made in France, ,, fr:Garantie IPLC, ,, fr:Eco-Emballages",,"Canelia Petit Fayt Beurre (Filiale Groupe Lactalis) - 49 Rue du Village - 59244 Petit-Fayt, ,, Nord, ,, Nord-Pas-de-Calais, ,, Société Laitière de Rodez (Filiale Groupe Lactalis) - Rue de la Prade - ZI de Cantaranne - 12850 Onet-le-Château, ,, Aveyron, ,, Midi-Pyrénées, ,, Société Laitière Montauban (Filiale Groupe Lactalis) - 25 Impasse de Maastricht - ZI Albasud - 82000 Montauban, ,, Tarn-et-Garonne, ,, Midi-Pyrénées, ,, France",France,French: Lait demi-écrémé stérilisé UHT.,Milk,,1,B,1,D,True,True,no,low,low,low,low,199.0,47.0,1.55,1.04,4.83,4.66,0.0,3.38,0.09,,,0.0,0,7,7,3,3,1,0,7,0,0
https://world.openfoodfacts.org/product/3229820793702/boissons-soja-vanille-bjorg,3229820793702,Boissons soja vanille – Bjorg – 3 x 25 cl,3 x 25 cl,,Bjorg,"Beverages and beverages preparations, ,, Plant-based foods and beverages, ,, Beverages, ,, Plant-based foods, ,, Legumes and their products, ,, Dairy substitutes, ,, Milk substitutes, ,, Plant-based beverages, ,, Plant-based milk alternatives, ,, Legume-based drinks, ,, Soy-based drinks, ,, Flavoured soy drinks enriched in calcium with sugar, ,, Sweetened beverages, ,, Vanilla soy-based drinks","Organic, ,, EU Organic, ,, Non-EU Agriculture, ,, EU Agriculture, ,, EU/non-EU Agriculture, ,, AB Agriculture Biologique",,,France,"French: Tonyu (eau, fèves de soja sans OGM décortiquées  (1,6%)), sucre de canne blond, arôme naturel de vanille, algue marine.",Soybeans,,6,B,4,A,True,True,yes,moderate,low,moderate,low,217.0,52.0,2.3,0.4,4.0,3.6,1.1,3.3,0.1,0.04,,,0,7,7,4,3,0,0,7,0,0
https://world.openfoodfacts.org/product/3564706520899/huile-d-olive-marque-repere,3564706520899,Huile d'olive – Marque Repère – 25 cl,25 cl,,"Marque Repère, ,, Rustica","Plant-based foods and beverages, ,, Plant-based foods, ,, Fats, ,, Vegetable fats, ,, Olive tree products, ,, Vegetable oils, ,, Olive oils, ,, Extra-virgin olive oils, ,, Virgin olive oils",,,,France,,,,,B,2,D,,,,high,high,low,low,3367.0,819.0,91.0,14.0,0.0,0.0,0.0,0.0,0.0,0.0,,,0,5,5,,0,,0,0,0,5
https://world.openfoodfacts.org/product/4388844298194/reiswaffeln-bio-meersalz-rewe,4388844298194,Reiswaffeln Bio Meersalz – Rewe – 100g,100g,,Rewe,"Plant-based foods and beverages, ,, Plant-based foods, ,, Cereals and potatoes, ,, Cereals and their products, ,, Puffed cereal cakes, ,, Puffed rice cakes, ,, Pflanzliche-lebensmittel-und-getränke","No gluten, ,, Organic, ,, EU Organic, ,, EG-Öko-Verordnung",,,Germany,"whole-grain rice' 98,65 %, sesame' , the sea salt 0,31 %, aphid-certified organic agriculture may contain traces of milk and soy , dry, 100 g, store at room temperature, %rm** average",Sesame seeds,"Milk, Soybeans",3,B,3,A,True,True,yes,moderate,low,low,moderate,1598.0,382.0,3.2,0.7,78.0,0.6,,8.6,0.32,0.128,,,2,5,3,4,0,0,1,3,0,0
https://world.openfoodfacts.org/product/3073781169065/spread-nature-nurishh,3073781169065,Spread Nature – Nurishh – 130 g,130 g,Jar,Nurishh,"Plant-based foods and beverages, ,, Plant-based foods, ,, Fats, ,, Spreads, ,, Plant-based spreads, ,, Salted spreads, ,, Spreadable fats, ,, Vegetable fats, ,, Margarines",,,,France,"French: Pâte de tournesol (eau, graines de tournesol 33%), fibre de bambou, jus de citron concentré, sel, citrates de calcium, vitamine B12. Peut contenir des traces de sésame .",,Sesame seeds,8,B,4,B,True,True,yes,moderate,moderate,low,moderate,920.0,223.0,18.5,2.5,4.0,1.0,6.1,7.0,0.9,0.36,,,0,5,5,,0,,4,2,3,0
https://world.openfoodfacts.org/product/20853600/bio-tofu-gerauchert-vemondo,20853600,Bio Tofu Geräuchert – Vemondo – 200 g,200 g,fr:Film plastique,Vemondo,"Plant-based foods and beverages, ,, Plant-based foods, ,, Legumes and their products, ,, Meat alternatives, ,, Meat analogues, ,, Tofu, ,, Smoked tofu","Vegetarian, ,, Organic, ,, EU Organic, ,, Source of proteins, ,, Vegan, ,, EU Agriculture, ,, European Vegetarian Union, ,, European Vegetarian Union Vegan, ,, High proteins, ,, NL-BIO-01",,Pays-Bas,"France, ,, Switzerland","61% soy beans, sea salt, stabilizer: calcium sulfate, beech wood smoke",Soybeans,,5,B,3,A,True,True,yes,moderate,low,low,high,510.0,122.0,6.4,1.0,0.4,0.1,3.3,14.2,1.6725,0.669,,,2,9,7,1,0,0,8,6,1,0
https://world.openfoodfacts.org/product/5010251426820/baked-beans-morrisons,5010251426820,Baked Beans – Morrisons – 410 g,410 g,"Metal, ,, Steel","Morrisons, ,, Savers","Plant-based foods and beverages, ,, Plant-based foods, ,, Fruits and vegetables based foods, ,, Legumes and their products, ,, Canned foods, ,, Legumes, ,, Seeds, ,, Vegetables based foods, ,, Canned plant-based foods, ,, Legume seeds, ,, Canned vegetables, ,, Pulses, ,, Common beans, ,, Canned legumes, ,, White beans, ,, Canned common beans, ,, Canned white common beans","Vegetarian, ,, Vegan",,,United Kingdom,"Haricot beans (44%), Water, Tomato purée (27%), Sugar, Paprika, Rapeseed oil, Clove extract, Cinnamon extract, Paprika Fructose-glucose syrup, Modified maize starch, Salt, Onion powtes Ingredie extract, Flavouring, Capsicum extract, Garlic oil.",,,15,B,4,A,True,True,yes,low,low,low,moderate,352.0,83.0,0.6,0.1,13.4,4.6,3.7,4.3,0.46,0.184,,,-2,5,7,,1,,2,1,1,5
https://world.openfoodfacts.org/product/3596710356768/rillettes-de-saumon-rose-du-pacifique-auchan,3596710356768,Rillettes de saumon rose du Pacifique – Auchan – 0.125 kg,0.125 kg,"Plastic, ,, Box, ,, Canned",Auchan,"Seafood, ,, Fishes and their products, ,, Fishes, ,, Meats and their products, ,, Spreads, ,, Fatty fishes, ,, Meats, ,, Prepared meats, ,, Salted spreads, ,, Rillettes, ,, Fish preparations, ,, Fish rillettes, ,, Salmon preparations, ,, Salmon rillettes, ,, Fish (shelf stable), ,, fr:Preparations-made-from-fish-meat","Nutriscore, ,, Nutriscore Grade B, ,, Triman",,,"France, ,, World","French: Saumon rose du Pacifique ( POISSON ) 40%, eau, huilede colza, thon listao ( POISSON ) 12%, fibres de bambou, arôme naturel ( POISSON ),blanc d' ŒUF en poudre, sel, protéines de LAIT , fibres de pomme deterre, arôme naturel de saumon ( POISSON ) épaississants :carraghénanes, farine de graines de caroube extraits d'épices.","Eggs, Fish, Milk",,15,B,4,,True,False,no,high,moderate,low,moderate,1095.0,264.0,22.0,1.8,0.5,0.5,2.2,15.0,0.9,0.36,,,2,8,6,3,0,1,4,6,0,0
https://world.openfoodfacts.org/product/20364700/krauterbonbons-original-zuckerfrei-riniel,20364700,Kräuterbonbons Original zuckerfrei – Riniel – 2 x 30 g = 60 g,2 x 30 g = 60 g,"Plastic, ,, Cardboard, ,, Paperboard, ,, de:81","Riniel, ,, Sweet Tec, ,, Amanie","Snacks, ,, Sweet snacks, ,, Confectioneries, ,, Candies, ,, de:Kräuterbonbons","Made in Germany, ,, No added sugar",,,"France, ,, Germany","sweetener: isomalt, caramel sugar syrup, colouring: sugar caramel, menthol, 0.1% herbal extract, natural peppermint flavor with other natural flavors, sweetener: stevioglycoside",,Milk,23,B,4,C,False,True,yes,low,low,low,low,970.0,232.0,0.0,0.0,96.699996948242,0.10000000149012,,0.0,0.0099999997764826,0.004,96.7,,2,2,0,2,0,0,0,0,0,0
https://world.openfoodfacts.org/product/20797218/leche-sin-lactosa-entera-milbona,20797218,Leche Sin lactosa Entera – Milbona – 1 Litro,1 Litro,"Plastic, ,, de:07",Milbona,"Beverages and beverages preparations, ,, Plant-based foods and beverages, ,, Beverages, ,, Dairies, ,, Plant-based foods, ,, Hot beverages, ,, Milks (liquid and powder), ,, Milks, ,, Coffees, ,, Capsules, ,, Coffee capsules, ,, Senseo-compatible coffee capsules","Fair trade, ,, Fairtrade International, ,, No lactose",,,"France, ,, Germany",100% arabica,,,1,B,1,,True,True,yes,,,,,,,,,,,,,,,,,-2,10,12,10,0,0,0,7,5,0
https://world.openfoodfacts.org/product/4250241201360/gemuse-ideen-gemuse-pilz-pfanne-iglo,4250241201360,Gemüse-Ideen Gemüse-Pilz Pfanne – iglo – 480 g,480 g,"Bag, ,, de:Produkt",iglo,"Plant-based foods and beverages, ,, Plant-based foods, ,, Fruits and vegetables based foods, ,, Vegetable-based foods and beverages, ,, Frozen foods, ,, Vegetables based foods, ,, Frozen plant-based foods, ,, Frozen vegetables","Vegetarian, ,, Vegan, ,, Green Dot, ,, Nutriscore, ,, Nutriscore Grade A, ,, PEFC",,,"Germany, ,, Switzerland","German: Gemüsemischung (57%) (Rosenkohl, grüne Bohnen, Karotten, Zwiebeln), Kartoffelspalten frittiert (20%) (Kartoffeln, Palmöl*, Traubenzucker), Champignons (11%), Stockschwämmchen (4%), Wasser, Salz, Knoblauch, Steinpilze (getrocknet und gemahlen), schwarzer Pfeffer, Reisstärke.

 *Dieses Produkt enthält zertifiziertes nachhaltiges Palmöl.",,,19,B,4,,False,True,yes,low,low,low,moderate,214.0,51.0,1.5,0.6,6.4,2.4,2.0,2.0,0.61,0.244,,,1,3,2,0,0,0,3,0,0,2
https://world.openfoodfacts.org/product/5010251535584/red-kidney-beans-morrisons,5010251535584,Red Kidney Beans – Morrisons – 400 g,400 g,"Metal Can, ,, Steel-tin",Morrisons,"Plant-based foods and beverages, ,, Plant-based foods, ,, Legumes and their products, ,, Canned foods, ,, Legumes, ,, Seeds, ,, Canned plant-based foods, ,, Legume seeds, ,, Pulses, ,, Common beans, ,, Canned legumes, ,, Red beans, ,, Canned common beans",,,Italy,United Kingdom,"Red kidney beans, Water, Antioxidant (ascorbic acid), Firming agent (calcium chloride)",,,6,B,4,A,True,True,yes,low,low,low,low,451.0,108.0,0.6,0.1,15.7,0.6,6.2,6.9,0.0,0.0,,,-5,2,7,,0,,0,2,3,2
https://world.openfoodfacts.org/product/7613312252994/maiswaffeln-lilibiggs,7613312252994,Maiswaffeln – Lilibiggs – 32g,32g,,"Lilibiggs, ,, Migros","Gepuffte Getreidewaffeln, ,, Gepuffte Maiswaffeln, ,, Getreide und Kartoffeln, ,, Getreideprodukte, ,, Pflanzliche Lebensmittel, ,, Pflanzliche Lebensmittel und Getränke",No added sugar,,,"Germany, ,, Switzerland","German: Mais, Meersalz 0.2% kann enthalten: Sesamsamen. | Galettes de Ingrédients: maïs, sel marin 0,2%. Peut tenir: graines de sésame. | Tondelli di gra - Murco. Ingredienti: granoturco, sale marino Può contenere: semi di sesamo. und trocken aufbewahren. server au frais et au sec. Conservare in luogo fresco e asciutto. 30g (4x32,5g) Nhrwerte vale Energle Energie Fett matières p davob gesättigh saturs di cul Kohlenhydrate davon Zucker Ballaststolle Salz sells *% der % de Capp",Sesame seeds,,17,B,,,False,True,yes,low,low,low,low,1610.0,385.0,0.7,0.0,86.0,0.6,0.5,8.4,0.27,0.108,,,2,5,3,4,0,0,1,3,0,0
https://world.openfoodfacts.org/product/17206008/burrito-buddy-hak,17206008,Burrito buddy – Hak,,,Hak,"Sandwiches, ,, Burritos","No gluten, ,, Vegetarian, ,, Vegan, ,, No lactose",,,"Belgium, ,, Germany",,,,,B,,E,,True,yes,low,low,low,moderate,313.0,75.0,0.40000000596046,0.10000000149012,10.60000038147,3.0999999046326,,4.5999999046326,0.43999999761581,0.176,,,1,2,1,0,0,0,2,1,0,0
https://world.openfoodfacts.org/product/3038355844700/blanquette-de-veau-william-saurin,3038355844700,Blanquette de veau – William Saurin – 400g,400g,"Canned, ,, fr:Boîte métal à recycler",William Saurin,"Canned foods, ,, Meals, ,, Meals with meat, ,, Beef dishes, ,, Potato dishes, ,, Canned meals, ,, Veal meat dishes, ,, Veal blanquettes, ,, Veal blanquettes with side dishes","No preservatives, ,, New recipe, ,, No palm oil, ,, Nutriscore, ,, fr:Cuisiné sans huile de palme, ,, fr:Info-Tri Point Vert, ,, fr:Viande d'origine contrôlée",,"William Saurin (WS) - 81 à 89 Avenue du Général Leclerc - 77400 Saint-Thibault-des-Vignes, ,, Seine-et-Marne, ,, Île-de-France, ,, France","France, ,, Germany","French: Eau, pommes de terre (dont conservateur : DISULFITES de sodium), viande de veau préparée en salaison précuite 22,5% (viande de veau, eau, stabilisants : triphosphates, polyphosphates, sel ),  carottes, champignons, oignons grelots, crème ( LAIT ), vin blanc, amidon modifié de maïs, huile de tournesol, amidon de riz, arômes (dont LAIT , CELERI ), sirop de glucose, sel, épaississants : farine de graines de caroube et  gomme guar; dextrose.

Total pommes  de terre et légumes mis en oeuvre : 45% 

Viande d'origine Union Européenne

Information allergènes : contient lait , céleri , sulfites et traces de gluten , œuf , moutarde , poissons , crustacés , mollusques","Celery, Eggs, Gluten, Milk, Sesame seeds, Sulphur dioxide and sulphites","Crustaceans, Eggs, Fish, Molluscs, Mustard",27,B,4,,True,False,no,moderate,low,low,moderate,317.0,84.0,3.2,1.2,6.7,0.2,1.7,6.2,0.7,0.28,,,2,4,2,0,0,1,3,2,0,0
https://world.openfoodfacts.org/product/5410106010189/basmati-bosto,5410106010189,Basmati – BOSTO – 4x 125g,4x 125g,"Cardboard, ,, Paperboard, ,, fr:Boîte carton",BOSTO,"Plant-based foods and beverages, ,, Plant-based foods, ,, Cereals and potatoes, ,, Seeds, ,, Cereals and their products, ,, Cereal grains, ,, Rices, ,, Aromatic rices, ,, Indica rices, ,, Long grain rices, ,, Basmati rices",No gluten,,,"Belgium, ,, Germany",basmati rice,,,1,B,1,D,True,True,yes,low,low,low,low,1456.0,348.0,0.8,0.2,76.8,0.0,1.0,8.0,0.04,0.016,,,0,3,3,,0,,0,3,0,0
https://world.openfoodfacts.org/product/5054781024828/basmati-micro-rice-asda,5054781024828,Basmati micro rice – Asda – 250g,250g,Packet,Asda,"Plant-based foods and beverages, ,, Plant-based foods, ,, Cereals and potatoes, ,, Seeds, ,, Cereals and their products, ,, Meals, ,, Cereal grains, ,, Rices, ,, Aromatic rices, ,, Indica rices, ,, Long grain rices, ,, Microwave meals, ,, Basmati rices",Vegetarian,,United Kingdom,United Kingdom,"Cooked Basmati Rice (99%) (Water, Basmati Rice), Sunflower Oil, Salt.",,,5,B,3,E,True,True,yes,low,low,low,low,606.0,145.0,0.8,0.0,31.0,0.4,2.0,2.9,0.1475,0.059,,,-1,0,1,,0,,0,1,0,0
https://world.openfoodfacts.org/product/4311501400036/edeka-bio-reiswaffeln-mit-meersalz-reiswaffeln,4311501400036,"Edeka Bio Reiswaffeln mit Meersalz, Reiswaffeln – 100g",100g,de:Kunststofffolie,Edeka,"Plant-based foods and beverages, ,, Plant-based foods, ,, Cereals and potatoes, ,, Cereals and their products, ,, Puffed cereal cakes, ,, Puffed rice cakes, ,, Pflanzliche-lebensmittel-und-getränke","Organic, ,, EU Organic, ,, EG-Öko-Verordnung",,,Germany,"German: 98 % Reis, 1% Sesam, 0,3 % Meersalz",Sesame seeds,"Milk, Soybeans",3,B,3,A,True,True,yes,low,low,low,moderate,1560.0,373.0,2.99,0.0,76.1,0.0,2.99,8.96,0.3,0.12,,,2,5,3,4,0,0,1,3,0,0
https://world.openfoodfacts.org/product/8480000108265/leche-fibra-baja-en-grasa-hacendado,8480000108265,Leche Fibra Baja en Grasa – Hacendado,,,Hacendado,"Beverages and beverages preparations, ,, Beverages, ,, Dairies, ,, Milks (liquid and powder), ,, Dairy drinks, ,, Milks, ,, Cow milks",,,,Spain,,,,,B,,D,,,,low,moderate,moderate,low,213.0,51.0,1.3,0.9,4.8,4.8,4.0,3.0,0.1,0.04,,,0,7,7,4,3,0,0,6,1,0
https://world.openfoodfacts.org/product/3596710024117/salade-de-thon-nicoise-auchan,3596710024117,Salade de thon niçoise – Auchan – 0.25 kg,0.25 kg,"Box, ,, Canned, ,, fr:Alu recyclable","Auchan, ,, L'oiseau","Seafood, ,, Fishes and their products, ,, Canned foods, ,, Meals, ,, Prepared salads, ,, Fish preparations, ,, Meals with fish, ,, Salads with fish, ,, Tuna salads, ,, Canned meals, ,, Tuna and vegetable salads, ,, Fish (shelf stable), ,, Vegetable salads, ,, fr:Salades nicoises","Green Dot, ,, Made in France, ,, Nutriscore, ,, Nutriscore Grade A, ,, fr:Alu recyclable, ,, fr:Eco-Emballages",FRANCE,"VIF Argent - VIF Very Innovative Food (Filiale Gendreau) - 40 Route de la Roche sur Yon - ZI de la Bégaudière - 85800 Saint-Gilles-Croix-de-Vie, ,, Vendée, ,, Pays de la Loire, ,, France","France, ,, World","French: Pomme de terre 26%, thon ( POISSON ) 20%, poivrons rouges 13%, haricots verts 8%, tomates 7.5%, eau, oignons 4.3%, olives noires 3.3% (olives, sel, fixateur de couleur : gluconate ferreux), huile de colza, vinaigre d'alcool, jus de citron, huile d'olive vierge extra, basilic 0.5%, sel, ail déshydraté épaississants : gomme xanthane et gomme guar poivre. Traces éventuelles de blé , d' oeufs , de lait et de moutarde .",Fish,"Eggs, Gluten, Milk, Mustard",21,B,4,,True,False,no,moderate,low,low,moderate,443.0,106.0,6.5,0.7,4.5,1.3,1.3,6.8,0.6,0.24,,38.3009159318048,1,3,2,1,0,0,2,2,0,0
https://world.openfoodfacts.org/product/3700260700050/salade-mexicaine-au-thon-saupiquet,3700260700050,Salade Mexicaine au thon – Saupiquet – 250g,250g,Boîte,Saupiquet,"Seafood, ,, Fishes and their products, ,, Fishes, ,, Fatty fishes, ,, Meals, ,, Prepared salads, ,, Tunas, ,, Meals with fish, ,, Salads with fish, ,, Tuna salads, ,, Mexican salads, ,, Vegetable salads, ,, Plats-préparés, ,, Plats-préparés-au-poisson, ,, Salades, ,, Salades-composées, ,, Salades-de-légumes",Petit pierre,France,France,France,"French: qat //vencu';NIS : Thon (Katsuwonus eau, haricots rouges 1 6%, carottes, haricots verts, tomates, poivrons de colza, vinaigre d'alcool/ sel, amidon modifié de mais, épices, piment fort, epaississant : gomme guar, arôme naturel, colorant : extrait de paprika",Fish,,20,B,4,D,False,False,no,low,low,low,moderate,334.0,80.0,2.5,0.2,5.8,2.1,3.0,7.1,1.0,0.4,,,2,4,2,0,0,0,4,2,0,0
